{"type":"FeatureCollection","features":[{"type":"Feature","properties":{"c":2,"s":"seg_42460105_42468403"},"geometry":{"type":"LineString","coordinates":[[-73.88827,40.64506],[-73.8877,40.64455]]}},{"type":"Feature","properties":{"c":2,"s":"seg_42460105_42468403"},"geometry":{"type":"LineString","coordinates":[[-73.88827,40.64506],[-73.8889,40.64563]]}},{"type":"Feature","properties":{"c":2,"s":"seg_7964524502_1257569840"},"geometry":{"type":"LineString","coordinates":[[-73.89653,40.62946],[-73.89659,40.62943],[-73.89725,40.629]]}},{"type":"Feature","properties":{"c":2,"s":"seg_42493957_42493960"},"geometry":{"type":"LineString","coordinates":[[-73.92058,40.65073],[-73.92059,40.65079],[-73.92062,40.6511]]}},{"type":"Feature","properties":{"c":2,"s":"seg_42493957_42493960"},"geometry":{"type":"LineString","coordinates":[[-73.92058,40.65073],[-73.92058,40.65066],[-73.92049,40.64983],[-73.92048,40.6497]]}},{"type":"Feature","properties":{"c":2,"s":"seg_42472058_42500825"},"geometry":{"type":"LineString","coordinates":[[-73.90745,40.63928],[-73.90738,40.63932],[-73.9072,40.63944],[-73.90714,40.63948],[-73.90698,40.63958],[-73.90681,40.63969],[-73.90674,40.63974]]}},{"type":"Feature","properties":{"c":2,"s":"seg_42472058_42500825"},"geometry":{"type":"LineString","coordinates":[[-73.90745,40.63928],[-73.90752,40.63923],[-73.90776,40.63908],[-73.90779,40.63906],[-73.90809,40.63886],[-73.90817,40.63881]]}},{"type":"Feature","properties":{"c":2,"s":"seg_42487446_42536026"},"geometry":{"type":"LineString","coordinates":[[-73.98849,40.64196],[-73.98841,40.64191],[-73.98817,40.64176],[-73.98665,40.64084],[-73.98638,40.64068],[-73.98629,40.64062]]}},{"type":"Feature","properties":{"c":2,"s":"seg_42487446_42536026"},"geometry":{"type":"LineString","coordinates":[[-73.98849,40.64196],[-73.98858,40.64201],[-73.98882,40.64215],[-73.99015,40.64296],[-73.99041,40.64311],[-73.9905,40.64316]]}},{"type":"Feature","properties":{"c":2,"s":"seg_42460288_42524065"},"geometry":{"type":"LineString","coordinates":[[-74.00372,40.62731],[-74.00364,40.62726],[-74.00204,40.6263],[-74.00198,40.62626],[-74.00186,40.62618],[-74.00162,40.62604],[-74.00152,40.62598]]}},{"type":"Feature","properties":{"c":2,"s":"seg_42460288_42524831"},"geometry":{"type":"LineString","coordinates":[[-74.00372,40.62731],[-74.00382,40.62737],[-74.00584,40.62859],[-74.00593,40.62864]]}},{"type":"Feature","properties":{"c":2,"s":"seg_42460320_42509550"},"geometry":{"type":"LineString","coordinates":[[-74.00963,40.62163],[-74.00954,40.62158],[-74.00953,40.62157],[-74.00937,40.62147],[-74.00759,40.6204],[-74.00752,40.62036],[-74.00743,40.6203]]}},{"type":"Feature","properties":{"c":2,"s":"seg_42460320_42509550"},"geometry":{"type":"LineString","coordinates":[[-74.00963,40.62163],[-74.00972,40.62169],[-74.01152,40.62277],[-74.01172,40.6229],[-74.01175,40.62291],[-74.01183,40.62297]]}},{"type":"Feature","properties":{"c":2,"s":"seg_42487928_42487932"},"geometry":{"type":"LineString","coordinates":[[-74.01612,40.6154],[-74.01604,40.61534],[-74.01401,40.61411],[-74.01393,40.61406]]}},{"type":"Feature","properties":{"c":2,"s":"seg_42487928_42487932"},"geometry":{"type":"LineString","coordinates":[[-74.01612,40.6154],[-74.01621,40.61545],[-74.01629,40.6155],[-74.0165,40.61563],[-74.01809,40.61658],[-74.01823,40.61667],[-74.01832,40.61672]]}},{"type":"Feature","properties":{"c":2,"s":"seg_42482069_42521887"},"geometry":{"type":"LineString","coordinates":[[-73.89938,40.65574],[-73.89929,40.65587],[-73.89902,40.65621],[-73.89898,40.65629],[-73.89896,40.65635],[-73.89895,40.6564],[-73.89894,40.65655],[-73.89898,40.6568]]}},{"type":"Feature","properties":{"c":2,"s":"seg_42482069_42521887"},"geometry":{"type":"LineString","coordinates":[[-73.89938,40.65574],[-73.89956,40.65552],[-73.90014,40.65477],[-73.9002,40.65469],[-73.90078,40.65431],[-73.90089,40.65425],[-73.90165,40.65375]]}},{"type":"Feature","properties":{"c":2,"s":"seg_42472088_42472093"},"geometry":{"type":"LineString","coordinates":[[-73.90962,40.63222],[-73.90953,40.63214],[-73.90894,40.63162]]}},{"type":"Feature","properties":{"c":2,"s":"seg_42472088_42472093"},"geometry":{"type":"LineString","coordinates":[[-73.90962,40.63222],[-73.90968,40.63228],[-73.91028,40.63282]]}},{"type":"Feature","properties":{"c":2,"s":"seg_42493987_42493995"},"geometry":{"type":"LineString","coordinates":[[-73.91741,40.62096],[-73.9174,40.62087],[-73.91734,40.62023],[-73.91728,40.61965],[-73.91727,40.61955]]}},{"type":"Feature","properties":{"c":2,"s":"seg_42493987_42493995"},"geometry":{"type":"LineString","coordinates":[[-73.91741,40.62096],[-73.91742,40.62102],[-73.91745,40.62128],[-73.91747,40.62149],[-73.91747,40.62151]]}},{"type":"Feature","properties":{"c":1,"s":"seg_42505791_42510369"},"geometry":{"type":"LineString","coordinates":[[-73.94023,40.65321],[-73.94014,40.65321],[-73.93994,40.65322],[-73.9396,40.65325],[-73.93937,40.65326],[-73.93926,40.65327]]}},{"type":"Feature","properties":{"c":1,"s":"seg_42505791_42510369"},"geometry":{"type":"LineString","coordinates":[[-73.94023,40.65321],[-73.94032,40.6532],[-73.94108,40.65315],[-73.94116,40.65315]]}},{"type":"Feature","properties":{"c":1,"s":"seg_42491856_42511753"},"geometry":{"type":"LineString","coordinates":[[-73.93547,40.62388],[-73.93542,40.62394],[-73.93534,40.62401],[-73.93525,40.62411],[-73.93499,40.62433]]}},{"type":"Feature","properties":{"c":1,"s":"seg_42491856_42511753"},"geometry":{"type":"LineString","coordinates":[[-73.93547,40.62388],[-73.93551,40.62381],[-73.93555,40.62371],[-73.93562,40.62357]]}},{"type":"Feature","properties":{"c":1,"s":"seg_42505571_42505573"},"geometry":{"type":"LineString","coordinates":[[-73.90905,40.6821],[-73.90927,40.68223]]}},{"type":"Feature","properties":{"c":1,"s":"seg_42505571_42505573"},"geometry":{"type":"LineString","coordinates":[[-73.90905,40.6821],[-73.90889,40.68201],[-73.90882,40.68197]]}},{"type":"Feature","properties":{"c":1,"s":"seg_42491730_42491734"},"geometry":{"type":"LineString","coordinates":[[-73.95811,40.64651],[-73.9581,40.64644],[-73.95806,40.64568],[-73.95804,40.6453]]}},{"type":"Feature","properties":{"c":1,"s":"seg_42491730_42491734"},"geometry":{"type":"LineString","coordinates":[[-73.95811,40.64651],[-73.95811,40.64658],[-73.95812,40.6469],[-73.95812,40.64694],[-73.95813,40.64715],[-73.95814,40.64743],[-73.95814,40.6475]]}},{"type":"Feature","properties":{"c":1,"s":"seg_42479194_1942055212"},"geometry":{"type":"LineString","coordinates":[[-73.91933,40.66496],[-73.91934,40.66513],[-73.91935,40.66526],[-73.91936,40.66537],[-73.91937,40.66551],[-73.9194,40.6657],[-73.91942,40.66579]]}},{"type":"Feature","properties":{"c":2,"s":"seg_42460776_42487360"},"geometry":{"type":"LineString","coordinates":[[-74.01887,40.6243],[-74.01886,40.62432],[-74.0188,40.62441],[-74.01878,40.62444],[-74.01789,40.6265],[-74.01785,40.6266]]}},{"type":"Feature","properties":{"c":2,"s":"seg_42460864_42460867"},"geometry":{"type":"LineString","coordinates":[[-73.97452,40.65022],[-73.97464,40.65019],[-73.97478,40.65014],[-73.97496,40.65006],[-73.97514,40.64997],[-73.97535,40.64983],[-73.97572,40.64957],[-73.9758,40.64952],[-73.97588,40.64947],[-73.97603,40.6494],[-73.97634,40.64928],[-73.97643,40.64924],[-73.97649,40.64922],[-73.97653,40.64921],[-73.9766,40.64918]]}},{"type":"Feature","properties":{"c":2,"s":"seg_42460864_42460867"},"geometry":{"type":"LineString","coordinates":[[-73.9766,40.64918],[-73.97669,40.64914],[-73.97741,40.64886],[-73.97749,40.64883]]}},{"type":"Feature","properties":{"c":2,"s":"seg_42460864_42460867"},"geometry":{"type":"LineString","coordinates":[[-73.97749,40.64883],[-73.97757,40.64879],[-73.97829,40.64851],[-73.97837,40.64848]]}},{"type":"Feature","properties":{"c":2,"s":"seg_42460864_42460867"},"geometry":{"type":"LineString","coordinates":[[-73.97837,40.64848],[-73.97845,40.64845],[-73.97911,40.64819],[-73.97917,40.64817],[-73.97925,40.64814]]}},{"type":"Feature","properties":{"c":2,"s":"seg_42460864_42460867"},"geometry":{"type":"LineString","coordinates":[[-73.97925,40.64814],[-73.97933,40.64811],[-73.97973,40.64795],[-73.98005,40.64782],[-73.98024,40.64776],[-73.98038,40.64771]]}},{"type":"Feature","properties":{"c":2,"s":"seg_42460864_42460867"},"geometry":{"type":"LineString","coordinates":[[-73.98038,40.64771],[-73.98051,40.64766],[-73.98067,40.6476],[-73.98121,40.6474],[-73.9819,40.64715],[-73.98198,40.6471],[-73.98204,40.64704]]}},{"type":"Feature","properties":{"c":1,"s":"seg_42478859_42484689"},"geometry":{"type":"LineString","coordinates":[[-73.98038,40.64771],[-73.98036,40.64761],[-73.98033,40.64749],[-73.98031,40.64739],[-73.98029,40.6473]]}},{"type":"Feature","properties":{"c":1,"s":"seg_42478859_42484689"},"geometry":{"type":"LineString","coordinates":[[-73.98038,40.64771],[-73.98039,40.64778],[-73.98046,40.64816],[-73.9807,40.64945],[-73.98072,40.64953]]}},{"type":"Feature","properties":{"c":2,"s":"seg_42460864_42460867"},"geometry":{"type":"LineString","coordinates":[[-73.98204,40.64704],[-73.98222,40.64697],[-73.98231,40.64693]]}},{"type":"Feature","properties":{"c":2,"s":"seg_42460864_42460867"},"geometry":{"type":"LineString","coordinates":[[-73.98231,40.64693],[-73.98308,40.64663]]}},{"type":"Feature","properties":{"c":2,"s":"seg_42460864_42460867"},"geometry":{"type":"LineString","coordinates":[[-73.98308,40.64663],[-73.98411,40.64623],[-73.98428,40.64616],[-73.9852,40.6458],[-73.98529,40.64577]]}},{"type":"Feature","properties":{"c":2,"s":"seg_42460867_42460870"},"geometry":{"type":"LineString","coordinates":[[-73.98529,40.64577],[-73.98537,40.64574],[-73.98548,40.64569],[-73.98561,40.64564],[-73.98596,40.64551],[-73.98765,40.64486],[-73.98799,40.64472],[-73.98826,40.64462],[-73.98833,40.64458]]}},{"type":"Feature","properties":{"c":2,"s":"seg_42460867_42460870"},"geometry":{"type":"LineString","coordinates":[[-73.98833,40.64458],[-73.9884,40.64455],[-73.98862,40.64441],[-73.98898,40.64418],[-73.98906,40.64413]]}},{"type":"Feature","properties":{"c":2,"s":"seg_42460867_42460870"},"geometry":{"type":"LineString","coordinates":[[-73.98906,40.64413],[-73.98914,40.64408],[-73.98934,40.64394],[-73.98971,40.64369],[-73.98978,40.64364]]}},{"type":"Feature","properties":{"c":2,"s":"seg_42460867_42460870"},"geometry":{"type":"LineString","coordinates":[[-73.98978,40.64364],[-73.98983,40.64361],[-73.99002,40.64348],[-73.99022,40.64335],[-73.99041,40.64322],[-73.9905,40.64316]]}},{"type":"Feature","properties":{"c":2,"s":"seg_42487446_42536026"},"geometry":{"type":"LineString","coordinates":[[-73.9905,40.64316],[-73.99061,40.64323],[-73.99084,40.64337],[-73.99256,40.64442],[-73.99281,40.64457],[-73.9929,40.64462]]}},{"type":"Feature","properties":{"c":2,"s":"seg_42460867_42460870"},"geometry":{"type":"LineString","coordinates":[[-73.9905,40.64316],[-73.99058,40.64311],[-73.99076,40.64299],[-73.99096,40.64285],[-73.99114,40.64273],[-73.99121,40.64269]]}},{"type":"Feature","properties":{"c":2,"s":"seg_42460897_42460898"},"geometry":{"type":"LineString","coordinates":[[-73.99121,40.64269],[-73.99127,40.64265],[-73.99186,40.64225],[-73.99193,40.6422]]}},{"type":"Feature","properties":{"c":2,"s":"seg_42460897_42460898"},"geometry":{"type":"LineString","coordinates":[[-73.99193,40.6422],[-73.99198,40.64217],[-73.99216,40.64205],[-73.9924,40.6419],[-73.99258,40.64177],[-73.99264,40.64173]]}},{"type":"Feature","properties":{"c":2,"s":"seg_42460897_42460898"},"geometry":{"type":"LineString","coordinates":[[-73.99264,40.64173],[-73.9927,40.64169],[-73.9929,40.64156],[-73.99329,40.6413],[-73.99336,40.64125]]}},{"type":"Feature","properties":{"c":2,"s":"seg_42460897_42460898"},"geometry":{"type":"LineString","coordinates":[[-73.99336,40.64125],[-73.99342,40.64121],[-73.99349,40.64116],[-73.99359,40.64109],[-73.99383,40.64094],[-73.994,40.64082],[-73.99408,40.64077]]}},{"type":"Feature","properties":{"c":2,"s":"seg_42460897_42460898"},"geometry":{"type":"LineString","coordinates":[[-73.99408,40.64077],[-73.99421,40.64068],[-73.99433,40.6406]]}},{"type":"Feature","properties":{"c":2,"s":"seg_42460897_42460898"},"geometry":{"type":"LineString","coordinates":[[-73.99433,40.6406],[-73.99443,40.64059],[-73.99476,40.64036],[-73.99479,40.64029]]}},{"type":"Feature","properties":{"c":2,"s":"seg_42460897_42460898"},"geometry":{"type":"LineString","coordinates":[[-73.99479,40.64029],[-73.99485,40.64025],[-73.99502,40.64014],[-73.99526,40.63998],[-73.99544,40.63986],[-73.99551,40.63981]]}},{"type":"Feature","properties":{"c":2,"s":"seg_42460897_42460898"},"geometry":{"type":"LineString","coordinates":[[-73.99551,40.63981],[-73.99557,40.63977],[-73.99615,40.63938],[-73.99623,40.63933]]}},{"type":"Feature","properties":{"c":2,"s":"seg_42460897_42460898"},"geometry":{"type":"LineString","coordinates":[[-73.99623,40.63933],[-73.99629,40.63929],[-73.99646,40.63918],[-73.9967,40.63902],[-73.99687,40.6389],[-73.99694,40.63885]]}},{"type":"Feature","properties":{"c":2,"s":"seg_42460897_42460898"},"geometry":{"type":"LineString","coordinates":[[-73.99694,40.63885],[-73.997,40.63881],[-73.99733,40.63859],[-73.99759,40.63842],[-73.99766,40.63837]]}},{"type":"Feature","properties":{"c":2,"s":"seg_42460897_42460898"},"geometry":{"type":"LineString","coordinates":[[-73.99766,40.63837],[-73.99772,40.63833],[-73.9979,40.63821],[-73.99812,40.63806],[-73.9983,40.63794],[-73.99837,40.63789]]}},{"type":"Feature","properties":{"c":2,"s":"seg_42460936_42460941"},"geometry":{"type":"LineString","coordinates":[[-73.99837,40.63789],[-73.99844,40.63785],[-73.99902,40.63746],[-73.99909,40.63741]]}},{"type":"Feature","properties":{"c":2,"s":"seg_42460936_42460941"},"geometry":{"type":"LineString","coordinates":[[-73.99909,40.63741],[-73.99915,40.63737],[-73.99933,40.63725],[-73.99955,40.63711],[-73.99973,40.63699],[-73.99981,40.63694]]}},{"type":"Feature","properties":{"c":2,"s":"seg_42460936_42460941"},"geometry":{"type":"LineString","coordinates":[[-73.99981,40.63694],[-73.99987,40.63689],[-74.00046,40.63651],[-74.00053,40.63647]]}},{"type":"Feature","properties":{"c":2,"s":"seg_42460936_42460941"},"geometry":{"type":"LineString","coordinates":[[-74.00053,40.63647],[-74.0006,40.63642],[-74.00078,40.63629],[-74.001,40.63614],[-74.00117,40.63603],[-74.00124,40.63598]]}},{"type":"Feature","properties":{"c":2,"s":"seg_42460936_42460941"},"geometry":{"type":"LineString","coordinates":[[-74.00124,40.63598],[-74.0013,40.63594],[-74.00188,40.63555],[-74.00196,40.6355]]}},{"type":"Feature","properties":{"c":2,"s":"seg_42460936_42460941"},"geometry":{"type":"LineString","coordinates":[[-74.00196,40.6355],[-74.00202,40.63546],[-74.00219,40.63534],[-74.00242,40.63518],[-74.0026,40.63507],[-74.00267,40.63502]]}},{"type":"Feature","properties":{"c":2,"s":"seg_42460936_42460941"},"geometry":{"type":"LineString","coordinates":[[-74.00267,40.63502],[-74.00274,40.63498],[-74.00332,40.63459],[-74.00339,40.63454]]}},{"type":"Feature","properties":{"c":2,"s":"seg_42460936_42460941"},"geometry":{"type":"LineString","coordinates":[[-74.00339,40.63454],[-74.00345,40.6345],[-74.00363,40.63438],[-74.00384,40.63424],[-74.00404,40.6341],[-74.00411,40.63406]]}},{"type":"Feature","properties":{"c":2,"s":"seg_42460936_42460941"},"geometry":{"type":"LineString","coordinates":[[-74.00411,40.63406],[-74.00418,40.63401],[-74.00443,40.63385],[-74.00447,40.63382],[-74.00475,40.63363],[-74.00483,40.63358]]}},{"type":"Feature","properties":{"c":2,"s":"seg_42460936_42460941"},"geometry":{"type":"LineString","coordinates":[[-74.00556,40.63308],[-74.00565,40.63303],[-74.0057,40.63299],[-74.00587,40.63288],[-74.0059,40.63286],[-74.00624,40.63263],[-74.00631,40.63258]]}},{"type":"Feature","properties":{"c":2,"s":"seg_42460936_42460941"},"geometry":{"type":"LineString","coordinates":[[-74.00556,40.63308],[-74.00547,40.63314],[-74.00526,40.63329],[-74.00507,40.63342],[-74.00488,40.63354],[-74.00483,40.63358]]}},{"type":"Feature","properties":{"c":2,"s":"seg_42460936_42460941"},"geometry":{"type":"LineString","coordinates":[[-74.00631,40.63258],[-74.00636,40.63255],[-74.0064,40.63252],[-74.00655,40.63242],[-74.00671,40.63231],[-74.00679,40.63226],[-74.00689,40.6322],[-74.0069,40.63219],[-74.00695,40.63216],[-74.00703,40.63211]]}},{"type":"Feature","properties":{"c":2,"s":"seg_42460936_42460941"},"geometry":{"type":"LineString","coordinates":[[-74.00703,40.63211],[-74.00709,40.63207],[-74.00767,40.63168],[-74.00774,40.63163]]}},{"type":"Feature","properties":{"c":2,"s":"seg_42460936_42460941"},"geometry":{"type":"LineString","coordinates":[[-74.00774,40.63163],[-74.00779,40.63159],[-74.00814,40.63136],[-74.00838,40.6312],[-74.00846,40.63115]]}},{"type":"Feature","properties":{"c":2,"s":"seg_42460936_42460941"},"geometry":{"type":"LineString","coordinates":[[-74.00846,40.63115],[-74.00851,40.63111],[-74.00876,40.63094],[-74.00885,40.63089],[-74.00912,40.63071],[-74.00922,40.63063]]}},{"type":"Feature","properties":{"c":2,"s":"seg_42460936_42460941"},"geometry":{"type":"LineString","coordinates":[[-74.00922,40.63063],[-74.00933,40.63056],[-74.00959,40.63039],[-74.00966,40.63034],[-74.00992,40.63017],[-74.01,40.63011]]}},{"type":"Feature","properties":{"c":2,"s":"seg_42460288_42524831"},"geometry":{"type":"LineString","coordinates":[[-74.00922,40.63063],[-74.00911,40.63057],[-74.00891,40.63045],[-74.00822,40.63003],[-74.00813,40.62997]]}},{"type":"Feature","properties":{"c":2,"s":"seg_42487339_4026460325"},"geometry":{"type":"LineString","coordinates":[[-74.00922,40.63063],[-74.00934,40.6307],[-74.01025,40.63125],[-74.01033,40.6313]]}},{"type":"Feature","properties":{"c":2,"s":"seg_42460936_42460941"},"geometry":{"type":"LineString","coordinates":[[-74.0107,40.62965],[-74.01077,40.6296],[-74.01113,40.62936],[-74.01136,40.6292],[-74.01143,40.62916]]}},{"type":"Feature","properties":{"c":2,"s":"seg_42460936_42460941"},"geometry":{"type":"LineString","coordinates":[[-74.0107,40.62965],[-74.01062,40.6297],[-74.01035,40.62988],[-74.01007,40.63007],[-74.01,40.63011]]}},{"type":"Feature","properties":{"c":2,"s":"seg_42460320_42509550"},"geometry":{"type":"LineString","coordinates":[[-74.01648,40.62577],[-74.0166,40.62584],[-74.01671,40.62591],[-74.01721,40.62621],[-74.01769,40.6265],[-74.01775,40.62654],[-74.01785,40.6266]]}},{"type":"Feature","properties":{"c":2,"s":"seg_42460320_42509550"},"geometry":{"type":"LineString","coordinates":[[-74.01648,40.62577],[-74.0164,40.62572],[-74.0163,40.62566],[-74.01611,40.62555],[-74.01436,40.62449],[-74.01416,40.62437],[-74.01412,40.62435],[-74.01403,40.62429]]}},{"type":"Feature","properties":{"c":2,"s":"seg_42460776_42487360"},"geometry":{"type":"LineString","coordinates":[[-74.01905,40.62362],[-74.01896,40.62384],[-74.01895,40.62385],[-74.01881,40.62415],[-74.01874,40.62422],[-74.01872,40.62425],[-74.01867,40.6243]]}},{"type":"Feature","properties":{"c":2,"s":"seg_42460776_42487360"},"geometry":{"type":"LineString","coordinates":[[-74.01938,40.6229],[-74.01933,40.623],[-74.0191,40.62351],[-74.01905,40.62362]]}},{"type":"Feature","properties":{"c":2,"s":"seg_42487928_42487932"},"geometry":{"type":"LineString","coordinates":[[-74.02445,40.62043],[-74.02435,40.62037],[-74.02415,40.62025],[-74.02373,40.61999],[-74.02366,40.61995]]}},{"type":"Feature","properties":{"c":2,"s":"seg_42487928_42487932"},"geometry":{"type":"LineString","coordinates":[[-74.02445,40.62043],[-74.02458,40.6205],[-74.02489,40.6207],[-74.02536,40.62098]]}},{"type":"Feature","properties":{"c":0,"s":"seg_42461379_588036479"},"geometry":{"type":"LineString","coordinates":[[-73.99041,40.70085],[-73.9902,40.70071],[-73.99013,40.70067],[-73.99004,40.7006],[-73.98995,40.70054],[-73.98986,40.70048],[-73.98964,40.70034],[-73.9892,40.70006],[-73.98912,40.7],[-73.98906,40.69996],[-73.989,40.69991],[-73.98895,40.69986],[-73.9889,40.6998],[-73.98886,40.69975],[-73.98881,40.69969],[-73.98878,40.69963],[-73.98874,40.69956],[-73.98873,40.69952],[-73.98871,40.69946],[-73.98869,40.69939],[-73.98868,40.69934],[-73.98868,40.69929],[-73.98868,40.69924],[-73.98868,40.69918],[-73.98872,40.69861],[-73.98873,40.69838],[-73.98877,40.6979]]}},{"type":"Feature","properties":{"c":1,"s":"seg_42469382_42504062"},"geometry":{"type":"LineString","coordinates":[[-73.96191,40.69819],[-73.96202,40.69817],[-73.96272,40.69806],[-73.96284,40.69804]]}},{"type":"Feature","properties":{"c":1,"s":"seg_42469382_42504062"},"geometry":{"type":"LineString","coordinates":[[-73.96191,40.69819],[-73.9618,40.69821],[-73.96112,40.69832],[-73.96105,40.69833]]}},{"type":"Feature","properties":{"c":2,"s":"seg_42487339_4026460325"},"geometry":{"type":"LineString","coordinates":[[-74.01894,40.63681],[-74.01904,40.63687],[-74.01973,40.63727],[-74.02028,40.63763],[-74.02068,40.6379],[-74.02096,40.63814],[-74.02098,40.63817],[-74.02103,40.63822]]}},{"type":"Feature","properties":{"c":2,"s":"seg_5666512607_2318552253"},"geometry":{"type":"LineString","coordinates":[[-73.93018,40.58449],[-73.93048,40.58446],[-73.93101,40.58441]]}},{"type":"Feature","properties":{"c":2,"s":"seg_42460776_42487360"},"geometry":{"type":"LineString","coordinates":[[-74.01782,40.62939],[-74.01784,40.62934],[-74.01806,40.62862]]}},{"type":"Feature","properties":{"c":2,"s":"seg_42460776_42487360"},"geometry":{"type":"LineString","coordinates":[[-74.01693,40.62882],[-74.01664,40.62958]]}},{"type":"Feature","properties":{"c":2,"s":"seg_42465789_42465785"},"geometry":{"type":"LineString","coordinates":[[-74.02354,40.63932],[-74.0234,40.63936],[-74.02331,40.63942],[-74.02313,40.63953],[-74.02303,40.63958],[-74.02293,40.63962],[-74.02281,40.63966],[-74.02273,40.63968],[-74.02261,40.6397]]}},{"type":"Feature","properties":{"c":3,"s":"seg_42487339_4026460325"},"geometry":{"type":"LineString","coordinates":[[-74.02354,40.63932],[-74.02367,40.63939],[-74.02461,40.63995],[-74.02564,40.64058],[-74.0257,40.64065]]}},{"type":"Feature","properties":{"c":2,"s":"seg_42493852_42493860"},"geometry":{"type":"LineString","coordinates":[[-73.98663,40.58368],[-73.9866,40.58358],[-73.98657,40.58349],[-73.98653,40.58339],[-73.98651,40.58331],[-73.98648,40.58323],[-73.98645,40.58315],[-73.98645,40.58312],[-73.98644,40.58307],[-73.98642,40.58297]]}},{"type":"Feature","properties":{"c":3,"s":"seg_5666512607_2318552253"},"geometry":{"type":"LineString","coordinates":[[-73.92841,40.58527],[-73.92793,40.58513],[-73.92713,40.58488]]}},{"type":"Feature","properties":{"c":3,"s":"seg_5666512607_2318552253"},"geometry":{"type":"LineString","coordinates":[[-73.92713,40.58488],[-73.92695,40.58489],[-73.92606,40.5849]]}},{"type":"Feature","properties":{"c":2,"s":"seg_42493957_42493960"},"geometry":{"type":"LineString","coordinates":[[-73.92062,40.6511],[-73.92074,40.6522]]}},{"type":"Feature","properties":{"c":2,"s":"seg_42463529_42463202"},"geometry":{"type":"LineString","coordinates":[[-73.88543,40.63017],[-73.88548,40.63018],[-73.88552,40.63019],[-73.88556,40.6302],[-73.88561,40.63022],[-73.88567,40.63025],[-73.88625,40.63077],[-73.88631,40.63085]]}},{"type":"Feature","properties":{"c":2,"s":"seg_42493957_42493960"},"geometry":{"type":"LineString","coordinates":[[-73.91998,40.64503],[-73.91997,40.64492],[-73.91995,40.6447]]}},{"type":"Feature","properties":{"c":2,"s":"seg_42493957_42493960"},"geometry":{"type":"LineString","coordinates":[[-73.91998,40.64503],[-73.91999,40.64514],[-73.92001,40.64537],[-73.92001,40.64539],[-73.92005,40.64575],[-73.92009,40.64616]]}},{"type":"Feature","properties":{"c":2,"s":"seg_42476536_42476545"},"geometry":{"type":"LineString","coordinates":[[-73.9454,40.71929],[-73.94532,40.71934],[-73.94435,40.71992],[-73.94421,40.72]]}},{"type":"Feature","properties":{"c":2,"s":"seg_42476536_42476545"},"geometry":{"type":"LineString","coordinates":[[-73.94421,40.72],[-73.94413,40.72005],[-73.94285,40.72079],[-73.94278,40.72084]]}},{"type":"Feature","properties":{"c":2,"s":"seg_42463529_42463202"},"geometry":{"type":"LineString","coordinates":[[-73.88643,40.63078],[-73.88635,40.63071],[-73.8863,40.63066],[-73.88578,40.63022],[-73.88574,40.63018],[-73.88572,40.63014],[-73.8857,40.6301],[-73.8857,40.63006],[-73.88571,40.63002],[-73.88572,40.62996]]}},{"type":"Feature","properties":{"c":2,"s":"seg_42487928_42487932"},"geometry":{"type":"LineString","coordinates":[[-74.02366,40.61995],[-74.02354,40.61988],[-74.02338,40.61978],[-74.02304,40.61958],[-74.02289,40.6195]]}},{"type":"Feature","properties":{"c":1,"s":"seg_42497773_42497777"},"geometry":{"type":"LineString","coordinates":[[-73.9985,40.69139],[-73.9984,40.69136],[-73.99814,40.6913]]}},{"type":"Feature","properties":{"c":1,"s":"seg_42497773_42497777"},"geometry":{"type":"LineString","coordinates":[[-73.9985,40.69139],[-73.99859,40.69141],[-73.99871,40.69144],[-73.99885,40.69148]]}},{"type":"Feature","properties":{"c":3,"s":"seg_42469045_42469047"},"geometry":{"type":"LineString","coordinates":[[-74.00036,40.59574],[-74.00042,40.59568],[-74.00061,40.59549]]}},{"type":"Feature","properties":{"c":2,"s":"seg_42487928_42487932"},"geometry":{"type":"LineString","coordinates":[[-74.02289,40.6195],[-74.02279,40.61944],[-74.02263,40.61934],[-74.0225,40.61926],[-74.02207,40.61899],[-74.02199,40.61895]]}},{"type":"Feature","properties":{"c":1,"s":"seg_42488967_42464054"},"geometry":{"type":"LineString","coordinates":[[-73.87648,40.68037],[-73.87658,40.68034],[-73.87734,40.68012],[-73.87741,40.6801]]}},{"type":"Feature","properties":{"c":1,"s":"seg_42488967_42464054"},"geometry":{"type":"LineString","coordinates":[[-73.87362,40.68118],[-73.8737,40.68115],[-73.87431,40.68099],[-73.87488,40.68083]]}},{"type":"Feature","properties":{"c":2,"s":"seg_42476536_42476545"},"geometry":{"type":"LineString","coordinates":[[-73.93762,40.72421],[-73.93771,40.72417],[-73.93786,40.72411],[-73.938,40.72405],[-73.93812,40.724],[-73.93829,40.72393],[-73.93845,40.72385]]}},{"type":"Feature","properties":{"c":2,"s":"seg_42476536_42476545"},"geometry":{"type":"LineString","coordinates":[[-73.94556,40.71953],[-73.94565,40.71947],[-73.94671,40.71884],[-73.94678,40.7188]]}},{"type":"Feature","properties":{"c":1,"s":"seg_597728022_597728004"},"geometry":{"type":"LineString","coordinates":[[-73.91552,40.67667],[-73.91574,40.67668],[-73.91612,40.6767],[-73.91636,40.67671],[-73.91646,40.67671]]}},{"type":"Feature","properties":{"c":2,"s":"seg_42464392_2356694542"},"geometry":{"type":"LineString","coordinates":[[-73.95289,40.57688],[-73.95278,40.57686],[-73.95192,40.57695]]}},{"type":"Feature","properties":{"c":3,"s":"seg_42464355_42490980"},"geometry":{"type":"LineString","coordinates":[[-73.95289,40.57688],[-73.95285,40.57677],[-73.95243,40.57461]]}},{"type":"Feature","properties":{"c":2,"s":"seg_42464392_2356694542"},"geometry":{"type":"LineString","coordinates":[[-73.95289,40.57688],[-73.95298,40.57687],[-73.95302,40.57687],[-73.95357,40.5768]]}},{"type":"Feature","properties":{"c":2,"s":"seg_42464355_42490980"},"geometry":{"type":"LineString","coordinates":[[-73.95289,40.57688],[-73.95291,40.57701],[-73.95293,40.57712],[-73.9533,40.57902],[-73.95334,40.5792],[-73.95335,40.57927]]}},{"type":"Feature","properties":{"c":2,"s":"seg_42464392_2356694542"},"geometry":{"type":"LineString","coordinates":[[-73.95192,40.57695],[-73.951,40.57705]]}},{"type":"Feature","properties":{"c":2,"s":"seg_42464392_2356694542"},"geometry":{"type":"LineString","coordinates":[[-73.951,40.57705],[-73.95057,40.5771],[-73.95009,40.57715]]}},{"type":"Feature","properties":{"c":2,"s":"seg_42464392_2356694542"},"geometry":{"type":"LineString","coordinates":[[-73.95009,40.57715],[-73.94916,40.57725]]}},{"type":"Feature","properties":{"c":2,"s":"seg_42464392_2356694542"},"geometry":{"type":"LineString","coordinates":[[-73.94916,40.57725],[-73.9488,40.57729],[-73.94824,40.57735]]}},{"type":"Feature","properties":{"c":2,"s":"seg_42464392_2356694542"},"geometry":{"type":"LineString","coordinates":[[-73.94824,40.57735],[-73.94749,40.57744],[-73.94737,40.57745],[-73.94727,40.57746]]}},{"type":"Feature","properties":{"c":2,"s":"seg_42464392_2356694542"},"geometry":{"type":"LineString","coordinates":[[-73.94629,40.57757],[-73.94537,40.57767]]}},{"type":"Feature","properties":{"c":2,"s":"seg_42464392_2356694542"},"geometry":{"type":"LineString","coordinates":[[-73.94537,40.57767],[-73.94446,40.57777]]}},{"type":"Feature","properties":{"c":2,"s":"seg_42464392_2356694542"},"geometry":{"type":"LineString","coordinates":[[-73.94446,40.57777],[-73.94434,40.57778],[-73.94362,40.57786],[-73.94351,40.57788]]}},{"type":"Feature","properties":{"c":2,"s":"seg_42464392_2356694542"},"geometry":{"type":"LineString","coordinates":[[-73.94259,40.57798],[-73.94229,40.57802],[-73.94219,40.57803],[-73.94166,40.57809]]}},{"type":"Feature","properties":{"c":2,"s":"seg_42464392_2356694542"},"geometry":{"type":"LineString","coordinates":[[-73.94166,40.57809],[-73.94075,40.57818]]}},{"type":"Feature","properties":{"c":2,"s":"seg_42464392_2356694542"},"geometry":{"type":"LineString","coordinates":[[-73.94075,40.57818],[-73.9406,40.5782],[-73.93974,40.57829]]}},{"type":"Feature","properties":{"c":2,"s":"seg_42464392_2356694542"},"geometry":{"type":"LineString","coordinates":[[-73.93887,40.57833],[-73.93856,40.57834],[-73.938,40.57836],[-73.93794,40.57836]]}},{"type":"Feature","properties":{"c":2,"s":"seg_42464392_2356694542"},"geometry":{"type":"LineString","coordinates":[[-73.93794,40.57836],[-73.93781,40.57836],[-73.93781,40.57836],[-73.93753,40.57837]]}},{"type":"Feature","properties":{"c":2,"s":"seg_42464392_2356694542"},"geometry":{"type":"LineString","coordinates":[[-73.93721,40.57838],[-73.93685,40.57838],[-73.93633,40.5784],[-73.93623,40.5784]]}},{"type":"Feature","properties":{"c":2,"s":"seg_42464392_2356694542"},"geometry":{"type":"LineString","coordinates":[[-73.93623,40.5784],[-73.93621,40.57837],[-73.93618,40.57835],[-73.93614,40.57834],[-73.93609,40.57833],[-73.9359,40.57833],[-73.93584,40.57834],[-73.93578,40.57836],[-73.93575,40.5784],[-73.93574,40.57844],[-73.93574,40.57848]]}},{"type":"Feature","properties":{"c":3,"s":"seg_42464392_2356694542"},"geometry":{"type":"LineString","coordinates":[[-73.93194,40.57814],[-73.93216,40.57813],[-73.93242,40.57812],[-73.93264,40.57812],[-73.93281,40.57811],[-73.93285,40.57811],[-73.9331,40.57811],[-73.93332,40.5781],[-73.93356,40.57809],[-73.93372,40.57809],[-73.93381,40.57809],[-73.93388,40.57809],[-73.93394,40.57808],[-73.93399,40.57825]]}},{"type":"Feature","properties":{"c":2,"s":"seg_42464407_42487026"},"geometry":{"type":"LineString","coordinates":[[-73.93194,40.57814],[-73.93206,40.57857],[-73.93217,40.57896],[-73.93207,40.57911],[-73.93211,40.57924],[-73.9322,40.57951],[-73.93232,40.57992],[-73.93233,40.57998],[-73.93261,40.58095],[-73.93279,40.58095],[-73.9334,40.58094],[-73.93411,40.58093],[-73.93475,40.58093]]}},{"type":"Feature","properties":{"c":1,"s":"seg_42464409_42490339"},"geometry":{"type":"LineString","coordinates":[[-73.93725,40.71279],[-73.93608,40.71308],[-73.93489,40.71337],[-73.93481,40.71339]]}},{"type":"Feature","properties":{"c":1,"s":"seg_42464409_42490339"},"geometry":{"type":"LineString","coordinates":[[-73.93725,40.71279],[-73.93826,40.71255],[-73.93832,40.71254]]}},{"type":"Feature","properties":{"c":2,"s":"seg_42484216_7712107371"},"geometry":{"type":"LineString","coordinates":[[-73.93729,40.71454],[-73.93624,40.71449],[-73.93538,40.71446],[-73.93529,40.71446]]}},{"type":"Feature","properties":{"c":2,"s":"seg_42484216_7712107371"},"geometry":{"type":"LineString","coordinates":[[-73.93729,40.71454],[-73.93869,40.71459],[-73.93875,40.71459]]}},{"type":"Feature","properties":{"c":1,"s":"seg_42464439_42491799"},"geometry":{"type":"LineString","coordinates":[[-73.94574,40.63101],[-73.9455,40.63078],[-73.94534,40.63063],[-73.94532,40.63061],[-73.94503,40.63034],[-73.94481,40.63012]]}},{"type":"Feature","properties":{"c":1,"s":"seg_42464439_42491799"},"geometry":{"type":"LineString","coordinates":[[-73.94574,40.63101],[-73.94608,40.63133],[-73.94639,40.63163],[-73.94648,40.63171]]}},{"type":"Feature","properties":{"c":1,"s":"seg_42464505_42481782"},"geometry":{"type":"LineString","coordinates":[[-73.94396,40.61682],[-73.9439,40.61688],[-73.94357,40.61726],[-73.94353,40.61731],[-73.94347,40.61738]]}},{"type":"Feature","properties":{"c":1,"s":"seg_42464505_42481782"},"geometry":{"type":"LineString","coordinates":[[-73.94396,40.61682],[-73.94404,40.61674],[-73.94443,40.61639],[-73.94449,40.61634],[-73.94455,40.61628],[-73.94468,40.61617],[-73.94483,40.61605]]}},{"type":"Feature","properties":{"c":1,"s":"seg_42467024_42469614"},"geometry":{"type":"LineString","coordinates":[[-73.98251,40.69365],[-73.98258,40.69365],[-73.98262,40.69366],[-73.98307,40.69368],[-73.98315,40.69368],[-73.98324,40.69369]]}},{"type":"Feature","properties":{"c":1,"s":"seg_42495632_42495636"},"geometry":{"type":"LineString","coordinates":[[-73.89722,40.67719],[-73.89724,40.67728],[-73.89727,40.67737],[-73.89731,40.67752],[-73.89736,40.67771],[-73.89742,40.67791],[-73.89743,40.67797],[-73.89745,40.67804],[-73.89747,40.6781]]}},{"type":"Feature","properties":{"c":1,"s":"seg_42495632_42495636"},"geometry":{"type":"LineString","coordinates":[[-73.89722,40.67719],[-73.8972,40.67714],[-73.89715,40.67693],[-73.89698,40.67625],[-73.89689,40.67589],[-73.89687,40.67581]]}},{"type":"Feature","properties":{"c":3,"s":"seg_42490584_42478936"},"geometry":{"type":"LineString","coordinates":[[-73.88108,40.68108],[-73.88107,40.68102],[-73.88099,40.68064],[-73.88071,40.67951],[-73.88069,40.67946],[-73.88066,40.67932],[-73.88064,40.67927],[-73.88061,40.67918]]}},{"type":"Feature","properties":{"c":2,"s":"seg_42469624_42469626"},"geometry":{"type":"LineString","coordinates":[[-73.96795,40.68372],[-73.96793,40.68363],[-73.96786,40.68324],[-73.96767,40.68223],[-73.96762,40.682],[-73.9676,40.68194],[-73.96756,40.68184]]}},{"type":"Feature","properties":{"c":2,"s":"seg_42469624_42469626"},"geometry":{"type":"LineString","coordinates":[[-73.96795,40.68372],[-73.96797,40.68382],[-73.96803,40.6841],[-73.96804,40.68414],[-73.96805,40.6842]]}},{"type":"Feature","properties":{"c":1,"s":"seg_1260335220_1260335264"},"geometry":{"type":"LineString","coordinates":[[-73.90776,40.67811],[-73.90771,40.67818],[-73.9077,40.6782],[-73.90765,40.67825],[-73.9076,40.6783],[-73.90753,40.67836],[-73.90747,40.67841]]}},{"type":"Feature","properties":{"c":1,"s":"seg_42465084_42468791"},"geometry":{"type":"LineString","coordinates":[[-73.90043,40.67713],[-73.90056,40.6772],[-73.90058,40.6772],[-73.90065,40.67725],[-73.90143,40.6777],[-73.90299,40.6786],[-73.90358,40.67895]]}},{"type":"Feature","properties":{"c":1,"s":"seg_42489210_42528437"},"geometry":{"type":"LineString","coordinates":[[-73.9548,40.61083],[-73.95471,40.61084],[-73.95405,40.61091],[-73.95376,40.61095],[-73.9536,40.61096]]}},{"type":"Feature","properties":{"c":1,"s":"seg_42489210_42528437"},"geometry":{"type":"LineString","coordinates":[[-73.9548,40.61083],[-73.9549,40.61082],[-73.95566,40.61073],[-73.95574,40.61073]]}},{"type":"Feature","properties":{"c":2,"s":"seg_42489678_42520476"},"geometry":{"type":"LineString","coordinates":[[-73.9547,40.61028],[-73.95461,40.61031],[-73.95382,40.61058],[-73.9537,40.61062],[-73.95354,40.61066]]}},{"type":"Feature","properties":{"c":2,"s":"seg_42489678_42520476"},"geometry":{"type":"LineString","coordinates":[[-73.9547,40.61028],[-73.95479,40.61024],[-73.95535,40.61004],[-73.95552,40.60998],[-73.9556,40.60995]]}},{"type":"Feature","properties":{"c":2,"s":"seg_5666512607_2318552253"},"geometry":{"type":"LineString","coordinates":[[-73.94961,40.58351],[-73.94858,40.58362],[-73.94843,40.58363]]}},{"type":"Feature","properties":{"c":1,"s":"seg_42465230_4207763060"},"geometry":{"type":"LineString","coordinates":[[-73.976,40.68346],[-73.97594,40.68345],[-73.97588,40.68343],[-73.97581,40.68342],[-73.97551,40.68337],[-73.97388,40.68303],[-73.97376,40.68301]]}},{"type":"Feature","properties":{"c":2,"s":"seg_42476119_42510722"},"geometry":{"type":"LineString","coordinates":[[-73.9863,40.66917],[-73.9862,40.66912],[-73.98583,40.66894],[-73.98485,40.66847],[-73.98449,40.66829],[-73.98404,40.66807],[-73.98394,40.66803]]}},{"type":"Feature","properties":{"c":2,"s":"seg_42488411_42496172"},"geometry":{"type":"LineString","coordinates":[[-73.9863,40.66917],[-73.98641,40.66922],[-73.98673,40.66938],[-73.98677,40.6694],[-73.98817,40.67008],[-73.98848,40.67023],[-73.98857,40.67027],[-73.98865,40.67032]]}},{"type":"Feature","properties":{"c":2,"s":"seg_42487613_42477334"},"geometry":{"type":"LineString","coordinates":[[-73.99284,40.66191],[-73.99294,40.66197],[-73.99496,40.66318],[-73.99504,40.66324]]}},{"type":"Feature","properties":{"c":2,"s":"seg_42487446_42536026"},"geometry":{"type":"LineString","coordinates":[[-74.00391,40.65127],[-74.00383,40.65122],[-74.00376,40.65118],[-74.00199,40.6501],[-74.00172,40.64994]]}},{"type":"Feature","properties":{"c":2,"s":"seg_42487446_42536026"},"geometry":{"type":"LineString","coordinates":[[-74.00391,40.65127],[-74.004,40.65132],[-74.00408,40.65137],[-74.0044,40.65156],[-74.00451,40.65163],[-74.00478,40.65179],[-74.0056,40.65229],[-74.00567,40.65233],[-74.00572,40.65236],[-74.00582,40.65242],[-74.00603,40.65254],[-74.00611,40.65259]]}},{"type":"Feature","properties":{"c":3,"s":"seg_42487339_4026460325"},"geometry":{"type":"LineString","coordinates":[[-74.0192,40.63656],[-74.01912,40.63651],[-74.01713,40.63529],[-74.01701,40.63522]]}},{"type":"Feature","properties":{"c":3,"s":"seg_42488830_42509512"},"geometry":{"type":"LineString","coordinates":[[-74.02264,40.62949],[-74.02255,40.62943],[-74.02248,40.62939],[-74.02059,40.62825],[-74.02041,40.62814],[-74.02038,40.62812],[-74.02028,40.62806]]}},{"type":"Feature","properties":{"c":3,"s":"seg_42488830_42509512"},"geometry":{"type":"LineString","coordinates":[[-74.02264,40.62949],[-74.02273,40.62954],[-74.02278,40.62957],[-74.02465,40.6307],[-74.02487,40.63083],[-74.02492,40.63085],[-74.02507,40.63085]]}},{"type":"Feature","properties":{"c":2,"s":"seg_42487928_42487932"},"geometry":{"type":"LineString","coordinates":[[-74.02621,40.62149],[-74.02614,40.62145],[-74.02589,40.6213],[-74.02536,40.62098]]}},{"type":"Feature","properties":{"c":2,"s":"seg_42487928_42487932"},"geometry":{"type":"LineString","coordinates":[[-74.02621,40.62149],[-74.02631,40.62155],[-74.02656,40.6217],[-74.02697,40.62195],[-74.02709,40.62202],[-74.0272,40.62209],[-74.028,40.62257],[-74.02825,40.62272],[-74.02836,40.62278]]}},{"type":"Feature","properties":{"c":1,"s":"seg_42485251_42502758"},"geometry":{"type":"LineString","coordinates":[[-74.03123,40.61572],[-74.03112,40.61603]]}},{"type":"Feature","properties":{"c":1,"s":"seg_42471463_42521324"},"geometry":{"type":"LineString","coordinates":[[-74.03123,40.61572],[-74.03126,40.61567],[-74.03148,40.61538],[-74.03153,40.61532]]}},{"type":"Feature","properties":{"c":2,"s":"seg_42487613_42477334"},"geometry":{"type":"LineString","coordinates":[[-73.99694,40.66438],[-73.99726,40.66459]]}},{"type":"Feature","properties":{"c":2,"s":"seg_42465789_42465785"},"geometry":{"type":"LineString","coordinates":[[-74.00567,40.65598],[-74.00561,40.65603],[-74.00515,40.65649],[-74.00509,40.65654]]}},{"type":"Feature","properties":{"c":2,"s":"seg_42465789_42465785"},"geometry":{"type":"LineString","coordinates":[[-74.00625,40.65542],[-74.0062,40.65547],[-74.00595,40.65571],[-74.00572,40.65593],[-74.00567,40.65598]]}},{"type":"Feature","properties":{"c":2,"s":"seg_42465789_42465785"},"geometry":{"type":"LineString","coordinates":[[-74.00684,40.65485],[-74.00678,40.65492],[-74.00663,40.65506],[-74.0063,40.65537],[-74.00625,40.65542]]}},{"type":"Feature","properties":{"c":2,"s":"seg_42465789_42465785"},"geometry":{"type":"LineString","coordinates":[[-74.0074,40.65431],[-74.00734,40.65437],[-74.00689,40.65481],[-74.00684,40.65485]]}},{"type":"Feature","properties":{"c":2,"s":"seg_42487446_42536026"},"geometry":{"type":"LineString","coordinates":[[-74.00802,40.65374],[-74.00795,40.6537],[-74.00787,40.65366],[-74.00746,40.65341],[-74.00659,40.65288],[-74.00656,40.65286],[-74.00631,40.65271],[-74.00623,40.65266]]}},{"type":"Feature","properties":{"c":2,"s":"seg_42465789_42465785"},"geometry":{"type":"LineString","coordinates":[[-74.00802,40.65374],[-74.00795,40.6538],[-74.0075,40.65422],[-74.00745,40.65427],[-74.0074,40.65431]]}},{"type":"Feature","properties":{"c":2,"s":"seg_42487446_42536026"},"geometry":{"type":"LineString","coordinates":[[-74.00802,40.65374],[-74.00823,40.65387],[-74.00834,40.65395]]}},{"type":"Feature","properties":{"c":2,"s":"seg_42465789_42465785"},"geometry":{"type":"LineString","coordinates":[[-74.00859,40.65319],[-74.00854,40.65324],[-74.00829,40.65348],[-74.00809,40.65367],[-74.00807,40.65369],[-74.00802,40.65374]]}},{"type":"Feature","properties":{"c":2,"s":"seg_42465789_42465785"},"geometry":{"type":"LineString","coordinates":[[-74.00918,40.65262],[-74.00912,40.65268],[-74.00865,40.65313],[-74.00859,40.65319]]}},{"type":"Feature","properties":{"c":2,"s":"seg_42465789_42465785"},"geometry":{"type":"LineString","coordinates":[[-74.00976,40.65206],[-74.0097,40.65211],[-74.00947,40.65234],[-74.00923,40.65258],[-74.00918,40.65262]]}},{"type":"Feature","properties":{"c":2,"s":"seg_42465789_42465785"},"geometry":{"type":"LineString","coordinates":[[-74.01033,40.6515],[-74.01028,40.65155],[-74.00981,40.65201],[-74.00976,40.65206]]}},{"type":"Feature","properties":{"c":2,"s":"seg_42465789_42465785"},"geometry":{"type":"LineString","coordinates":[[-74.01091,40.65094],[-74.01086,40.65099],[-74.01069,40.65114],[-74.01038,40.65145],[-74.01033,40.6515]]}},{"type":"Feature","properties":{"c":2,"s":"seg_42465789_42465785"},"geometry":{"type":"LineString","coordinates":[[-74.01149,40.65038],[-74.01144,40.65042],[-74.01096,40.65089],[-74.01091,40.65094]]}},{"type":"Feature","properties":{"c":2,"s":"seg_42465789_42465785"},"geometry":{"type":"LineString","coordinates":[[-74.01207,40.64981],[-74.01202,40.64986],[-74.01154,40.65033],[-74.01149,40.65038]]}},{"type":"Feature","properties":{"c":2,"s":"seg_42465789_42465785"},"geometry":{"type":"LineString","coordinates":[[-74.01265,40.64925],[-74.0126,40.6493],[-74.01247,40.64943],[-74.01212,40.64977],[-74.01207,40.64981]]}},{"type":"Feature","properties":{"c":2,"s":"seg_42465789_42465785"},"geometry":{"type":"LineString","coordinates":[[-74.01324,40.6487],[-74.01319,40.64874],[-74.0127,40.64921],[-74.01265,40.64925]]}},{"type":"Feature","properties":{"c":2,"s":"seg_42465789_42465785"},"geometry":{"type":"LineString","coordinates":[[-74.01383,40.64815],[-74.01378,40.6482],[-74.01329,40.64865],[-74.01324,40.6487]]}},{"type":"Feature","properties":{"c":2,"s":"seg_42465789_42465785"},"geometry":{"type":"LineString","coordinates":[[-74.01442,40.64758],[-74.01436,40.64764],[-74.01421,40.64778],[-74.01389,40.6481],[-74.01383,40.64815]]}},{"type":"Feature","properties":{"c":2,"s":"seg_42465789_42465785"},"geometry":{"type":"LineString","coordinates":[[-74.01497,40.647],[-74.01492,40.64706],[-74.01446,40.64753],[-74.01442,40.64758]]}},{"type":"Feature","properties":{"c":2,"s":"seg_42465789_42465785"},"geometry":{"type":"LineString","coordinates":[[-74.01558,40.64645],[-74.01551,40.64651],[-74.01502,40.64696],[-74.01497,40.647]]}},{"type":"Feature","properties":{"c":2,"s":"seg_42465789_42465785"},"geometry":{"type":"LineString","coordinates":[[-74.01615,40.64589],[-74.0161,40.64595],[-74.01591,40.64612],[-74.01562,40.64641],[-74.01558,40.64645]]}},{"type":"Feature","properties":{"c":2,"s":"seg_42465789_42465785"},"geometry":{"type":"LineString","coordinates":[[-74.01673,40.64533],[-74.01648,40.64555]]}},{"type":"Feature","properties":{"c":2,"s":"seg_42465789_42465785"},"geometry":{"type":"LineString","coordinates":[[-74.01731,40.64477],[-74.01726,40.64482],[-74.01673,40.64533]]}},{"type":"Feature","properties":{"c":2,"s":"seg_42465789_42465785"},"geometry":{"type":"LineString","coordinates":[[-74.01789,40.64421],[-74.01784,40.64425],[-74.0177,40.6444],[-74.01736,40.64472],[-74.01731,40.64477]]}},{"type":"Feature","properties":{"c":2,"s":"seg_42465789_42465785"},"geometry":{"type":"LineString","coordinates":[[-74.01848,40.64365],[-74.01843,40.6437],[-74.01794,40.64417],[-74.01789,40.64421]]}},{"type":"Feature","properties":{"c":2,"s":"seg_42465789_42465785"},"geometry":{"type":"LineString","coordinates":[[-74.01905,40.64308],[-74.019,40.64314],[-74.01886,40.64328],[-74.01853,40.64361],[-74.01848,40.64365]]}},{"type":"Feature","properties":{"c":2,"s":"seg_42465789_42465785"},"geometry":{"type":"LineString","coordinates":[[-74.02024,40.64195],[-74.02016,40.64202],[-74.01968,40.64248],[-74.01963,40.64253]]}},{"type":"Feature","properties":{"c":2,"s":"seg_42465789_42465785"},"geometry":{"type":"LineString","coordinates":[[-74.02084,40.64136],[-74.02076,40.64143]]}},{"type":"Feature","properties":{"c":2,"s":"seg_42465789_42465785"},"geometry":{"type":"LineString","coordinates":[[-74.0217,40.63987],[-74.02169,40.63991],[-74.02167,40.64007],[-74.02161,40.6403],[-74.02153,40.64054],[-74.02134,40.6409],[-74.02117,40.64115],[-74.02096,40.64143]]}},{"type":"Feature","properties":{"c":3,"s":"seg_42487613_42477334"},"geometry":{"type":"LineString","coordinates":[[-73.99726,40.66459],[-73.99734,40.66464],[-73.99801,40.66511],[-73.99873,40.66553],[-73.99884,40.6656]]}},{"type":"Feature","properties":{"c":2,"s":"seg_42465789_42465785"},"geometry":{"type":"LineString","coordinates":[[-74.00542,40.65674],[-74.00548,40.65669],[-74.00594,40.65624],[-74.00601,40.65618]]}},{"type":"Feature","properties":{"c":2,"s":"seg_42465789_42465785"},"geometry":{"type":"LineString","coordinates":[[-74.00601,40.65618],[-74.00607,40.65613],[-74.00654,40.65568],[-74.0066,40.65563]]}},{"type":"Feature","properties":{"c":2,"s":"seg_42465789_42465785"},"geometry":{"type":"LineString","coordinates":[[-74.0066,40.65563],[-74.00665,40.65558],[-74.0071,40.65514],[-74.00713,40.65512],[-74.00719,40.65506]]}},{"type":"Feature","properties":{"c":2,"s":"seg_42465789_42465785"},"geometry":{"type":"LineString","coordinates":[[-74.00719,40.65506],[-74.00725,40.655],[-74.00746,40.6548],[-74.00768,40.65459],[-74.00774,40.65453]]}},{"type":"Feature","properties":{"c":2,"s":"seg_42465789_42465785"},"geometry":{"type":"LineString","coordinates":[[-74.00834,40.65395],[-74.0084,40.65389],[-74.00859,40.65371],[-74.00888,40.65344],[-74.00893,40.65339]]}},{"type":"Feature","properties":{"c":2,"s":"seg_42487446_42536026"},"geometry":{"type":"LineString","coordinates":[[-74.00834,40.65395],[-74.00841,40.654],[-74.00845,40.65402],[-74.00862,40.65413],[-74.01013,40.65505],[-74.01041,40.65523],[-74.0105,40.65528]]}},{"type":"Feature","properties":{"c":2,"s":"seg_42465789_42465785"},"geometry":{"type":"LineString","coordinates":[[-74.00893,40.65339],[-74.00898,40.65334],[-74.00946,40.65288],[-74.00952,40.65283]]}},{"type":"Feature","properties":{"c":2,"s":"seg_42465789_42465785"},"geometry":{"type":"LineString","coordinates":[[-74.00952,40.65283],[-74.00957,40.65278],[-74.00977,40.65258],[-74.01004,40.65232],[-74.0101,40.65226]]}},{"type":"Feature","properties":{"c":2,"s":"seg_42465789_42465785"},"geometry":{"type":"LineString","coordinates":[[-74.0101,40.65226],[-74.01014,40.65221],[-74.01061,40.65176],[-74.01067,40.6517]]}},{"type":"Feature","properties":{"c":2,"s":"seg_42465789_42465785"},"geometry":{"type":"LineString","coordinates":[[-74.01067,40.6517],[-74.01072,40.65165],[-74.01091,40.65147],[-74.01121,40.6512],[-74.01126,40.65115]]}},{"type":"Feature","properties":{"c":2,"s":"seg_42465789_42465785"},"geometry":{"type":"LineString","coordinates":[[-74.01126,40.65115],[-74.01131,40.6511],[-74.01179,40.65064],[-74.01184,40.65059]]}},{"type":"Feature","properties":{"c":2,"s":"seg_42465789_42465785"},"geometry":{"type":"LineString","coordinates":[[-74.01184,40.65059],[-74.01189,40.65054],[-74.01234,40.65011],[-74.01238,40.65007],[-74.01243,40.65003]]}},{"type":"Feature","properties":{"c":2,"s":"seg_42465789_42465785"},"geometry":{"type":"LineString","coordinates":[[-74.01243,40.65003],[-74.01247,40.64998],[-74.01296,40.64951],[-74.01301,40.64946]]}},{"type":"Feature","properties":{"c":2,"s":"seg_42465789_42465785"},"geometry":{"type":"LineString","coordinates":[[-74.01301,40.64946],[-74.01305,40.64942],[-74.01353,40.64896],[-74.01359,40.6489]]}},{"type":"Feature","properties":{"c":2,"s":"seg_42465789_42465785"},"geometry":{"type":"LineString","coordinates":[[-74.01359,40.6489],[-74.01364,40.64886],[-74.01412,40.6484],[-74.01417,40.64835]]}},{"type":"Feature","properties":{"c":2,"s":"seg_42465789_42465785"},"geometry":{"type":"LineString","coordinates":[[-74.01417,40.64835],[-74.01422,40.6483],[-74.01438,40.64815],[-74.0147,40.64783],[-74.01475,40.64778]]}},{"type":"Feature","properties":{"c":2,"s":"seg_42465789_42465785"},"geometry":{"type":"LineString","coordinates":[[-74.01475,40.64778],[-74.0148,40.64773],[-74.01529,40.64728],[-74.01534,40.64723]]}},{"type":"Feature","properties":{"c":2,"s":"seg_42465789_42465785"},"geometry":{"type":"LineString","coordinates":[[-74.01534,40.64723],[-74.01539,40.64718],[-74.01587,40.64672],[-74.01593,40.64667]]}},{"type":"Feature","properties":{"c":2,"s":"seg_42465789_42465785"},"geometry":{"type":"LineString","coordinates":[[-74.01593,40.64667],[-74.01597,40.64662],[-74.01618,40.64643],[-74.01646,40.64616],[-74.01652,40.64611]]}},{"type":"Feature","properties":{"c":2,"s":"seg_42465789_42465785"},"geometry":{"type":"LineString","coordinates":[[-74.01652,40.64611],[-74.01656,40.64607],[-74.01687,40.64577]]}},{"type":"Feature","properties":{"c":2,"s":"seg_42465789_42465785"},"geometry":{"type":"LineString","coordinates":[[-74.01709,40.64555],[-74.01762,40.64504],[-74.01768,40.64499]]}},{"type":"Feature","properties":{"c":2,"s":"seg_42465789_42465785"},"geometry":{"type":"LineString","coordinates":[[-74.01768,40.64499],[-74.01772,40.64494],[-74.01794,40.64473],[-74.0182,40.64448],[-74.01825,40.64443]]}},{"type":"Feature","properties":{"c":2,"s":"seg_42465789_42465785"},"geometry":{"type":"LineString","coordinates":[[-74.01825,40.64443],[-74.0183,40.64438],[-74.01878,40.64391],[-74.01884,40.64386]]}},{"type":"Feature","properties":{"c":2,"s":"seg_42465789_42465785"},"geometry":{"type":"LineString","coordinates":[[-74.01884,40.64386],[-74.01888,40.64382],[-74.01933,40.64339],[-74.01936,40.64335],[-74.01942,40.6433]]}},{"type":"Feature","properties":{"c":2,"s":"seg_42465789_42465785"},"geometry":{"type":"LineString","coordinates":[[-74.01942,40.6433],[-74.01947,40.64326],[-74.01994,40.64279],[-74.01999,40.64274]]}},{"type":"Feature","properties":{"c":2,"s":"seg_42465789_42465785"},"geometry":{"type":"LineString","coordinates":[[-74.01999,40.64274],[-74.02004,40.6427],[-74.02054,40.64223],[-74.02061,40.64216]]}},{"type":"Feature","properties":{"c":2,"s":"seg_42465789_42465785"},"geometry":{"type":"LineString","coordinates":[[-74.02061,40.64216],[-74.02067,40.6421],[-74.0212,40.64157]]}},{"type":"Feature","properties":{"c":2,"s":"seg_42465789_42465785"},"geometry":{"type":"LineString","coordinates":[[-74.0212,40.64157],[-74.02137,40.64141],[-74.02181,40.64102]]}},{"type":"Feature","properties":{"c":2,"s":"seg_42465789_42465785"},"geometry":{"type":"LineString","coordinates":[[-74.02181,40.64102],[-74.02196,40.64088]]}},{"type":"Feature","properties":{"c":2,"s":"seg_42465789_42465785"},"geometry":{"type":"LineString","coordinates":[[-74.02246,40.64052],[-74.0231,40.64]]}},{"type":"Feature","properties":{"c":2,"s":"seg_42465789_42465785"},"geometry":{"type":"LineString","coordinates":[[-74.0231,40.64],[-74.02315,40.63996],[-74.02332,40.63978],[-74.0234,40.63967],[-74.02347,40.63957],[-74.02352,40.63946],[-74.02354,40.63932]]}},{"type":"Feature","properties":{"c":2,"s":"seg_42488830_42509512"},"geometry":{"type":"LineString","coordinates":[[-74.02779,40.63146],[-74.02769,40.63144],[-74.02523,40.63086],[-74.02507,40.63085]]}},{"type":"Feature","properties":{"c":2,"s":"seg_42488830_42509512"},"geometry":{"type":"LineString","coordinates":[[-74.02779,40.63146],[-74.02791,40.63149],[-74.03037,40.63208],[-74.03047,40.6321]]}},{"type":"Feature","properties":{"c":2,"s":"seg_42487901_42487905"},"geometry":{"type":"LineString","coordinates":[[-74.03106,40.62347],[-74.03095,40.62344],[-74.03092,40.62343],[-74.03056,40.62335],[-74.02908,40.62299],[-74.02882,40.62293],[-74.02849,40.62285],[-74.02836,40.62278]]}},{"type":"Feature","properties":{"c":2,"s":"seg_42487901_42487905"},"geometry":{"type":"LineString","coordinates":[[-74.03106,40.62347],[-74.03118,40.62349],[-74.03124,40.62351],[-74.03151,40.62357],[-74.03279,40.62387],[-74.03334,40.624],[-74.03365,40.62408],[-74.03374,40.6241]]}},{"type":"Feature","properties":{"c":2,"s":"seg_42488411_42496172"},"geometry":{"type":"LineString","coordinates":[[-73.99102,40.67146],[-73.99091,40.67141],[-73.99084,40.67137],[-73.99076,40.67133],[-73.99058,40.67125],[-73.99039,40.67115],[-73.9894,40.67068],[-73.98921,40.67059],[-73.98894,40.67046],[-73.98888,40.67043],[-73.98878,40.67038]]}},{"type":"Feature","properties":{"c":2,"s":"seg_42488411_42496172"},"geometry":{"type":"LineString","coordinates":[[-73.99102,40.67146],[-73.99113,40.67151],[-73.99144,40.67166],[-73.99281,40.67233],[-73.99291,40.67238],[-73.99301,40.67242],[-73.99313,40.67248],[-73.9933,40.67257],[-73.99338,40.6726]]}},{"type":"Feature","properties":{"c":2,"s":"seg_42466214_1372888770"},"geometry":{"type":"LineString","coordinates":[[-73.98543,40.67834],[-73.98534,40.67831],[-73.98502,40.67819],[-73.98463,40.67804],[-73.98438,40.67794],[-73.98417,40.67786],[-73.98321,40.67748],[-73.98311,40.67744]]}},{"type":"Feature","properties":{"c":1,"s":"seg_42466290_1372888911"},"geometry":{"type":"LineString","coordinates":[[-73.9807,40.68532],[-73.98062,40.68529],[-73.98037,40.6852],[-73.97891,40.68463],[-73.97876,40.68457],[-73.97866,40.68453],[-73.97849,40.68447],[-73.97839,40.68443]]}},{"type":"Feature","properties":{"c":1,"s":"seg_42466290_1372888911"},"geometry":{"type":"LineString","coordinates":[[-73.9807,40.68532],[-73.9808,40.68536],[-73.98104,40.68545],[-73.98218,40.6859],[-73.9826,40.68606],[-73.98266,40.68609]]}},{"type":"Feature","properties":{"c":2,"s":"seg_42493852_42493860"},"geometry":{"type":"LineString","coordinates":[[-73.98621,40.58227],[-73.98619,40.58219],[-73.98618,40.58214],[-73.98609,40.58184],[-73.98587,40.58113],[-73.98582,40.58094],[-73.98579,40.58087],[-73.98576,40.58078],[-73.98567,40.5807]]}},{"type":"Feature","properties":{"c":2,"s":"seg_42472573_42475212"},"geometry":{"type":"LineString","coordinates":[[-73.87574,40.68855],[-73.87565,40.68859]]}},{"type":"Feature","properties":{"c":2,"s":"seg_42472573_42475212"},"geometry":{"type":"LineString","coordinates":[[-73.87574,40.68855],[-73.8758,40.68852],[-73.87585,40.6885],[-73.8759,40.68848]]}},{"type":"Feature","properties":{"c":2,"s":"seg_42476536_42476545"},"geometry":{"type":"LineString","coordinates":[[-73.94146,40.722],[-73.9417,40.72183],[-73.94188,40.72171],[-73.94196,40.72165]]}},{"type":"Feature","properties":{"c":2,"s":"seg_42469382_42504062"},"geometry":{"type":"LineString","coordinates":[[-73.96674,40.69768],[-73.96578,40.69764]]}},{"type":"Feature","properties":{"c":2,"s":"seg_42469382_42504062"},"geometry":{"type":"LineString","coordinates":[[-73.96674,40.69768],[-73.96763,40.69772],[-73.96774,40.69772]]}},{"type":"Feature","properties":{"c":1,"s":"seg_42467024_42469614"},"geometry":{"type":"LineString","coordinates":[[-73.96591,40.69345],[-73.966,40.69344],[-73.96679,40.69335],[-73.96688,40.69334]]}},{"type":"Feature","properties":{"c":1,"s":"seg_42467024_42469614"},"geometry":{"type":"LineString","coordinates":[[-73.96591,40.69345],[-73.96584,40.69346],[-73.9656,40.69349],[-73.96499,40.69356]]}},{"type":"Feature","properties":{"c":2,"s":"seg_42501872_42466432"},"geometry":{"type":"LineString","coordinates":[[-73.96519,40.68978],[-73.96528,40.68977],[-73.96603,40.68969],[-73.96613,40.68967]]}},{"type":"Feature","properties":{"c":1,"s":"seg_42466454_42497784"},"geometry":{"type":"LineString","coordinates":[[-73.98483,40.68693],[-73.98477,40.68691],[-73.98454,40.68682],[-73.98384,40.68655],[-73.98376,40.68651],[-73.98368,40.68648],[-73.98294,40.6862],[-73.98274,40.68612],[-73.98266,40.68609]]}},{"type":"Feature","properties":{"c":1,"s":"seg_42466454_42497784"},"geometry":{"type":"LineString","coordinates":[[-73.98483,40.68693],[-73.98489,40.68695],[-73.98509,40.68703],[-73.9858,40.68731],[-73.98589,40.68734],[-73.98598,40.68738],[-73.98662,40.68762],[-73.98694,40.68775],[-73.987,40.68777]]}},{"type":"Feature","properties":{"c":2,"s":"seg_1691133695_1691133701"},"geometry":{"type":"LineString","coordinates":[[-73.97958,40.66086],[-73.97947,40.66081],[-73.97942,40.66078],[-73.97907,40.66061],[-73.97784,40.66002],[-73.9775,40.65986]]}},{"type":"Feature","properties":{"c":1,"s":"seg_597728043_597728029"},"geometry":{"type":"LineString","coordinates":[[-73.92378,40.67714],[-73.92467,40.67719],[-73.92476,40.6772]]}},{"type":"Feature","properties":{"c":2,"s":"seg_42506224_42506228"},"geometry":{"type":"LineString","coordinates":[[-74.01855,40.65099],[-74.01892,40.65062],[-74.01911,40.65044],[-74.01913,40.65042]]}},{"type":"Feature","properties":{"c":2,"s":"seg_42506224_42506228"},"geometry":{"type":"LineString","coordinates":[[-74.01855,40.65099],[-74.01828,40.65124],[-74.01797,40.65155]]}},{"type":"Feature","properties":{"c":1,"s":"seg_42473012_42521198"},"geometry":{"type":"LineString","coordinates":[[-74.01193,40.64699],[-74.01188,40.64705],[-74.0114,40.64751],[-74.01135,40.64755]]}},{"type":"Feature","properties":{"c":2,"s":"seg_42473045_42526708"},"geometry":{"type":"LineString","coordinates":[[-73.98991,40.6337],[-73.98987,40.63374],[-73.98938,40.63421],[-73.98933,40.63426]]}},{"type":"Feature","properties":{"c":1,"s":"seg_42482591_42533770"},"geometry":{"type":"LineString","coordinates":[[-73.97592,40.6085],[-73.976,40.60849],[-73.97676,40.60841],[-73.97685,40.6084]]}},{"type":"Feature","properties":{"c":1,"s":"seg_42482591_42533770"},"geometry":{"type":"LineString","coordinates":[[-73.97592,40.6085],[-73.97583,40.60851],[-73.97507,40.6086],[-73.97499,40.6086]]}},{"type":"Feature","properties":{"c":1,"s":"seg_42466929_42516233"},"geometry":{"type":"LineString","coordinates":[[-73.93779,40.69669],[-73.93789,40.69668],[-73.93856,40.6966],[-73.93883,40.69657],[-73.94006,40.69643],[-73.94059,40.69637],[-73.94071,40.69635]]}},{"type":"Feature","properties":{"c":1,"s":"seg_42466929_42516233"},"geometry":{"type":"LineString","coordinates":[[-73.93779,40.69669],[-73.9377,40.6967],[-73.93586,40.69692],[-73.93544,40.69697],[-73.93529,40.69699]]}},{"type":"Feature","properties":{"c":2,"s":"seg_42469382_42504062"},"geometry":{"type":"LineString","coordinates":[[-73.97181,40.6979],[-73.97167,40.69789],[-73.97126,40.69787],[-73.97092,40.69786],[-73.97077,40.69785]]}},{"type":"Feature","properties":{"c":2,"s":"seg_42469382_42504062"},"geometry":{"type":"LineString","coordinates":[[-73.97181,40.6979],[-73.97192,40.6979],[-73.97281,40.69794]]}},{"type":"Feature","properties":{"c":1,"s":"seg_42467024_42469614"},"geometry":{"type":"LineString","coordinates":[[-73.97086,40.69317],[-73.97076,40.69317],[-73.96995,40.69314],[-73.96983,40.69313]]}},{"type":"Feature","properties":{"c":1,"s":"seg_42467024_42469614"},"geometry":{"type":"LineString","coordinates":[[-73.97086,40.69317],[-73.97098,40.69318],[-73.97179,40.69321],[-73.97187,40.69321]]}},{"type":"Feature","properties":{"c":2,"s":"seg_42501872_42466432"},"geometry":{"type":"LineString","coordinates":[[-73.97013,40.68951],[-73.97024,40.68951],[-73.97106,40.68954],[-73.97114,40.68954]]}},{"type":"Feature","properties":{"c":1,"s":"seg_597728149_597728151"},"geometry":{"type":"LineString","coordinates":[[-73.96871,40.68208],[-73.96883,40.68211],[-73.96954,40.68226],[-73.96975,40.6823],[-73.97019,40.68239],[-73.9706,40.68248],[-73.97072,40.68251]]}},{"type":"Feature","properties":{"c":1,"s":"seg_42472136_42481948"},"geometry":{"type":"LineString","coordinates":[[-73.96055,40.6595],[-73.96056,40.65957],[-73.96057,40.65965],[-73.96058,40.65983],[-73.96059,40.65997],[-73.9606,40.66003]]}},{"type":"Feature","properties":{"c":1,"s":"seg_42472136_42481948"},"geometry":{"type":"LineString","coordinates":[[-73.96055,40.6595],[-73.96055,40.65944],[-73.9605,40.65878]]}},{"type":"Feature","properties":{"c":2,"s":"seg_42481693_42467300"},"geometry":{"type":"LineString","coordinates":[[-73.95057,40.66012],[-73.95056,40.66006],[-73.9505,40.65948],[-73.95049,40.6594]]}},{"type":"Feature","properties":{"c":2,"s":"seg_42475193_42927436"},"geometry":{"type":"LineString","coordinates":[[-73.89431,40.68157],[-73.89438,40.68153],[-73.89462,40.68143]]}},{"type":"Feature","properties":{"c":2,"s":"seg_42475193_42927436"},"geometry":{"type":"LineString","coordinates":[[-73.89431,40.68157],[-73.89424,40.6816],[-73.89326,40.68208]]}},{"type":"Feature","properties":{"c":1,"s":"seg_1372888841_1372888679"},"geometry":{"type":"LineString","coordinates":[[-73.99795,40.66043],[-73.9979,40.66049],[-73.99742,40.66095],[-73.99737,40.661]]}},{"type":"Feature","properties":{"c":2,"s":"seg_42489110_42489113"},"geometry":{"type":"LineString","coordinates":[[-73.97032,40.64454],[-73.9703,40.64448],[-73.97026,40.64434],[-73.97024,40.64428],[-73.97022,40.64419],[-73.97019,40.64411],[-73.97017,40.64404],[-73.97013,40.6439],[-73.97011,40.64383],[-73.97009,40.64374]]}},{"type":"Feature","properties":{"c":2,"s":"seg_42489110_42489113"},"geometry":{"type":"LineString","coordinates":[[-73.97032,40.64454],[-73.97034,40.6446],[-73.9704,40.64483],[-73.97042,40.6449],[-73.97047,40.64506],[-73.97053,40.64527],[-73.97055,40.64532]]}},{"type":"Feature","properties":{"c":2,"s":"seg_42469045_42488002"},"geometry":{"type":"LineString","coordinates":[[-73.99971,40.60549],[-73.99965,40.60545],[-73.999,40.60506]]}},{"type":"Feature","properties":{"c":2,"s":"seg_42469045_42488002"},"geometry":{"type":"LineString","coordinates":[[-73.99971,40.60549],[-73.99979,40.60554],[-74.00032,40.60586],[-74.00037,40.60589],[-74.00046,40.60594]]}},{"type":"Feature","properties":{"c":2,"s":"seg_42467247_42488485"},"geometry":{"type":"LineString","coordinates":[[-74.00435,40.60102],[-74.00367,40.60066],[-74.0036,40.60063]]}},{"type":"Feature","properties":{"c":2,"s":"seg_42467247_42488485"},"geometry":{"type":"LineString","coordinates":[[-74.00435,40.60102],[-74.00505,40.60139],[-74.00514,40.60143]]}},{"type":"Feature","properties":{"c":1,"s":"seg_42467292_42491690"},"geometry":{"type":"LineString","coordinates":[[-73.95945,40.65357],[-73.95947,40.65365],[-73.95968,40.65478],[-73.9597,40.65484]]}},{"type":"Feature","properties":{"c":1,"s":"seg_42467292_42491690"},"geometry":{"type":"LineString","coordinates":[[-73.95945,40.65357],[-73.95944,40.65351],[-73.9594,40.65331],[-73.95935,40.65304],[-73.95933,40.65293]]}},{"type":"Feature","properties":{"c":2,"s":"seg_42481693_42467300"},"geometry":{"type":"LineString","coordinates":[[-73.94993,40.65415],[-73.94992,40.65409],[-73.94984,40.65332],[-73.94984,40.65331],[-73.94978,40.65275],[-73.94977,40.65264]]}},{"type":"Feature","properties":{"c":2,"s":"seg_42489258_42489260"},"geometry":{"type":"LineString","coordinates":[[-73.96075,40.59233],[-73.96074,40.59227],[-73.96072,40.59205],[-73.96071,40.59191],[-73.9607,40.59169],[-73.96069,40.5916]]}},{"type":"Feature","properties":{"c":2,"s":"seg_42489258_42489260"},"geometry":{"type":"LineString","coordinates":[[-73.96075,40.59233],[-73.96075,40.59239],[-73.96076,40.59248],[-73.96079,40.59287],[-73.9608,40.59301]]}},{"type":"Feature","properties":{"c":2,"s":"seg_42471906_42487870"},"geometry":{"type":"LineString","coordinates":[[-74.01042,40.67946],[-74.01099,40.67898],[-74.01105,40.67893]]}},{"type":"Feature","properties":{"c":2,"s":"seg_42471906_42487870"},"geometry":{"type":"LineString","coordinates":[[-74.01042,40.67946],[-74.00986,40.67995],[-74.00981,40.67999]]}},{"type":"Feature","properties":{"c":3,"s":"seg_42475790_3765548237"},"geometry":{"type":"LineString","coordinates":[[-74.00522,40.67976],[-74.00525,40.67972],[-74.00552,40.67916],[-74.00555,40.6791]]}},{"type":"Feature","properties":{"c":2,"s":"seg_42478154_598227835"},"geometry":{"type":"LineString","coordinates":[[-74.00442,40.67955],[-74.00375,40.67879]]}},{"type":"Feature","properties":{"c":1,"s":"seg_597728063_597728082"},"geometry":{"type":"LineString","coordinates":[[-73.94138,40.6781],[-73.94148,40.67811],[-73.94186,40.67813]]}},{"type":"Feature","properties":{"c":1,"s":"seg_42474828_42474829"},"geometry":{"type":"LineString","coordinates":[[-73.94219,40.66942],[-73.94211,40.66941],[-73.9417,40.66939],[-73.94007,40.66931],[-73.93952,40.66927],[-73.93942,40.66927]]}},{"type":"Feature","properties":{"c":1,"s":"seg_42474828_42474829"},"geometry":{"type":"LineString","coordinates":[[-73.94219,40.66942],[-73.94229,40.66942],[-73.94292,40.66946],[-73.94383,40.66951],[-73.94429,40.66953],[-73.94487,40.66957],[-73.94496,40.66957]]}},{"type":"Feature","properties":{"c":2,"s":"seg_42481659_42481968"},"geometry":{"type":"LineString","coordinates":[[-73.9427,40.66405],[-73.9426,40.66405],[-73.94003,40.66391],[-73.93993,40.6639]]}},{"type":"Feature","properties":{"c":2,"s":"seg_42481659_42481968"},"geometry":{"type":"LineString","coordinates":[[-73.9427,40.66405],[-73.9428,40.66406],[-73.94317,40.66408],[-73.94368,40.66411],[-73.94408,40.66413]]}},{"type":"Feature","properties":{"c":3,"s":"seg_42493279_42514760"},"geometry":{"type":"LineString","coordinates":[[-73.94277,40.66206],[-73.94266,40.66207],[-73.94141,40.66214],[-73.94008,40.66223],[-73.93999,40.66223]]}},{"type":"Feature","properties":{"c":3,"s":"seg_42493279_42514760"},"geometry":{"type":"LineString","coordinates":[[-73.94277,40.66206],[-73.94287,40.66205],[-73.94374,40.66199],[-73.94546,40.66189],[-73.94557,40.66188]]}},{"type":"Feature","properties":{"c":1,"s":"seg_42504102_7711304351"},"geometry":{"type":"LineString","coordinates":[[-73.94462,40.70041],[-73.94451,40.70042],[-73.94446,40.70042],[-73.94439,40.70043]]}},{"type":"Feature","properties":{"c":1,"s":"seg_42504102_7711304351"},"geometry":{"type":"LineString","coordinates":[[-73.94462,40.70041],[-73.94544,40.70032],[-73.94632,40.70022]]}},{"type":"Feature","properties":{"c":1,"s":"seg_42488278_42491450"},"geometry":{"type":"LineString","coordinates":[[-73.94309,40.70144],[-73.94318,40.70149],[-73.9438,40.70185],[-73.94385,40.70188]]}},{"type":"Feature","properties":{"c":2,"s":"seg_42505018_42498990"},"geometry":{"type":"LineString","coordinates":[[-73.98839,40.57859],[-73.98937,40.57848],[-73.98945,40.57847]]}},{"type":"Feature","properties":{"c":2,"s":"seg_42505018_42498990"},"geometry":{"type":"LineString","coordinates":[[-73.98839,40.57859],[-73.98809,40.57862],[-73.98733,40.5787]]}},{"type":"Feature","properties":{"c":2,"s":"seg_8400869517_9387171045"},"geometry":{"type":"LineString","coordinates":[[-73.98763,40.5746],[-73.98756,40.57462],[-73.98716,40.57474],[-73.98669,40.57487],[-73.9866,40.5749]]}},{"type":"Feature","properties":{"c":2,"s":"seg_8400869517_9387171045"},"geometry":{"type":"LineString","coordinates":[[-73.98763,40.5746],[-73.98773,40.57457],[-73.98804,40.57448],[-73.98869,40.5743]]}},{"type":"Feature","properties":{"c":1,"s":"seg_42467702_10694159060"},"geometry":{"type":"LineString","coordinates":[[-73.92425,40.64855],[-73.92423,40.64863],[-73.92412,40.64912],[-73.92394,40.64962]]}},{"type":"Feature","properties":{"c":1,"s":"seg_42467702_10694159060"},"geometry":{"type":"LineString","coordinates":[[-73.92425,40.64855],[-73.92427,40.64846],[-73.92427,40.6484],[-73.92431,40.64822],[-73.92432,40.64817],[-73.92445,40.64745]]}},{"type":"Feature","properties":{"c":2,"s":"seg_42467702_10694159060"},"geometry":{"type":"LineString","coordinates":[[-73.92416,40.64819],[-73.92411,40.64847],[-73.9241,40.64856]]}},{"type":"Feature","properties":{"c":2,"s":"seg_42493972_42508200"},"geometry":{"type":"LineString","coordinates":[[-73.92221,40.62973],[-73.9221,40.62981],[-73.92199,40.62988],[-73.92192,40.62992],[-73.9214,40.63027],[-73.9213,40.63034]]}},{"type":"Feature","properties":{"c":2,"s":"seg_42493972_42508200"},"geometry":{"type":"LineString","coordinates":[[-73.92221,40.62973],[-73.92233,40.62965],[-73.92249,40.62955],[-73.92267,40.62944],[-73.92304,40.6292],[-73.92313,40.62914]]}},{"type":"Feature","properties":{"c":1,"s":"seg_42503269_42510419"},"geometry":{"type":"LineString","coordinates":[[-73.92482,40.65416],[-73.92491,40.65416],[-73.92573,40.65411],[-73.92579,40.6541]]}},{"type":"Feature","properties":{"c":1,"s":"seg_42503269_42510419"},"geometry":{"type":"LineString","coordinates":[[-73.92482,40.65416],[-73.92473,40.65417],[-73.92448,40.65418],[-73.92394,40.65422],[-73.92385,40.65422]]}},{"type":"Feature","properties":{"c":1,"s":"seg_42520579_42527647"},"geometry":{"type":"LineString","coordinates":[[-73.94391,40.71164],[-73.94381,40.71165],[-73.94351,40.71168],[-73.94231,40.71179],[-73.94223,40.7118]]}},{"type":"Feature","properties":{"c":1,"s":"seg_42520579_42527647"},"geometry":{"type":"LineString","coordinates":[[-73.94391,40.71164],[-73.94402,40.71163],[-73.94435,40.7116],[-73.94551,40.71149],[-73.9456,40.71148]]}},{"type":"Feature","properties":{"c":2,"s":"seg_42484216_7712107371"},"geometry":{"type":"LineString","coordinates":[[-73.94439,40.71453],[-73.9445,40.71452],[-73.94456,40.71452],[-73.94488,40.71449],[-73.94599,40.71438],[-73.94607,40.71437]]}},{"type":"Feature","properties":{"c":2,"s":"seg_42484216_7712107371"},"geometry":{"type":"LineString","coordinates":[[-73.94439,40.71453],[-73.94428,40.71454],[-73.9428,40.71469],[-73.9427,40.7147]]}},{"type":"Feature","properties":{"c":2,"s":"seg_42487446_42536026"},"geometry":{"type":"LineString","coordinates":[[-73.99453,40.6456],[-73.99439,40.64552],[-73.99335,40.64489],[-73.99324,40.64482],[-73.993,40.64468],[-73.9929,40.64462]]}},{"type":"Feature","properties":{"c":2,"s":"seg_42487446_42536026"},"geometry":{"type":"LineString","coordinates":[[-73.99453,40.6456],[-73.99465,40.64567],[-73.99476,40.64574],[-73.99494,40.64585],[-73.99502,40.6459],[-73.9951,40.64595]]}},{"type":"Feature","properties":{"c":2,"s":"seg_42490860_42501633"},"geometry":{"type":"LineString","coordinates":[[-73.99771,40.62368],[-73.9976,40.62362],[-73.9974,40.6235],[-73.99721,40.62338],[-73.99712,40.62333]]}},{"type":"Feature","properties":{"c":2,"s":"seg_42460288_42524065"},"geometry":{"type":"LineString","coordinates":[[-73.99771,40.62368],[-73.99781,40.62374],[-73.99901,40.62447],[-73.99924,40.62461],[-73.99932,40.62466]]}},{"type":"Feature","properties":{"c":2,"s":"seg_42501645_42509571"},"geometry":{"type":"LineString","coordinates":[[-73.99994,40.61578],[-73.99985,40.61573],[-73.9996,40.61557],[-73.99866,40.61501],[-73.99847,40.61489],[-73.99837,40.61483]]}},{"type":"Feature","properties":{"c":2,"s":"seg_42490878_42509560"},"geometry":{"type":"LineString","coordinates":[[-73.99994,40.61578],[-74.00006,40.61585],[-74.00008,40.61586],[-74.00029,40.61599],[-74.00075,40.61627],[-74.00082,40.61631]]}},{"type":"Feature","properties":{"c":2,"s":"seg_42469045_42488002"},"geometry":{"type":"LineString","coordinates":[[-74.00151,40.60657],[-74.0012,40.60639]]}},{"type":"Feature","properties":{"c":2,"s":"seg_42469045_42488002"},"geometry":{"type":"LineString","coordinates":[[-74.00151,40.60657],[-74.00185,40.60678],[-74.00192,40.60683]]}},{"type":"Feature","properties":{"c":3,"s":"seg_42460105_42468403"},"geometry":{"type":"LineString","coordinates":[[-73.89586,40.65188],[-73.89595,40.65196],[-73.89683,40.65275],[-73.89748,40.65334],[-73.89753,40.65338],[-73.89761,40.65345],[-73.89747,40.65351],[-73.89687,40.65377],[-73.89678,40.65381]]}},{"type":"Feature","properties":{"c":3,"s":"seg_42460105_42468403"},"geometry":{"type":"LineString","coordinates":[[-73.89586,40.65188],[-73.89578,40.65181],[-73.89513,40.65123],[-73.8951,40.6512],[-73.89431,40.65049],[-73.89422,40.65041]]}},{"type":"Feature","properties":{"c":3,"s":"seg_42460105_42468403"},"geometry":{"type":"LineString","coordinates":[[-73.89422,40.65041],[-73.89413,40.65033],[-73.89331,40.64959],[-73.89266,40.649],[-73.8926,40.64895]]}},{"type":"Feature","properties":{"c":2,"s":"seg_42460105_42468403"},"geometry":{"type":"LineString","coordinates":[[-73.89251,40.64886],[-73.8926,40.64895]]}},{"type":"Feature","properties":{"c":2,"s":"seg_42460105_42468403"},"geometry":{"type":"LineString","coordinates":[[-73.89251,40.64886],[-73.89245,40.64881],[-73.89234,40.64871],[-73.89164,40.6481],[-73.89146,40.64793],[-73.89102,40.64753],[-73.89081,40.64735],[-73.89077,40.64731],[-73.89071,40.64726]]}},{"type":"Feature","properties":{"c":2,"s":"seg_42460105_42468403"},"geometry":{"type":"LineString","coordinates":[[-73.89071,40.64726],[-73.89063,40.64719],[-73.89061,40.64717],[-73.8904,40.64697],[-73.89016,40.64675],[-73.89009,40.6467]]}},{"type":"Feature","properties":{"c":2,"s":"seg_42460105_42468403"},"geometry":{"type":"LineString","coordinates":[[-73.89009,40.6467],[-73.89001,40.64662],[-73.88952,40.64617]]}},{"type":"Feature","properties":{"c":2,"s":"seg_42460105_42468403"},"geometry":{"type":"LineString","coordinates":[[-73.88952,40.64617],[-73.8889,40.64563]]}},{"type":"Feature","properties":{"c":2,"s":"seg_42460105_42468403"},"geometry":{"type":"LineString","coordinates":[[-73.8877,40.64455],[-73.88741,40.64429],[-73.88715,40.64405],[-73.88707,40.64399]]}},{"type":"Feature","properties":{"c":2,"s":"seg_42460105_42468403"},"geometry":{"type":"LineString","coordinates":[[-73.88707,40.64399],[-73.88702,40.64393],[-73.88646,40.64343]]}},{"type":"Feature","properties":{"c":2,"s":"seg_42460105_42468403"},"geometry":{"type":"LineString","coordinates":[[-73.88646,40.64343],[-73.88584,40.6429]]}},{"type":"Feature","properties":{"c":2,"s":"seg_42460105_42468403"},"geometry":{"type":"LineString","coordinates":[[-73.88584,40.6429],[-73.88581,40.64288],[-73.88525,40.64236]]}},{"type":"Feature","properties":{"c":2,"s":"seg_42460105_42468403"},"geometry":{"type":"LineString","coordinates":[[-73.88525,40.64236],[-73.8847,40.64186],[-73.88464,40.6418]]}},{"type":"Feature","properties":{"c":2,"s":"seg_42460105_42468403"},"geometry":{"type":"LineString","coordinates":[[-73.88464,40.6418],[-73.8846,40.64176],[-73.88412,40.64133],[-73.88406,40.64128]]}},{"type":"Feature","properties":{"c":2,"s":"seg_42460105_42468403"},"geometry":{"type":"LineString","coordinates":[[-73.88406,40.64128],[-73.88402,40.64124],[-73.88352,40.64079],[-73.88344,40.64073]]}},{"type":"Feature","properties":{"c":2,"s":"seg_42460105_42468403"},"geometry":{"type":"LineString","coordinates":[[-73.88344,40.64073],[-73.88339,40.64068],[-73.88291,40.64025],[-73.88284,40.64019]]}},{"type":"Feature","properties":{"c":2,"s":"seg_42460105_42468403"},"geometry":{"type":"LineString","coordinates":[[-73.88284,40.64019],[-73.8828,40.64015],[-73.88261,40.63997],[-73.88256,40.63993],[-73.88231,40.6397],[-73.88223,40.63964]]}},{"type":"Feature","properties":{"c":2,"s":"seg_42460105_42468403"},"geometry":{"type":"LineString","coordinates":[[-73.88223,40.63964],[-73.8822,40.63961],[-73.88197,40.6394],[-73.88193,40.63937],[-73.88173,40.6392],[-73.88171,40.63918],[-73.88163,40.63911]]}},{"type":"Feature","properties":{"c":2,"s":"seg_42460105_42468403"},"geometry":{"type":"LineString","coordinates":[[-73.88163,40.63911],[-73.88154,40.63903]]}},{"type":"Feature","properties":{"c":2,"s":"seg_42468439_42470180"},"geometry":{"type":"LineString","coordinates":[[-73.88163,40.63911],[-73.88171,40.63906],[-73.88187,40.63896],[-73.88365,40.63781],[-73.88368,40.63779],[-73.88377,40.63773]]}},{"type":"Feature","properties":{"c":1,"s":"seg_42496975_42475971"},"geometry":{"type":"LineString","coordinates":[[-73.98126,40.67993],[-73.98123,40.67999],[-73.98088,40.6805],[-73.98084,40.68056]]}},{"type":"Feature","properties":{"c":2,"s":"seg_42469437_42469447"},"geometry":{"type":"LineString","coordinates":[[-73.96007,40.69784],[-73.95978,40.6965],[-73.95977,40.69642]]}},{"type":"Feature","properties":{"c":2,"s":"seg_42493279_42514760"},"geometry":{"type":"LineString","coordinates":[[-73.9316,40.66325],[-73.93177,40.66318],[-73.932,40.66308],[-73.93228,40.66296],[-73.93232,40.66295],[-73.93272,40.66279],[-73.93277,40.66277],[-73.93304,40.66265]]}},{"type":"Feature","properties":{"c":2,"s":"seg_42493279_42514760"},"geometry":{"type":"LineString","coordinates":[[-73.9316,40.66325],[-73.93144,40.6633],[-73.93089,40.66353],[-73.93086,40.66354],[-73.93082,40.66356],[-73.93072,40.66365]]}},{"type":"Feature","properties":{"c":2,"s":"seg_42493279_42514760"},"geometry":{"type":"LineString","coordinates":[[-73.93038,40.66215],[-73.93065,40.66238],[-73.93085,40.66256],[-73.93105,40.66274],[-73.93109,40.66276],[-73.93116,40.66278],[-73.93123,40.66278],[-73.93142,40.66277],[-73.93156,40.66276]]}},{"type":"Feature","properties":{"c":2,"s":"seg_42468624_42468630"},"geometry":{"type":"LineString","coordinates":[[-73.92289,40.65542],[-73.92248,40.65505],[-73.92226,40.65486],[-73.92224,40.65484],[-73.92219,40.65479],[-73.92213,40.65474]]}},{"type":"Feature","properties":{"c":2,"s":"seg_42468624_42468630"},"geometry":{"type":"LineString","coordinates":[[-73.92201,40.65463],[-73.92213,40.65474]]}},{"type":"Feature","properties":{"c":1,"s":"seg_42467702_10694159060"},"geometry":{"type":"LineString","coordinates":[[-73.92201,40.65463],[-73.92206,40.65453],[-73.9221,40.65442],[-73.92214,40.65433]]}},{"type":"Feature","properties":{"c":1,"s":"seg_42467702_10694159060"},"geometry":{"type":"LineString","coordinates":[[-73.92201,40.65463],[-73.92195,40.65478],[-73.92194,40.65484],[-73.92165,40.65562]]}},{"type":"Feature","properties":{"c":2,"s":"seg_42468624_42468630"},"geometry":{"type":"LineString","coordinates":[[-73.92201,40.65463],[-73.92197,40.65459],[-73.92189,40.65452]]}},{"type":"Feature","properties":{"c":0,"s":"seg_1942053995_1942053917"},"geometry":{"type":"LineString","coordinates":[[-73.92171,40.65436],[-73.92197,40.65434]]}},{"type":"Feature","properties":{"c":2,"s":"seg_42468624_42468630"},"geometry":{"type":"LineString","coordinates":[[-73.92171,40.65436],[-73.92189,40.65452]]}},{"type":"Feature","properties":{"c":0,"s":"seg_1942053995_1942053917"},"geometry":{"type":"LineString","coordinates":[[-73.92171,40.65436],[-73.92155,40.65436],[-73.92139,40.65437],[-73.92109,40.65437],[-73.92016,40.65434]]}},{"type":"Feature","properties":{"c":2,"s":"seg_1942053995_1942053917"},"geometry":{"type":"LineString","coordinates":[[-73.92171,40.65436],[-73.92147,40.65429],[-73.92138,40.65429],[-73.92128,40.6543],[-73.92118,40.65429],[-73.92031,40.65426],[-73.92021,40.65425]]}},{"type":"Feature","properties":{"c":2,"s":"seg_42468624_42468630"},"geometry":{"type":"LineString","coordinates":[[-73.92171,40.65436],[-73.92158,40.65424],[-73.92156,40.65422],[-73.92151,40.65418],[-73.92143,40.65411],[-73.92129,40.65398],[-73.92103,40.65374],[-73.92097,40.65369],[-73.92077,40.65351]]}},{"type":"Feature","properties":{"c":2,"s":"seg_42493957_42493960"},"geometry":{"type":"LineString","coordinates":[[-73.92077,40.65351],[-73.92086,40.65342],[-73.92082,40.65302],[-73.92078,40.65266],[-73.92077,40.65255]]}},{"type":"Feature","properties":{"c":2,"s":"seg_42468624_42468630"},"geometry":{"type":"LineString","coordinates":[[-73.92077,40.65351],[-73.92057,40.65333],[-73.92027,40.65306],[-73.92023,40.65303],[-73.92018,40.65299],[-73.92005,40.65287],[-73.91996,40.65279]]}},{"type":"Feature","properties":{"c":2,"s":"seg_42468624_42468630"},"geometry":{"type":"LineString","coordinates":[[-73.91996,40.65279],[-73.91989,40.65273],[-73.9198,40.65265],[-73.91972,40.65258],[-73.91836,40.65136],[-73.91822,40.65123],[-73.91814,40.65116]]}},{"type":"Feature","properties":{"c":2,"s":"seg_42468624_42468630"},"geometry":{"type":"LineString","coordinates":[[-73.91814,40.65116],[-73.91808,40.6511],[-73.91787,40.65092],[-73.91653,40.64971],[-73.91639,40.64959],[-73.91632,40.64953]]}},{"type":"Feature","properties":{"c":2,"s":"seg_42468624_42468630"},"geometry":{"type":"LineString","coordinates":[[-73.91632,40.64953],[-73.91626,40.64947],[-73.91606,40.64929],[-73.91602,40.64926],[-73.91504,40.64838],[-73.91498,40.64833],[-73.91484,40.6482],[-73.91482,40.64818],[-73.91481,40.64817],[-73.91473,40.6481]]}},{"type":"Feature","properties":{"c":2,"s":"seg_42468624_42468630"},"geometry":{"type":"LineString","coordinates":[[-73.91473,40.6481],[-73.91467,40.64804],[-73.91464,40.64802],[-73.91453,40.64792],[-73.91424,40.64766],[-73.91382,40.64729],[-73.91366,40.64715],[-73.91341,40.64693],[-73.91337,40.64689],[-73.91333,40.64686],[-73.91308,40.64663],[-73.91293,40.6465]]}},{"type":"Feature","properties":{"c":2,"s":"seg_42468624_42468630"},"geometry":{"type":"LineString","coordinates":[[-73.91293,40.6465],[-73.91281,40.6464],[-73.91277,40.64637],[-73.91267,40.64628]]}},{"type":"Feature","properties":{"c":2,"s":"seg_42468624_42468630"},"geometry":{"type":"LineString","coordinates":[[-73.91267,40.64628],[-73.91258,40.64619],[-73.91256,40.64617],[-73.91232,40.64595],[-73.91215,40.64578],[-73.91202,40.64565],[-73.91186,40.64552],[-73.91173,40.6454]]}},{"type":"Feature","properties":{"c":2,"s":"seg_42482069_42521887"},"geometry":{"type":"LineString","coordinates":[[-73.91267,40.64628],[-73.91262,40.64639],[-73.91247,40.64679]]}},{"type":"Feature","properties":{"c":2,"s":"seg_42482069_42521887"},"geometry":{"type":"LineString","coordinates":[[-73.91267,40.64628],[-73.91273,40.64612],[-73.91285,40.64578],[-73.91298,40.64537]]}},{"type":"Feature","properties":{"c":2,"s":"seg_42468624_42468630"},"geometry":{"type":"LineString","coordinates":[[-73.91173,40.6454],[-73.91147,40.64517],[-73.91143,40.64514],[-73.91123,40.64495],[-73.91115,40.64488]]}},{"type":"Feature","properties":{"c":2,"s":"seg_42468647_42468654"},"geometry":{"type":"LineString","coordinates":[[-73.91115,40.64488],[-73.91104,40.64478],[-73.91091,40.64466],[-73.91082,40.64458],[-73.9108,40.64457],[-73.91027,40.6441],[-73.91021,40.64404]]}},{"type":"Feature","properties":{"c":2,"s":"seg_42468647_42468654"},"geometry":{"type":"LineString","coordinates":[[-73.91021,40.64404],[-73.91016,40.64399],[-73.90954,40.64344],[-73.90936,40.64328],[-73.90928,40.6432]]}},{"type":"Feature","properties":{"c":2,"s":"seg_42468647_42468654"},"geometry":{"type":"LineString","coordinates":[[-73.90928,40.6432],[-73.90922,40.64315],[-73.90898,40.64294],[-73.90869,40.64267]]}},{"type":"Feature","properties":{"c":2,"s":"seg_42468647_42468654"},"geometry":{"type":"LineString","coordinates":[[-73.90869,40.64267],[-73.9081,40.64214],[-73.90802,40.64207],[-73.90797,40.64202],[-73.90772,40.6418],[-73.90764,40.64173]]}},{"type":"Feature","properties":{"c":2,"s":"seg_42468647_42468654"},"geometry":{"type":"LineString","coordinates":[[-73.90764,40.64173],[-73.90757,40.64167],[-73.90736,40.64148],[-73.90732,40.64144],[-73.907,40.64115],[-73.90669,40.64087]]}},{"type":"Feature","properties":{"c":2,"s":"seg_42468647_42468654"},"geometry":{"type":"LineString","coordinates":[[-73.90669,40.64087],[-73.90666,40.64084],[-73.90629,40.64053],[-73.90619,40.64044],[-73.90608,40.64033],[-73.90597,40.64024]]}},{"type":"Feature","properties":{"c":2,"s":"seg_42472058_42500825"},"geometry":{"type":"LineString","coordinates":[[-73.90597,40.64024],[-73.90586,40.64031],[-73.90582,40.64034],[-73.90559,40.64048],[-73.9052,40.64073]]}},{"type":"Feature","properties":{"c":2,"s":"seg_42472058_42500825"},"geometry":{"type":"LineString","coordinates":[[-73.90597,40.64024],[-73.9061,40.64016],[-73.90615,40.64012],[-73.9064,40.63996],[-73.90667,40.63978],[-73.90674,40.63974]]}},{"type":"Feature","properties":{"c":3,"s":"seg_42468647_42468654"},"geometry":{"type":"LineString","coordinates":[[-73.90597,40.64024],[-73.90588,40.64015],[-73.90572,40.64001],[-73.90494,40.63931],[-73.90441,40.63883],[-73.90422,40.63866],[-73.90413,40.63858]]}},{"type":"Feature","properties":{"c":3,"s":"seg_42468647_42468654"},"geometry":{"type":"LineString","coordinates":[[-73.90413,40.63858],[-73.90406,40.63852],[-73.90393,40.63839],[-73.90388,40.63835],[-73.90369,40.63818]]}},{"type":"Feature","properties":{"c":3,"s":"seg_42468647_42468654"},"geometry":{"type":"LineString","coordinates":[[-73.90221,40.63685],[-73.90228,40.63692],[-73.90235,40.63697]]}},{"type":"Feature","properties":{"c":3,"s":"seg_42468647_42468654"},"geometry":{"type":"LineString","coordinates":[[-73.90221,40.63685],[-73.90213,40.63678],[-73.90193,40.63661],[-73.90136,40.63609]]}},{"type":"Feature","properties":{"c":3,"s":"seg_42468647_42468654"},"geometry":{"type":"LineString","coordinates":[[-73.90136,40.63609],[-73.90081,40.6356],[-73.90076,40.63555],[-73.90058,40.63539],[-73.9005,40.63531]]}},{"type":"Feature","properties":{"c":3,"s":"seg_42468647_42468654"},"geometry":{"type":"LineString","coordinates":[[-73.9005,40.63531],[-73.90043,40.63526],[-73.90024,40.63508],[-73.89894,40.63392],[-73.89875,40.63375],[-73.89868,40.63368]]}},{"type":"Feature","properties":{"c":2,"s":"seg_7964524502_1257569840"},"geometry":{"type":"LineString","coordinates":[[-73.89503,40.63042],[-73.89517,40.63034],[-73.89547,40.63015],[-73.89582,40.62992]]}},{"type":"Feature","properties":{"c":2,"s":"seg_42512632_42512641"},"geometry":{"type":"LineString","coordinates":[[-73.90344,40.64614],[-73.90392,40.64657],[-73.90399,40.64662]]}},{"type":"Feature","properties":{"c":2,"s":"seg_42512632_42512641"},"geometry":{"type":"LineString","coordinates":[[-73.90344,40.64614],[-73.9034,40.6461],[-73.90265,40.64543],[-73.90257,40.64537],[-73.90238,40.64519],[-73.90231,40.64513]]}},{"type":"Feature","properties":{"c":2,"s":"seg_42469478_42469485"},"geometry":{"type":"LineString","coordinates":[[-73.96802,40.71192],[-73.96799,40.71198],[-73.96792,40.71212],[-73.96779,40.71241],[-73.96773,40.71254],[-73.9677,40.7126]]}},{"type":"Feature","properties":{"c":2,"s":"seg_42498990_42505026"},"geometry":{"type":"LineString","coordinates":[[-74.00111,40.57714],[-74.00103,40.57715],[-74.00014,40.57725],[-74.00003,40.57726]]}},{"type":"Feature","properties":{"c":2,"s":"seg_42498990_42505026"},"geometry":{"type":"LineString","coordinates":[[-74.00111,40.57714],[-74.00119,40.57713],[-74.00217,40.57702]]}},{"type":"Feature","properties":{"c":1,"s":"seg_1260335220_1260335264"},"geometry":{"type":"LineString","coordinates":[[-73.90747,40.67841],[-73.90719,40.67863]]}},{"type":"Feature","properties":{"c":1,"s":"seg_42465084_42468791"},"geometry":{"type":"LineString","coordinates":[[-73.90358,40.67895],[-73.90371,40.67902],[-73.90406,40.67922]]}},{"type":"Feature","properties":{"c":1,"s":"seg_1260335220_1260335264"},"geometry":{"type":"LineString","coordinates":[[-73.90719,40.67863],[-73.9065,40.67918],[-73.90636,40.67931]]}},{"type":"Feature","properties":{"c":1,"s":"seg_42468814_42468987"},"geometry":{"type":"LineString","coordinates":[[-73.985,40.61042],[-73.98506,40.61036],[-73.98521,40.61021],[-73.98539,40.61004]]}},{"type":"Feature","properties":{"c":1,"s":"seg_42468814_42468987"},"geometry":{"type":"LineString","coordinates":[[-73.985,40.61042],[-73.98493,40.61048],[-73.98485,40.61056],[-73.98477,40.61063],[-73.98442,40.61098],[-73.98437,40.61103]]}},{"type":"Feature","properties":{"c":1,"s":"seg_42503024_2321627891"},"geometry":{"type":"LineString","coordinates":[[-73.98441,40.60757],[-73.98448,40.60756],[-73.98471,40.60753],[-73.98493,40.6075],[-73.98525,40.60747],[-73.98533,40.60747]]}},{"type":"Feature","properties":{"c":1,"s":"seg_42482591_42533770"},"geometry":{"type":"LineString","coordinates":[[-73.98441,40.60757],[-73.98432,40.60758],[-73.98356,40.60766],[-73.98348,40.60767]]}},{"type":"Feature","properties":{"c":2,"s":"seg_42468848_3509302812"},"geometry":{"type":"LineString","coordinates":[[-73.98198,40.59478],[-73.98188,40.59472],[-73.98179,40.59466],[-73.98108,40.59423]]}},{"type":"Feature","properties":{"c":2,"s":"seg_42468848_3509302812"},"geometry":{"type":"LineString","coordinates":[[-73.98198,40.59478],[-73.9821,40.59485],[-73.98244,40.59506],[-73.98305,40.59542]]}},{"type":"Feature","properties":{"c":1,"s":"seg_42468913_42508786"},"geometry":{"type":"LineString","coordinates":[[-73.97086,40.62621],[-73.9708,40.62591],[-73.9706,40.62483],[-73.97049,40.62427],[-73.97048,40.62419]]}},{"type":"Feature","properties":{"c":1,"s":"seg_42468913_42508786"},"geometry":{"type":"LineString","coordinates":[[-73.97086,40.62621],[-73.97087,40.62625],[-73.97091,40.62649],[-73.97092,40.62658]]}},{"type":"Feature","properties":{"c":1,"s":"seg_42468925_42468943"},"geometry":{"type":"LineString","coordinates":[[-73.97086,40.62621],[-73.97101,40.62603],[-73.97108,40.62596]]}},{"type":"Feature","properties":{"c":1,"s":"seg_42468925_42468943"},"geometry":{"type":"LineString","coordinates":[[-73.97195,40.62454],[-73.97202,40.62443],[-73.97235,40.62408],[-73.97244,40.62397]]}},{"type":"Feature","properties":{"c":1,"s":"seg_42468925_42468943"},"geometry":{"type":"LineString","coordinates":[[-73.97195,40.62454],[-73.97188,40.62465],[-73.97127,40.62558]]}},{"type":"Feature","properties":{"c":1,"s":"seg_42468925_42468943"},"geometry":{"type":"LineString","coordinates":[[-73.97244,40.62397],[-73.97253,40.62387],[-73.97276,40.62364]]}},{"type":"Feature","properties":{"c":1,"s":"seg_42468925_42468943"},"geometry":{"type":"LineString","coordinates":[[-73.97276,40.62364],[-73.97332,40.62302],[-73.97336,40.62298],[-73.97342,40.62291]]}},{"type":"Feature","properties":{"c":1,"s":"seg_42468925_42468943"},"geometry":{"type":"LineString","coordinates":[[-73.97342,40.62291],[-73.9735,40.62284],[-73.9736,40.62273],[-73.97428,40.622]]}},{"type":"Feature","properties":{"c":1,"s":"seg_42468925_42468943"},"geometry":{"type":"LineString","coordinates":[[-73.97428,40.622],[-73.97474,40.6215],[-73.97496,40.62127],[-73.97498,40.62125],[-73.97511,40.62111],[-73.97516,40.62105],[-73.97517,40.62103],[-73.97528,40.62089]]}},{"type":"Feature","properties":{"c":2,"s":"seg_42501976_42501978"},"geometry":{"type":"LineString","coordinates":[[-73.97528,40.62089],[-73.97526,40.62073],[-73.97463,40.61741],[-73.97463,40.61739],[-73.97458,40.61716],[-73.9745,40.61674],[-73.97446,40.61651],[-73.97444,40.61642]]}},{"type":"Feature","properties":{"c":2,"s":"seg_42501976_42501978"},"geometry":{"type":"LineString","coordinates":[[-73.97528,40.62089],[-73.97532,40.62106],[-73.97542,40.62159],[-73.97551,40.62205],[-73.97557,40.62237],[-73.9756,40.62252],[-73.97562,40.62266],[-73.97579,40.62351],[-73.9758,40.6236]]}},{"type":"Feature","properties":{"c":1,"s":"seg_42468925_42468943"},"geometry":{"type":"LineString","coordinates":[[-73.97528,40.62089],[-73.97537,40.62077],[-73.9754,40.62072],[-73.97551,40.62056],[-73.97614,40.61966],[-73.97652,40.61912],[-73.97725,40.61806],[-73.97767,40.61747],[-73.97771,40.61743],[-73.9778,40.61734],[-73.97785,40.61729]]}},{"type":"Feature","properties":{"c":1,"s":"seg_42468925_42468943"},"geometry":{"type":"LineString","coordinates":[[-73.97785,40.61729],[-73.9779,40.61724],[-73.97822,40.61694],[-73.97833,40.61683],[-73.97839,40.61677],[-73.97846,40.61671]]}},{"type":"Feature","properties":{"c":1,"s":"seg_42468925_42468943"},"geometry":{"type":"LineString","coordinates":[[-73.97846,40.61671],[-73.97852,40.61664],[-73.97858,40.61658],[-73.97901,40.61618],[-73.97906,40.61613]]}},{"type":"Feature","properties":{"c":1,"s":"seg_42468925_42468943"},"geometry":{"type":"LineString","coordinates":[[-73.97906,40.61613],[-73.97911,40.61608],[-73.9793,40.6159],[-73.97943,40.61578],[-73.97959,40.61562],[-73.97964,40.61557]]}},{"type":"Feature","properties":{"c":1,"s":"seg_42468969_42468971"},"geometry":{"type":"LineString","coordinates":[[-73.97964,40.61557],[-73.97969,40.61552],[-73.98017,40.61507],[-73.98022,40.61502]]}},{"type":"Feature","properties":{"c":1,"s":"seg_42468969_42468971"},"geometry":{"type":"LineString","coordinates":[[-73.98022,40.61502],[-73.98028,40.61496],[-73.98046,40.61478],[-73.98055,40.61469],[-73.98074,40.6145],[-73.9808,40.61445]]}},{"type":"Feature","properties":{"c":1,"s":"seg_42468969_42468971"},"geometry":{"type":"LineString","coordinates":[[-73.9808,40.61445],[-73.98085,40.6144],[-73.98134,40.61393],[-73.98142,40.61385]]}},{"type":"Feature","properties":{"c":1,"s":"seg_42468969_42468971"},"geometry":{"type":"LineString","coordinates":[[-73.98142,40.61385],[-73.98151,40.61376],[-73.98171,40.61357],[-73.98176,40.61352]]}},{"type":"Feature","properties":{"c":1,"s":"seg_42468969_42468971"},"geometry":{"type":"LineString","coordinates":[[-73.98176,40.61352],[-73.98198,40.61329],[-73.98204,40.61324]]}},{"type":"Feature","properties":{"c":1,"s":"seg_42468969_42468971"},"geometry":{"type":"LineString","coordinates":[[-73.98204,40.61324],[-73.98212,40.61316],[-73.98242,40.61289],[-73.98257,40.61275],[-73.98264,40.61269]]}},{"type":"Feature","properties":{"c":1,"s":"seg_42468969_42468971"},"geometry":{"type":"LineString","coordinates":[[-73.98264,40.61269],[-73.9827,40.61263],[-73.98281,40.61253],[-73.98327,40.61209],[-73.98333,40.61203]]}},{"type":"Feature","properties":{"c":1,"s":"seg_42468969_42468971"},"geometry":{"type":"LineString","coordinates":[[-73.98333,40.61203],[-73.9834,40.61196],[-73.98375,40.61162],[-73.98381,40.61157]]}},{"type":"Feature","properties":{"c":1,"s":"seg_42468814_42468987"},"geometry":{"type":"LineString","coordinates":[[-73.98381,40.61157],[-73.98385,40.61153],[-73.98398,40.61141],[-73.98417,40.61123],[-73.98421,40.61118]]}},{"type":"Feature","properties":{"c":1,"s":"seg_42468814_42468987"},"geometry":{"type":"LineString","coordinates":[[-73.98421,40.61118],[-73.98433,40.61107],[-73.98437,40.61103]]}},{"type":"Feature","properties":{"c":1,"s":"seg_42468814_42468987"},"geometry":{"type":"LineString","coordinates":[[-73.98539,40.61004],[-73.98543,40.61],[-73.98554,40.60989]]}},{"type":"Feature","properties":{"c":1,"s":"seg_42468814_42468987"},"geometry":{"type":"LineString","coordinates":[[-73.98554,40.60989],[-73.98559,40.60985],[-73.98567,40.60977],[-73.98575,40.60968]]}},{"type":"Feature","properties":{"c":1,"s":"seg_42468814_42468987"},"geometry":{"type":"LineString","coordinates":[[-73.98613,40.60933],[-73.98607,40.60938],[-73.98575,40.60968]]}},{"type":"Feature","properties":{"c":1,"s":"seg_42468814_42468987"},"geometry":{"type":"LineString","coordinates":[[-73.98613,40.60933],[-73.98618,40.60928],[-73.98665,40.60882],[-73.98671,40.60877]]}},{"type":"Feature","properties":{"c":1,"s":"seg_42468814_42468987"},"geometry":{"type":"LineString","coordinates":[[-73.98671,40.60877],[-73.98675,40.60872],[-73.98717,40.60832],[-73.98726,40.60824],[-73.98739,40.60811]]}},{"type":"Feature","properties":{"c":2,"s":"seg_42501645_42509571"},"geometry":{"type":"LineString","coordinates":[[-73.98739,40.60811],[-73.98745,40.60824],[-73.98769,40.60839],[-73.98926,40.60933],[-73.98949,40.60947],[-73.98957,40.60952]]}},{"type":"Feature","properties":{"c":1,"s":"seg_42468814_42468987"},"geometry":{"type":"LineString","coordinates":[[-73.98739,40.60811],[-73.9875,40.60801],[-73.98766,40.60785],[-73.98796,40.60756]]}},{"type":"Feature","properties":{"c":1,"s":"seg_42468814_42468987"},"geometry":{"type":"LineString","coordinates":[[-73.98796,40.60756],[-73.9883,40.60723],[-73.98841,40.60712]]}},{"type":"Feature","properties":{"c":1,"s":"seg_42468814_42468987"},"geometry":{"type":"LineString","coordinates":[[-73.98854,40.60701],[-73.98841,40.60712]]}},{"type":"Feature","properties":{"c":1,"s":"seg_42468814_42468987"},"geometry":{"type":"LineString","coordinates":[[-73.98854,40.60701],[-73.98858,40.60697],[-73.9888,40.60676],[-73.98905,40.60652],[-73.98913,40.60645]]}},{"type":"Feature","properties":{"c":1,"s":"seg_42468814_42468987"},"geometry":{"type":"LineString","coordinates":[[-73.98913,40.60645],[-73.98918,40.60641],[-73.98924,40.60634],[-73.98966,40.60594],[-73.98971,40.60589]]}},{"type":"Feature","properties":{"c":1,"s":"seg_42469045_42469047"},"geometry":{"type":"LineString","coordinates":[[-73.98971,40.60589],[-73.98976,40.60584],[-73.99004,40.60557],[-73.99023,40.60538],[-73.99029,40.60533]]}},{"type":"Feature","properties":{"c":1,"s":"seg_42469045_42469047"},"geometry":{"type":"LineString","coordinates":[[-73.99029,40.60533],[-73.99034,40.60528],[-73.99052,40.60511],[-73.99083,40.60482],[-73.99087,40.60478]]}},{"type":"Feature","properties":{"c":1,"s":"seg_42469045_42469047"},"geometry":{"type":"LineString","coordinates":[[-73.99087,40.60478],[-73.99092,40.60473],[-73.99141,40.60427],[-73.99146,40.60422]]}},{"type":"Feature","properties":{"c":1,"s":"seg_42469045_42469047"},"geometry":{"type":"LineString","coordinates":[[-73.99146,40.60422],[-73.99151,40.60417],[-73.99179,40.60389],[-73.99198,40.6037],[-73.99204,40.60365]]}},{"type":"Feature","properties":{"c":1,"s":"seg_42469045_42469047"},"geometry":{"type":"LineString","coordinates":[[-73.99204,40.60365],[-73.99208,40.60361],[-73.99227,40.60343],[-73.99257,40.60314],[-73.99262,40.6031]]}},{"type":"Feature","properties":{"c":1,"s":"seg_42469045_42469047"},"geometry":{"type":"LineString","coordinates":[[-73.99262,40.6031],[-73.99267,40.60305],[-73.99315,40.60259],[-73.9932,40.60253]]}},{"type":"Feature","properties":{"c":1,"s":"seg_42469045_42469047"},"geometry":{"type":"LineString","coordinates":[[-73.9932,40.60253],[-73.99325,40.60249],[-73.99349,40.60225],[-73.99364,40.60211],[-73.99373,40.60203],[-73.99381,40.60194]]}},{"type":"Feature","properties":{"c":2,"s":"seg_42469045_42488002"},"geometry":{"type":"LineString","coordinates":[[-73.99381,40.60194],[-73.99393,40.60202],[-73.99402,40.60207],[-73.99459,40.60242]]}},{"type":"Feature","properties":{"c":2,"s":"seg_42469045_42488002"},"geometry":{"type":"LineString","coordinates":[[-73.99381,40.60194],[-73.99371,40.60188],[-73.99363,40.60183],[-73.99305,40.60148]]}},{"type":"Feature","properties":{"c":1,"s":"seg_42469045_42469047"},"geometry":{"type":"LineString","coordinates":[[-73.99381,40.60194],[-73.99392,40.60184],[-73.99527,40.60054],[-73.99553,40.6003],[-73.99559,40.60023]]}},{"type":"Feature","properties":{"c":1,"s":"seg_42469045_42469047"},"geometry":{"type":"LineString","coordinates":[[-73.99559,40.60023],[-73.99565,40.60018],[-73.99583,40.6],[-73.99704,40.59884],[-73.9972,40.59869],[-73.99726,40.59863],[-73.99734,40.59855]]}},{"type":"Feature","properties":{"c":1,"s":"seg_42469045_42469047"},"geometry":{"type":"LineString","coordinates":[[-73.99734,40.59855],[-73.99741,40.59849],[-73.99746,40.59844],[-73.99751,40.59839],[-73.99767,40.59824],[-73.99832,40.59761],[-73.99837,40.59755],[-73.99851,40.59742],[-73.99856,40.59737],[-73.99866,40.59728]]}},{"type":"Feature","properties":{"c":1,"s":"seg_42469045_42469047"},"geometry":{"type":"LineString","coordinates":[[-73.99944,40.59654],[-73.9995,40.59646]]}},{"type":"Feature","properties":{"c":1,"s":"seg_42469045_42469047"},"geometry":{"type":"LineString","coordinates":[[-73.99944,40.59654],[-73.9993,40.59668]]}},{"type":"Feature","properties":{"c":2,"s":"seg_2987758879_7725544404"},"geometry":{"type":"LineString","coordinates":[[-73.95276,40.73752],[-73.95277,40.73759],[-73.95279,40.7377],[-73.95284,40.73807],[-73.95286,40.73815],[-73.95287,40.73818],[-73.95287,40.7382],[-73.95288,40.73821],[-73.9529,40.73822],[-73.95292,40.73822],[-73.95295,40.73823],[-73.95298,40.73823],[-73.95301,40.73823],[-73.95304,40.73823],[-73.95309,40.73823],[-73.95317,40.73822]]}},{"type":"Feature","properties":{"c":2,"s":"seg_42493852_42493860"},"geometry":{"type":"LineString","coordinates":[[-73.98853,40.58654],[-73.98845,40.58644],[-73.98831,40.58627],[-73.98807,40.58597],[-73.98802,40.58591]]}},{"type":"Feature","properties":{"c":2,"s":"seg_42493380_598202954"},"geometry":{"type":"LineString","coordinates":[[-73.99437,40.70291],[-73.99447,40.70295],[-73.99453,40.70297],[-73.99459,40.70298],[-73.99463,40.70298],[-73.99467,40.70298],[-73.9947,40.70298],[-73.99473,40.70297],[-73.99474,40.70295],[-73.99476,40.70293],[-73.99478,40.70288]]}},{"type":"Feature","properties":{"c":2,"s":"seg_42501872_42466432"},"geometry":{"type":"LineString","coordinates":[[-73.95858,40.69055],[-73.95943,40.69045]]}},{"type":"Feature","properties":{"c":1,"s":"seg_42481534_42482227"},"geometry":{"type":"LineString","coordinates":[[-73.95931,40.69421],[-73.95923,40.69423],[-73.95891,40.69426],[-73.95842,40.69432],[-73.95808,40.69436],[-73.958,40.69437]]}},{"type":"Feature","properties":{"c":1,"s":"seg_42481534_42482227"},"geometry":{"type":"LineString","coordinates":[[-73.95931,40.69421],[-73.9594,40.6942],[-73.96009,40.69412],[-73.96016,40.69412]]}},{"type":"Feature","properties":{"c":2,"s":"seg_42469437_42469447"},"geometry":{"type":"LineString","coordinates":[[-73.9602,40.69846],[-73.96018,40.69839],[-73.96007,40.69784]]}},{"type":"Feature","properties":{"c":2,"s":"seg_42469437_42469447"},"geometry":{"type":"LineString","coordinates":[[-73.9602,40.69846],[-73.96022,40.69855],[-73.96033,40.69909],[-73.96036,40.69913],[-73.96047,40.69918]]}},{"type":"Feature","properties":{"c":1,"s":"seg_42469382_42504062"},"geometry":{"type":"LineString","coordinates":[[-73.9602,40.69846],[-73.96011,40.69848],[-73.95894,40.69866],[-73.95886,40.69868]]}},{"type":"Feature","properties":{"c":1,"s":"seg_42469382_42504062"},"geometry":{"type":"LineString","coordinates":[[-73.9602,40.69846],[-73.96029,40.69845],[-73.961,40.69834],[-73.96105,40.69833]]}},{"type":"Feature","properties":{"c":2,"s":"seg_42469437_42469447"},"geometry":{"type":"LineString","coordinates":[[-73.96047,40.69918],[-73.96058,40.69924],[-73.96096,40.69945],[-73.96103,40.69949]]}},{"type":"Feature","properties":{"c":2,"s":"seg_42469437_42469447"},"geometry":{"type":"LineString","coordinates":[[-73.96103,40.69949],[-73.96107,40.69955],[-73.96122,40.69966],[-73.9614,40.69977],[-73.96161,40.69992]]}},{"type":"Feature","properties":{"c":2,"s":"seg_42469437_42469447"},"geometry":{"type":"LineString","coordinates":[[-73.96161,40.69992],[-73.96189,40.70011],[-73.96215,40.70027]]}},{"type":"Feature","properties":{"c":2,"s":"seg_42469437_42469447"},"geometry":{"type":"LineString","coordinates":[[-73.96215,40.70027],[-73.96224,40.70033],[-73.96248,40.70051]]}},{"type":"Feature","properties":{"c":2,"s":"seg_42469437_42469447"},"geometry":{"type":"LineString","coordinates":[[-73.96248,40.70051],[-73.9626,40.70061],[-73.96278,40.70075],[-73.96306,40.70098],[-73.96315,40.70105]]}},{"type":"Feature","properties":{"c":2,"s":"seg_42469437_42469447"},"geometry":{"type":"LineString","coordinates":[[-73.96315,40.70105],[-73.96321,40.7011],[-73.9637,40.70149],[-73.96382,40.70159]]}},{"type":"Feature","properties":{"c":2,"s":"seg_42469437_42469447"},"geometry":{"type":"LineString","coordinates":[[-73.96382,40.70159],[-73.96446,40.70211]]}},{"type":"Feature","properties":{"c":2,"s":"seg_42469437_42469447"},"geometry":{"type":"LineString","coordinates":[[-73.96446,40.70211],[-73.96514,40.70265]]}},{"type":"Feature","properties":{"c":2,"s":"seg_42469437_42469447"},"geometry":{"type":"LineString","coordinates":[[-73.96514,40.70265],[-73.96537,40.70284],[-73.96547,40.70291],[-73.96573,40.70312],[-73.9658,40.70317]]}},{"type":"Feature","properties":{"c":2,"s":"seg_42469437_42469447"},"geometry":{"type":"LineString","coordinates":[[-73.96586,40.70323],[-73.96591,40.70327],[-73.96622,40.70352],[-73.96649,40.70374]]}},{"type":"Feature","properties":{"c":2,"s":"seg_42469437_42469447"},"geometry":{"type":"LineString","coordinates":[[-73.96649,40.70374],[-73.96675,40.7039]]}},{"type":"Feature","properties":{"c":2,"s":"seg_42469437_42469447"},"geometry":{"type":"LineString","coordinates":[[-73.96716,40.70426],[-73.96706,40.70416],[-73.96675,40.7039]]}},{"type":"Feature","properties":{"c":2,"s":"seg_42469437_42469447"},"geometry":{"type":"LineString","coordinates":[[-73.96716,40.70426],[-73.96724,40.70435],[-73.96728,40.70439],[-73.96732,40.70443],[-73.96736,40.70448],[-73.96739,40.70453],[-73.96742,40.70458],[-73.96745,40.70464],[-73.96759,40.70497],[-73.96793,40.70574],[-73.96802,40.70597],[-73.9682,40.70637],[-73.96832,40.70667],[-73.96833,40.70671],[-73.96833,40.70674],[-73.96836,40.70685]]}},{"type":"Feature","properties":{"c":2,"s":"seg_42469437_42469447"},"geometry":{"type":"LineString","coordinates":[[-73.96836,40.70685],[-73.96837,40.70694],[-73.96838,40.70711],[-73.9684,40.70769],[-73.9684,40.70775]]}},{"type":"Feature","properties":{"c":2,"s":"seg_42469437_42469447"},"geometry":{"type":"LineString","coordinates":[[-73.9684,40.70775],[-73.9684,40.70783],[-73.96844,40.70848]]}},{"type":"Feature","properties":{"c":2,"s":"seg_42469437_42469447"},"geometry":{"type":"LineString","coordinates":[[-73.9685,40.71004],[-73.96851,40.71011],[-73.96852,40.71044],[-73.96854,40.7106],[-73.96853,40.71064],[-73.96853,40.71068],[-73.96852,40.71074],[-73.96851,40.71079]]}},{"type":"Feature","properties":{"c":2,"s":"seg_42469478_42469485"},"geometry":{"type":"LineString","coordinates":[[-73.96849,40.71086],[-73.96847,40.7109],[-73.96846,40.71093],[-73.96844,40.71097],[-73.96819,40.71153],[-73.96815,40.71163],[-73.96804,40.71186],[-73.96802,40.71192]]}},{"type":"Feature","properties":{"c":2,"s":"seg_42469478_42469485"},"geometry":{"type":"LineString","coordinates":[[-73.9677,40.7126],[-73.96768,40.71266],[-73.96739,40.71329]]}},{"type":"Feature","properties":{"c":2,"s":"seg_42469478_42469485"},"geometry":{"type":"LineString","coordinates":[[-73.96739,40.71329],[-73.96715,40.71386],[-73.96712,40.71392]]}},{"type":"Feature","properties":{"c":2,"s":"seg_42469478_42469485"},"geometry":{"type":"LineString","coordinates":[[-73.96712,40.71392],[-73.96709,40.71399],[-73.96699,40.71421],[-73.96678,40.71467],[-73.96676,40.71473]]}},{"type":"Feature","properties":{"c":2,"s":"seg_42469478_42469485"},"geometry":{"type":"LineString","coordinates":[[-73.9664,40.71552],[-73.96636,40.71559],[-73.96632,40.71569],[-73.96623,40.71587],[-73.96611,40.71613],[-73.96607,40.7162]]}},{"type":"Feature","properties":{"c":2,"s":"seg_42469478_42469485"},"geometry":{"type":"LineString","coordinates":[[-73.96607,40.7162],[-73.96603,40.71627],[-73.96598,40.71632],[-73.96553,40.71674],[-73.96528,40.71697],[-73.96524,40.71701]]}},{"type":"Feature","properties":{"c":2,"s":"seg_42469478_42469485"},"geometry":{"type":"LineString","coordinates":[[-73.96524,40.71701],[-73.96519,40.71706],[-73.96502,40.71722],[-73.96478,40.71745],[-73.96471,40.71751]]}},{"type":"Feature","properties":{"c":3,"s":"seg_42484164_42484167"},"geometry":{"type":"LineString","coordinates":[[-73.96471,40.71751],[-73.96478,40.71754],[-73.96482,40.71757],[-73.96512,40.71774],[-73.96516,40.71776],[-73.9652,40.71779]]}},{"type":"Feature","properties":{"c":2,"s":"seg_42484164_42484167"},"geometry":{"type":"LineString","coordinates":[[-73.96471,40.71751],[-73.96465,40.71748],[-73.96347,40.71681],[-73.96339,40.71677]]}},{"type":"Feature","properties":{"c":2,"s":"seg_42469478_42469485"},"geometry":{"type":"LineString","coordinates":[[-73.96471,40.71751],[-73.96464,40.71757],[-73.96445,40.71775],[-73.96439,40.7178],[-73.96416,40.71801],[-73.96411,40.71806]]}},{"type":"Feature","properties":{"c":2,"s":"seg_42469478_42469485"},"geometry":{"type":"LineString","coordinates":[[-73.96411,40.71806],[-73.96406,40.71811],[-73.96373,40.71841],[-73.96353,40.7186],[-73.96348,40.71865]]}},{"type":"Feature","properties":{"c":2,"s":"seg_42469478_42469485"},"geometry":{"type":"LineString","coordinates":[[-73.96348,40.71865],[-73.96343,40.7187],[-73.9631,40.71901],[-73.96295,40.71915],[-73.96289,40.7192]]}},{"type":"Feature","properties":{"c":2,"s":"seg_42469478_42469485"},"geometry":{"type":"LineString","coordinates":[[-73.96289,40.7192],[-73.96283,40.71926],[-73.96252,40.71955],[-73.96238,40.71968],[-73.96235,40.7197],[-73.96229,40.71976]]}},{"type":"Feature","properties":{"c":2,"s":"seg_42469478_42469485"},"geometry":{"type":"LineString","coordinates":[[-73.96229,40.71976],[-73.96223,40.71981],[-73.96193,40.7201],[-73.96175,40.72026],[-73.9617,40.72032]]}},{"type":"Feature","properties":{"c":2,"s":"seg_42469478_42469485"},"geometry":{"type":"LineString","coordinates":[[-73.9617,40.72032],[-73.96165,40.72036],[-73.96115,40.72082],[-73.96111,40.72086]]}},{"type":"Feature","properties":{"c":2,"s":"seg_42469478_42469485"},"geometry":{"type":"LineString","coordinates":[[-73.96111,40.72086],[-73.96104,40.72092],[-73.96057,40.72137],[-73.96052,40.72142]]}},{"type":"Feature","properties":{"c":2,"s":"seg_42469478_42469485"},"geometry":{"type":"LineString","coordinates":[[-73.96052,40.72142],[-73.96046,40.72147],[-73.96023,40.72168],[-73.96009,40.72181],[-73.95997,40.72192],[-73.95992,40.72197]]}},{"type":"Feature","properties":{"c":2,"s":"seg_42469478_42469485"},"geometry":{"type":"LineString","coordinates":[[-73.95992,40.72197],[-73.95986,40.72202],[-73.95974,40.72214],[-73.9596,40.72227],[-73.9595,40.72236],[-73.95937,40.72248],[-73.95933,40.72252]]}},{"type":"Feature","properties":{"c":2,"s":"seg_42469478_42469485"},"geometry":{"type":"LineString","coordinates":[[-73.95933,40.72252],[-73.95927,40.72257],[-73.95914,40.7227],[-73.95901,40.72282],[-73.95891,40.72292],[-73.95879,40.72303],[-73.95874,40.72308]]}},{"type":"Feature","properties":{"c":2,"s":"seg_42469478_42469485"},"geometry":{"type":"LineString","coordinates":[[-73.95874,40.72308],[-73.95868,40.72313],[-73.95853,40.72327],[-73.95844,40.72335],[-73.9583,40.72348],[-73.95814,40.72363]]}},{"type":"Feature","properties":{"c":2,"s":"seg_42469478_42469485"},"geometry":{"type":"LineString","coordinates":[[-73.95814,40.72363],[-73.95783,40.72392],[-73.95781,40.72394],[-73.9578,40.72396],[-73.95779,40.72398],[-73.95777,40.72399],[-73.95777,40.72402],[-73.95776,40.72404],[-73.95775,40.72407],[-73.95772,40.72418],[-73.95769,40.72427]]}},{"type":"Feature","properties":{"c":2,"s":"seg_42469534_42506291"},"geometry":{"type":"LineString","coordinates":[[-73.95769,40.72427],[-73.95763,40.72423],[-73.95742,40.7241],[-73.95712,40.72392],[-73.95634,40.72344],[-73.95628,40.72339]]}},{"type":"Feature","properties":{"c":2,"s":"seg_42469540_42503083"},"geometry":{"type":"LineString","coordinates":[[-73.98462,40.59347],[-73.98464,40.59355]]}},{"type":"Feature","properties":{"c":2,"s":"seg_42469540_42503083"},"geometry":{"type":"LineString","coordinates":[[-73.98462,40.59347],[-73.9846,40.59336],[-73.98453,40.59299],[-73.98443,40.5925]]}},{"type":"Feature","properties":{"c":2,"s":"seg_42472449_42493786"},"geometry":{"type":"LineString","coordinates":[[-73.99006,40.58845],[-73.98998,40.58836],[-73.98965,40.58794],[-73.9896,40.58786]]}},{"type":"Feature","properties":{"c":2,"s":"seg_42469382_42504062"},"geometry":{"type":"LineString","coordinates":[[-73.97077,40.69785],[-73.97063,40.69785],[-73.97051,40.69784],[-73.96984,40.69782],[-73.96973,40.69781]]}},{"type":"Feature","properties":{"c":2,"s":"seg_42469624_42469626"},"geometry":{"type":"LineString","coordinates":[[-73.97043,40.6961],[-73.97037,40.69582]]}},{"type":"Feature","properties":{"c":2,"s":"seg_42469624_42469626"},"geometry":{"type":"LineString","coordinates":[[-73.97037,40.69582],[-73.97036,40.69577],[-73.97009,40.6944],[-73.96985,40.69322],[-73.96983,40.69313]]}},{"type":"Feature","properties":{"c":1,"s":"seg_42467024_42469614"},"geometry":{"type":"LineString","coordinates":[[-73.96983,40.69313],[-73.96973,40.69313],[-73.96896,40.69311],[-73.96892,40.69311],[-73.96881,40.69311]]}},{"type":"Feature","properties":{"c":2,"s":"seg_42469624_42469626"},"geometry":{"type":"LineString","coordinates":[[-73.96983,40.69313],[-73.96981,40.69305],[-73.96974,40.69266],[-73.96958,40.69188],[-73.96953,40.69163],[-73.96952,40.69156]]}},{"type":"Feature","properties":{"c":2,"s":"seg_42469624_42469626"},"geometry":{"type":"LineString","coordinates":[[-73.96952,40.69156],[-73.96951,40.69151],[-73.96941,40.69101],[-73.96912,40.68955],[-73.9691,40.68947]]}},{"type":"Feature","properties":{"c":2,"s":"seg_42469624_42469626"},"geometry":{"type":"LineString","coordinates":[[-73.9691,40.68947],[-73.96909,40.68939],[-73.9688,40.68795],[-73.96878,40.68787]]}},{"type":"Feature","properties":{"c":2,"s":"seg_42501872_42466432"},"geometry":{"type":"LineString","coordinates":[[-73.9691,40.68947],[-73.96921,40.68947],[-73.96965,40.68949],[-73.97004,40.6895],[-73.97013,40.68951]]}},{"type":"Feature","properties":{"c":2,"s":"seg_42469624_42469626"},"geometry":{"type":"LineString","coordinates":[[-73.96878,40.68787],[-73.96877,40.6878],[-73.96851,40.68648],[-73.96849,40.6864]]}},{"type":"Feature","properties":{"c":2,"s":"seg_42469624_42469626"},"geometry":{"type":"LineString","coordinates":[[-73.96849,40.6864],[-73.96848,40.68635],[-73.96807,40.68429],[-73.96805,40.6842]]}},{"type":"Feature","properties":{"c":2,"s":"seg_42469624_42469626"},"geometry":{"type":"LineString","coordinates":[[-73.96767,40.68096],[-73.9677,40.68089],[-73.96777,40.68068],[-73.96781,40.68057],[-73.96784,40.6805],[-73.96793,40.68026],[-73.96796,40.68019]]}},{"type":"Feature","properties":{"c":2,"s":"seg_42469624_42469626"},"geometry":{"type":"LineString","coordinates":[[-73.96767,40.68096],[-73.96765,40.68103],[-73.96752,40.68138],[-73.96747,40.68154],[-73.96745,40.68158],[-73.9675,40.6817]]}},{"type":"Feature","properties":{"c":2,"s":"seg_42469624_42469626"},"geometry":{"type":"LineString","coordinates":[[-73.96796,40.68019],[-73.96798,40.68012],[-73.9682,40.6795],[-73.96823,40.67942]]}},{"type":"Feature","properties":{"c":2,"s":"seg_42469624_42469626"},"geometry":{"type":"LineString","coordinates":[[-73.96823,40.67942],[-73.96825,40.67935],[-73.96826,40.67933],[-73.96839,40.67897],[-73.96852,40.67862],[-73.96855,40.67854]]}},{"type":"Feature","properties":{"c":2,"s":"seg_42469624_42469626"},"geometry":{"type":"LineString","coordinates":[[-73.96855,40.67854],[-73.96862,40.67849],[-73.96889,40.67775],[-73.96887,40.67767]]}},{"type":"Feature","properties":{"c":2,"s":"seg_42469624_42469626"},"geometry":{"type":"LineString","coordinates":[[-73.96887,40.67767],[-73.96889,40.6776],[-73.96903,40.67722],[-73.96916,40.67686],[-73.96918,40.67679]]}},{"type":"Feature","properties":{"c":2,"s":"seg_42469624_42469626"},"geometry":{"type":"LineString","coordinates":[[-73.96918,40.67679],[-73.96921,40.67672],[-73.96947,40.67598],[-73.9695,40.67591]]}},{"type":"Feature","properties":{"c":2,"s":"seg_42469624_42469626"},"geometry":{"type":"LineString","coordinates":[[-73.9695,40.67591],[-73.96952,40.67584],[-73.96958,40.67566],[-73.96966,40.67545],[-73.96969,40.67537]]}},{"type":"Feature","properties":{"c":2,"s":"seg_42469624_42469626"},"geometry":{"type":"LineString","coordinates":[[-73.96969,40.67537],[-73.96973,40.67527],[-73.9698,40.67508]]}},{"type":"Feature","properties":{"c":1,"s":"seg_42510734_42516074"},"geometry":{"type":"LineString","coordinates":[[-73.99446,40.6638],[-73.99439,40.66385],[-73.99412,40.66412],[-73.99402,40.66422],[-73.99393,40.6643],[-73.99387,40.66436]]}},{"type":"Feature","properties":{"c":2,"s":"seg_42471906_42487870"},"geometry":{"type":"LineString","coordinates":[[-74.01105,40.67893],[-74.0111,40.67889],[-74.01162,40.67844],[-74.01168,40.67839]]}},{"type":"Feature","properties":{"c":1,"s":"seg_42496975_42475971"},"geometry":{"type":"LineString","coordinates":[[-73.98715,40.67213],[-73.9871,40.6722],[-73.98665,40.67273]]}},{"type":"Feature","properties":{"c":2,"s":"seg_42472058_42500825"},"geometry":{"type":"LineString","coordinates":[[-73.91108,40.63693],[-73.91116,40.63688],[-73.91172,40.63651],[-73.91179,40.63647]]}},{"type":"Feature","properties":{"c":2,"s":"seg_42472058_42500825"},"geometry":{"type":"LineString","coordinates":[[-73.91108,40.63693],[-73.91101,40.63697],[-73.91086,40.63707],[-73.91083,40.6371],[-73.91065,40.63721],[-73.91061,40.63723],[-73.91044,40.63735],[-73.91037,40.63739]]}},{"type":"Feature","properties":{"c":1,"s":"seg_42501277_42505519"},"geometry":{"type":"LineString","coordinates":[[-73.93114,40.69467],[-73.93121,40.69471]]}},{"type":"Feature","properties":{"c":1,"s":"seg_42501277_42505519"},"geometry":{"type":"LineString","coordinates":[[-73.93114,40.69467],[-73.93108,40.69464],[-73.93051,40.69432]]}},{"type":"Feature","properties":{"c":3,"s":"seg_7964524502_1257569840"},"geometry":{"type":"LineString","coordinates":[[-73.90058,40.62634],[-73.90054,40.6264],[-73.90006,40.62704],[-73.89988,40.62721]]}},{"type":"Feature","properties":{"c":3,"s":"seg_7964524502_1257569840"},"geometry":{"type":"LineString","coordinates":[[-73.90058,40.62634],[-73.90069,40.62622],[-73.90106,40.62573]]}},{"type":"Feature","properties":{"c":2,"s":"seg_7964524502_1257569840"},"geometry":{"type":"LineString","coordinates":[[-73.89948,40.6276],[-73.89958,40.62752],[-73.89962,40.6275],[-73.89973,40.62741]]}},{"type":"Feature","properties":{"c":2,"s":"seg_7964524502_1257569840"},"geometry":{"type":"LineString","coordinates":[[-73.89872,40.62807],[-73.89948,40.6276]]}},{"type":"Feature","properties":{"c":2,"s":"seg_7964524502_1257569840"},"geometry":{"type":"LineString","coordinates":[[-73.89797,40.62854],[-73.89834,40.62831],[-73.89872,40.62807]]}},{"type":"Feature","properties":{"c":2,"s":"seg_7964524502_1257569840"},"geometry":{"type":"LineString","coordinates":[[-73.89725,40.629],[-73.89797,40.62854]]}},{"type":"Feature","properties":{"c":2,"s":"seg_7964524502_1257569840"},"geometry":{"type":"LineString","coordinates":[[-73.89582,40.62992],[-73.89588,40.62988],[-73.89621,40.62967],[-73.89647,40.62951],[-73.89653,40.62946]]}},{"type":"Feature","properties":{"c":2,"s":"seg_7964524502_1257569840"},"geometry":{"type":"LineString","coordinates":[[-73.89428,40.63092],[-73.89489,40.63053],[-73.89492,40.63051],[-73.89503,40.63042]]}},{"type":"Feature","properties":{"c":2,"s":"seg_7964524502_1257569840"},"geometry":{"type":"LineString","coordinates":[[-73.89356,40.63138],[-73.89428,40.63092]]}},{"type":"Feature","properties":{"c":2,"s":"seg_7964524502_1257569840"},"geometry":{"type":"LineString","coordinates":[[-73.89285,40.63185],[-73.8929,40.63181],[-73.89312,40.63167],[-73.89356,40.63138]]}},{"type":"Feature","properties":{"c":2,"s":"seg_7964524502_1257569840"},"geometry":{"type":"LineString","coordinates":[[-73.89221,40.63225],[-73.89232,40.63218],[-73.89277,40.6319],[-73.89285,40.63185]]}},{"type":"Feature","properties":{"c":2,"s":"seg_7964524502_1257569840"},"geometry":{"type":"LineString","coordinates":[[-73.89143,40.63277],[-73.89149,40.63272],[-73.89166,40.63261],[-73.89206,40.63235],[-73.89221,40.63225]]}},{"type":"Feature","properties":{"c":2,"s":"seg_7964524502_1257569840"},"geometry":{"type":"LineString","coordinates":[[-73.89056,40.63333],[-73.89135,40.63282],[-73.89143,40.63277]]}},{"type":"Feature","properties":{"c":2,"s":"seg_42463529_42463202"},"geometry":{"type":"LineString","coordinates":[[-73.88976,40.63386],[-73.8897,40.63373]]}},{"type":"Feature","properties":{"c":2,"s":"seg_42468439_42470180"},"geometry":{"type":"LineString","coordinates":[[-73.88976,40.63386],[-73.88989,40.63376],[-73.88998,40.63371],[-73.89029,40.63351],[-73.89045,40.6334],[-73.89056,40.63333]]}},{"type":"Feature","properties":{"c":2,"s":"seg_42512650_42512652"},"geometry":{"type":"LineString","coordinates":[[-73.88976,40.63386],[-73.88983,40.63392],[-73.88993,40.63401],[-73.89005,40.63412],[-73.8902,40.63425],[-73.89029,40.63434],[-73.89102,40.63499],[-73.89132,40.63526],[-73.89144,40.63537],[-73.89148,40.6354],[-73.89157,40.63548]]}},{"type":"Feature","properties":{"c":2,"s":"seg_42468439_42470180"},"geometry":{"type":"LineString","coordinates":[[-73.88888,40.63442],[-73.88896,40.63437],[-73.88929,40.63416],[-73.88954,40.634],[-73.8896,40.63396],[-73.88976,40.63386]]}},{"type":"Feature","properties":{"c":2,"s":"seg_42468439_42470180"},"geometry":{"type":"LineString","coordinates":[[-73.88815,40.6349],[-73.8882,40.63486],[-73.88879,40.63448],[-73.88888,40.63442]]}},{"type":"Feature","properties":{"c":2,"s":"seg_42468439_42470180"},"geometry":{"type":"LineString","coordinates":[[-73.88742,40.63538],[-73.88767,40.63521],[-73.88815,40.6349]]}},{"type":"Feature","properties":{"c":2,"s":"seg_42468439_42470180"},"geometry":{"type":"LineString","coordinates":[[-73.88672,40.63583],[-73.88679,40.63579],[-73.88742,40.63538]]}},{"type":"Feature","properties":{"c":2,"s":"seg_42468439_42470180"},"geometry":{"type":"LineString","coordinates":[[-73.88602,40.63628],[-73.88608,40.63624],[-73.88664,40.63588],[-73.88672,40.63583]]}},{"type":"Feature","properties":{"c":2,"s":"seg_42468439_42470180"},"geometry":{"type":"LineString","coordinates":[[-73.88526,40.63677],[-73.88588,40.63637],[-73.88592,40.63634],[-73.88602,40.63628]]}},{"type":"Feature","properties":{"c":2,"s":"seg_42468439_42470180"},"geometry":{"type":"LineString","coordinates":[[-73.88451,40.63725],[-73.88459,40.6372],[-73.88526,40.63677]]}},{"type":"Feature","properties":{"c":2,"s":"seg_42468439_42470180"},"geometry":{"type":"LineString","coordinates":[[-73.88377,40.63773],[-73.88385,40.63768],[-73.88443,40.6373],[-73.88451,40.63725]]}},{"type":"Feature","properties":{"c":3,"s":"seg_42518929_42525105"},"geometry":{"type":"LineString","coordinates":[[-73.88115,40.66827],[-73.88123,40.66826],[-73.8819,40.66816],[-73.88197,40.66815]]}},{"type":"Feature","properties":{"c":2,"s":"seg_42472573_42475212"},"geometry":{"type":"LineString","coordinates":[[-73.8848,40.68415],[-73.88475,40.68418],[-73.88467,40.68421],[-73.8839,40.68457]]}},{"type":"Feature","properties":{"c":2,"s":"seg_42472573_42475212"},"geometry":{"type":"LineString","coordinates":[[-73.8848,40.68415],[-73.8849,40.6841],[-73.88559,40.68378],[-73.88565,40.68375]]}},{"type":"Feature","properties":{"c":2,"s":"seg_42469382_42504062"},"geometry":{"type":"LineString","coordinates":[[-73.97378,40.69798],[-73.97369,40.69797],[-73.97281,40.69794]]}},{"type":"Feature","properties":{"c":1,"s":"seg_42467024_42469614"},"geometry":{"type":"LineString","coordinates":[[-73.97285,40.69325],[-73.97278,40.69324],[-73.97197,40.69321],[-73.97187,40.69321]]}},{"type":"Feature","properties":{"c":1,"s":"seg_42467024_42469614"},"geometry":{"type":"LineString","coordinates":[[-73.97285,40.69325],[-73.97295,40.69325],[-73.97332,40.69326]]}},{"type":"Feature","properties":{"c":2,"s":"seg_42501872_42466432"},"geometry":{"type":"LineString","coordinates":[[-73.97214,40.68958],[-73.97223,40.68959],[-73.97304,40.68962],[-73.97313,40.68962]]}},{"type":"Feature","properties":{"c":1,"s":"seg_42465230_4207763060"},"geometry":{"type":"LineString","coordinates":[[-73.97072,40.68251],[-73.97083,40.68253],[-73.97127,40.68262],[-73.9717,40.68271],[-73.97181,40.68273]]}},{"type":"Feature","properties":{"c":1,"s":"seg_42481948_544352735"},"geometry":{"type":"LineString","coordinates":[[-73.97245,40.67717],[-73.97199,40.67654],[-73.97191,40.67642]]}},{"type":"Feature","properties":{"c":1,"s":"seg_42467024_42469614"},"geometry":{"type":"LineString","coordinates":[[-73.97916,40.69349],[-73.9793,40.6935],[-73.98097,40.69356],[-73.98102,40.69356],[-73.98164,40.69358],[-73.98174,40.69359]]}},{"type":"Feature","properties":{"c":1,"s":"seg_42467024_42469614"},"geometry":{"type":"LineString","coordinates":[[-73.97916,40.69349],[-73.97904,40.69349],[-73.97842,40.69346],[-73.97792,40.69344],[-73.97782,40.69344]]}},{"type":"Feature","properties":{"c":2,"s":"seg_42470545_451663024"},"geometry":{"type":"LineString","coordinates":[[-74.03556,40.63974],[-74.03562,40.63967],[-74.0357,40.63953],[-74.03592,40.6389],[-74.03595,40.63881]]}},{"type":"Feature","properties":{"c":1,"s":"seg_42470545_451663024"},"geometry":{"type":"LineString","coordinates":[[-74.03556,40.63974],[-74.03554,40.6398],[-74.03552,40.63988],[-74.03551,40.63991],[-74.03549,40.63994],[-74.03547,40.63997],[-74.0354,40.64006],[-74.03534,40.64015],[-74.03527,40.64023],[-74.03519,40.64031],[-74.03511,40.64039],[-74.03503,40.64047],[-74.03494,40.64054],[-74.03483,40.64062],[-74.03473,40.6407],[-74.03458,40.64079],[-74.03444,40.64087],[-74.0343,40.64094],[-74.03415,40.64101],[-74.034,40.64107],[-74.03383,40.64113],[-74.03366,40.64119],[-74.0335,40.64124],[-74.03334,40.64129],[-74.03317,40.64133]]}},{"type":"Feature","properties":{"c":2,"s":"seg_42470545_451663024"},"geometry":{"type":"LineString","coordinates":[[-74.03724,40.63598],[-74.03695,40.63625],[-74.03689,40.63631],[-74.03666,40.63652],[-74.03661,40.63657]]}},{"type":"Feature","properties":{"c":2,"s":"seg_42470545_451663024"},"geometry":{"type":"LineString","coordinates":[[-74.03724,40.63598],[-74.03737,40.63586],[-74.03744,40.63576],[-74.03745,40.63574],[-74.03749,40.63568],[-74.03752,40.63562],[-74.03754,40.63555],[-74.03755,40.63547],[-74.03755,40.63542],[-74.03754,40.63537],[-74.03753,40.6353],[-74.0375,40.63524],[-74.03741,40.63509],[-74.03727,40.63494],[-74.03693,40.63461],[-74.03687,40.63454],[-74.03682,40.63447],[-74.03679,40.63441],[-74.03677,40.63435]]}},{"type":"Feature","properties":{"c":2,"s":"seg_42488830_42509512"},"geometry":{"type":"LineString","coordinates":[[-74.03692,40.63364],[-74.03682,40.63362],[-74.03595,40.6334],[-74.03584,40.63337]]}},{"type":"Feature","properties":{"c":2,"s":"seg_42470545_451663024"},"geometry":{"type":"LineString","coordinates":[[-74.03692,40.63364],[-74.03697,40.63357],[-74.03711,40.63336],[-74.03722,40.63321],[-74.03749,40.63283],[-74.03769,40.63256],[-74.0379,40.63229]]}},{"type":"Feature","properties":{"c":2,"s":"seg_42470545_451663024"},"geometry":{"type":"LineString","coordinates":[[-74.03692,40.63364],[-74.0369,40.63368],[-74.03688,40.63373],[-74.03684,40.63382],[-74.0368,40.63394],[-74.03679,40.63396],[-74.03677,40.63402],[-74.03676,40.63407],[-74.03675,40.63414],[-74.03675,40.63421],[-74.03676,40.63428],[-74.03677,40.63435]]}},{"type":"Feature","properties":{"c":2,"s":"seg_42470545_451663024"},"geometry":{"type":"LineString","coordinates":[[-74.0379,40.63229],[-74.03841,40.63172]]}},{"type":"Feature","properties":{"c":2,"s":"seg_42470545_451663024"},"geometry":{"type":"LineString","coordinates":[[-74.03841,40.63172],[-74.03854,40.63158],[-74.0387,40.63142],[-74.03872,40.63139],[-74.03881,40.63131]]}},{"type":"Feature","properties":{"c":2,"s":"seg_42470545_451663024"},"geometry":{"type":"LineString","coordinates":[[-74.03881,40.63131],[-74.03887,40.63126],[-74.03925,40.63095],[-74.03943,40.63079],[-74.0396,40.63063]]}},{"type":"Feature","properties":{"c":2,"s":"seg_42470780_42508104"},"geometry":{"type":"LineString","coordinates":[[-74.03877,40.61718],[-74.03866,40.61722],[-74.03664,40.61794],[-74.03658,40.61796],[-74.03649,40.61799]]}},{"type":"Feature","properties":{"c":2,"s":"seg_42470816_42481797"},"geometry":{"type":"LineString","coordinates":[[-73.9437,40.61021],[-73.94369,40.61016],[-73.94366,40.60995],[-73.94364,40.60986]]}},{"type":"Feature","properties":{"c":2,"s":"seg_42470816_42481797"},"geometry":{"type":"LineString","coordinates":[[-73.9437,40.61021],[-73.94372,40.61033],[-73.94376,40.61051],[-73.94385,40.61099],[-73.94392,40.61132],[-73.94395,40.61149],[-73.94403,40.61187],[-73.94405,40.61201]]}},{"type":"Feature","properties":{"c":1,"s":"seg_42470889_42491895"},"geometry":{"type":"LineString","coordinates":[[-73.93173,40.61793],[-73.93183,40.61801],[-73.93235,40.61849],[-73.93242,40.61856]]}},{"type":"Feature","properties":{"c":1,"s":"seg_42470889_42491895"},"geometry":{"type":"LineString","coordinates":[[-73.93173,40.61793],[-73.93165,40.61786],[-73.93154,40.61776],[-73.93153,40.61774],[-73.93144,40.61767],[-73.93109,40.61735],[-73.93105,40.61732],[-73.93096,40.61724],[-73.93078,40.61708],[-73.9306,40.61692]]}},{"type":"Feature","properties":{"c":2,"s":"seg_42470903_42512810"},"geometry":{"type":"LineString","coordinates":[[-73.95319,40.60882],[-73.95318,40.60873],[-73.95309,40.6083],[-73.95281,40.60688],[-73.95275,40.60652],[-73.95274,40.60644],[-73.95272,40.60636]]}},{"type":"Feature","properties":{"c":2,"s":"seg_42470903_42512810"},"geometry":{"type":"LineString","coordinates":[[-73.95319,40.60882],[-73.95321,40.6089],[-73.95329,40.60932],[-73.95345,40.61015],[-73.95353,40.61059],[-73.95354,40.61066]]}},{"type":"Feature","properties":{"c":2,"s":"seg_42470816_42481797"},"geometry":{"type":"LineString","coordinates":[[-73.94364,40.60986],[-73.94363,40.60978],[-73.94358,40.60947],[-73.94357,40.60937]]}},{"type":"Feature","properties":{"c":2,"s":"seg_42474631_42491304"},"geometry":{"type":"LineString","coordinates":[[-73.98685,40.60511],[-73.98682,40.60498],[-73.9868,40.60485],[-73.98679,40.60478],[-73.98664,40.60404]]}},{"type":"Feature","properties":{"c":1,"s":"seg_42508808_42508812"},"geometry":{"type":"LineString","coordinates":[[-73.96726,40.60727],[-73.96728,40.60735],[-73.96736,40.60778],[-73.9674,40.608],[-73.96754,40.60865],[-73.96765,40.60931],[-73.96767,40.60941]]}},{"type":"Feature","properties":{"c":1,"s":"seg_42508841_42508845"},"geometry":{"type":"LineString","coordinates":[[-73.96726,40.60727],[-73.96725,40.60719],[-73.96716,40.60674],[-73.96711,40.60645],[-73.96706,40.6062],[-73.96698,40.60575],[-73.96696,40.60567]]}},{"type":"Feature","properties":{"c":2,"s":"seg_42489214_42489219"},"geometry":{"type":"LineString","coordinates":[[-73.96197,40.60786],[-73.96196,40.60776],[-73.96191,40.60747],[-73.96191,40.60743],[-73.9619,40.60735]]}},{"type":"Feature","properties":{"c":2,"s":"seg_42489214_42489219"},"geometry":{"type":"LineString","coordinates":[[-73.96197,40.60786],[-73.96198,40.60794],[-73.96206,40.60834],[-73.96223,40.60919],[-73.96228,40.60948],[-73.96231,40.60963],[-73.96236,40.60988],[-73.96238,40.60999]]}},{"type":"Feature","properties":{"c":2,"s":"seg_42489678_42520476"},"geometry":{"type":"LineString","coordinates":[[-73.96004,40.60803],[-73.95996,40.60806],[-73.95983,40.60811],[-73.95924,40.60835],[-73.95916,40.60839]]}},{"type":"Feature","properties":{"c":2,"s":"seg_42489678_42520476"},"geometry":{"type":"LineString","coordinates":[[-73.96004,40.60803],[-73.96015,40.60799],[-73.96025,40.60795],[-73.96083,40.60774],[-73.96091,40.60771]]}},{"type":"Feature","properties":{"c":1,"s":"seg_42496975_42475971"},"geometry":{"type":"LineString","coordinates":[[-73.98382,40.67612],[-73.98377,40.67618],[-73.98354,40.67654],[-73.98343,40.6767],[-73.9834,40.67675]]}},{"type":"Feature","properties":{"c":1,"s":"seg_9258552694_9258589444"},"geometry":{"type":"LineString","coordinates":[[-73.95197,40.63689],[-73.95279,40.63765]]}},{"type":"Feature","properties":{"c":1,"s":"seg_9258552694_9258589444"},"geometry":{"type":"LineString","coordinates":[[-73.95197,40.63689],[-73.95137,40.63634],[-73.95127,40.63624],[-73.95123,40.6362],[-73.95111,40.63608]]}},{"type":"Feature","properties":{"c":1,"s":"seg_42491730_42491734"},"geometry":{"type":"LineString","coordinates":[[-73.95279,40.63765],[-73.95297,40.63782],[-73.95338,40.63822],[-73.95349,40.63831],[-73.95356,40.63838],[-73.95361,40.63843]]}},{"type":"Feature","properties":{"c":2,"s":"seg_5666512607_2318552253"},"geometry":{"type":"LineString","coordinates":[[-73.94259,40.58376],[-73.94292,40.58375],[-73.94305,40.58374],[-73.94348,40.58373],[-73.94357,40.58372]]}},{"type":"Feature","properties":{"c":1,"s":"seg_42471463_42521324"},"geometry":{"type":"LineString","coordinates":[[-74.032,40.61477],[-74.03204,40.61472],[-74.03224,40.61449],[-74.03242,40.61427],[-74.03258,40.61409],[-74.03264,40.61402]]}},{"type":"Feature","properties":{"c":1,"s":"seg_42471463_42521324"},"geometry":{"type":"LineString","coordinates":[[-74.032,40.61477],[-74.03194,40.61484],[-74.03157,40.61526],[-74.03153,40.61532]]}},{"type":"Feature","properties":{"c":2,"s":"seg_42493957_42493960"},"geometry":{"type":"LineString","coordinates":[[-73.91956,40.64119],[-73.91955,40.64104],[-73.91953,40.64084]]}},{"type":"Feature","properties":{"c":2,"s":"seg_42493957_42493960"},"geometry":{"type":"LineString","coordinates":[[-73.91956,40.64119],[-73.91957,40.64129],[-73.91959,40.64141],[-73.91966,40.6421]]}},{"type":"Feature","properties":{"c":1,"s":"seg_42471595_42509643"},"geometry":{"type":"LineString","coordinates":[[-73.9201,40.69863],[-73.92004,40.69864],[-73.91884,40.69876]]}},{"type":"Feature","properties":{"c":1,"s":"seg_42471595_42509643"},"geometry":{"type":"LineString","coordinates":[[-73.9201,40.69863],[-73.92025,40.69862],[-73.92134,40.6985],[-73.92147,40.69848]]}},{"type":"Feature","properties":{"c":3,"s":"seg_42475790_3765548237"},"geometry":{"type":"LineString","coordinates":[[-74.00803,40.67397],[-74.0083,40.67337],[-74.00834,40.6733]]}},{"type":"Feature","properties":{"c":3,"s":"seg_42475790_3765548237"},"geometry":{"type":"LineString","coordinates":[[-74.00803,40.67397],[-74.00775,40.67456],[-74.00771,40.67463]]}},{"type":"Feature","properties":{"c":2,"s":"seg_42471906_42487870"},"geometry":{"type":"LineString","coordinates":[[-74.01418,40.67626],[-74.01423,40.67622],[-74.01474,40.67578],[-74.0148,40.67573]]}},{"type":"Feature","properties":{"c":2,"s":"seg_42471906_42487870"},"geometry":{"type":"LineString","coordinates":[[-74.01418,40.67626],[-74.01412,40.67632],[-74.01361,40.67675],[-74.01355,40.67679]]}},{"type":"Feature","properties":{"c":2,"s":"seg_42469045_42488002"},"geometry":{"type":"LineString","coordinates":[[-74.00411,40.60815],[-74.00405,40.60811],[-74.00341,40.60772]]}},{"type":"Feature","properties":{"c":2,"s":"seg_42469045_42488002"},"geometry":{"type":"LineString","coordinates":[[-74.00411,40.60815],[-74.00418,40.60819],[-74.00457,40.60843],[-74.00477,40.60855],[-74.00485,40.6086]]}},{"type":"Feature","properties":{"c":2,"s":"seg_42486209_42490890"},"geometry":{"type":"LineString","coordinates":[[-74.00899,40.60345],[-74.00824,40.60306]]}},{"type":"Feature","properties":{"c":2,"s":"seg_42486209_42490890"},"geometry":{"type":"LineString","coordinates":[[-74.00899,40.60345],[-74.00939,40.60366],[-74.0097,40.60382],[-74.00978,40.60386]]}},{"type":"Feature","properties":{"c":2,"s":"seg_42489110_42489113"},"geometry":{"type":"LineString","coordinates":[[-73.96823,40.6373],[-73.96824,40.63735],[-73.96832,40.63762],[-73.96858,40.63854],[-73.96866,40.63882],[-73.9687,40.63895],[-73.96872,40.63902]]}},{"type":"Feature","properties":{"c":2,"s":"seg_42489110_42489113"},"geometry":{"type":"LineString","coordinates":[[-73.96823,40.6373],[-73.96821,40.63723],[-73.96814,40.637],[-73.96809,40.63685],[-73.96804,40.63666]]}},{"type":"Feature","properties":{"c":2,"s":"seg_42493506_3514016522"},"geometry":{"type":"LineString","coordinates":[[-73.95937,40.64148],[-73.95939,40.64155],[-73.9596,40.64268],[-73.95971,40.64325],[-73.95972,40.64333]]}},{"type":"Feature","properties":{"c":2,"s":"seg_42493506_3514016522"},"geometry":{"type":"LineString","coordinates":[[-73.95937,40.64148],[-73.95936,40.64139],[-73.95898,40.63939],[-73.95896,40.63931]]}},{"type":"Feature","properties":{"c":1,"s":"seg_42491730_42491734"},"geometry":{"type":"LineString","coordinates":[[-73.95746,40.64237],[-73.95764,40.64269]]}},{"type":"Feature","properties":{"c":1,"s":"seg_42491730_42491734"},"geometry":{"type":"LineString","coordinates":[[-73.95746,40.64237],[-73.95741,40.64232],[-73.95726,40.64216],[-73.95725,40.64215],[-73.95718,40.64208],[-73.95707,40.64196]]}},{"type":"Feature","properties":{"c":2,"s":"seg_42472088_42472093"},"geometry":{"type":"LineString","coordinates":[[-73.91494,40.63701],[-73.91488,40.63695],[-73.91363,40.63583],[-73.91358,40.63578],[-73.91339,40.6356],[-73.91328,40.63551]]}},{"type":"Feature","properties":{"c":2,"s":"seg_42472088_42472093"},"geometry":{"type":"LineString","coordinates":[[-73.91328,40.63551],[-73.91319,40.63543],[-73.91316,40.6354],[-73.91294,40.6352],[-73.91215,40.6345],[-73.91152,40.63393],[-73.91144,40.63386]]}},{"type":"Feature","properties":{"c":2,"s":"seg_42472058_42500825"},"geometry":{"type":"LineString","coordinates":[[-73.91328,40.63551],[-73.91317,40.63558],[-73.9131,40.63562],[-73.91297,40.63571],[-73.91291,40.63575],[-73.91258,40.63596],[-73.91251,40.63601]]}},{"type":"Feature","properties":{"c":2,"s":"seg_42472058_42500825"},"geometry":{"type":"LineString","coordinates":[[-73.91328,40.63551],[-73.91337,40.63545],[-73.9136,40.6353],[-73.91374,40.63521],[-73.91393,40.63509],[-73.91398,40.63506],[-73.91405,40.63501]]}},{"type":"Feature","properties":{"c":2,"s":"seg_42472088_42472093"},"geometry":{"type":"LineString","coordinates":[[-73.91144,40.63386],[-73.91138,40.6338],[-73.91092,40.6334]]}},{"type":"Feature","properties":{"c":2,"s":"seg_42472088_42472093"},"geometry":{"type":"LineString","coordinates":[[-73.91092,40.6334],[-73.91028,40.63282]]}},{"type":"Feature","properties":{"c":2,"s":"seg_42472088_42472093"},"geometry":{"type":"LineString","coordinates":[[-73.90894,40.63162],[-73.90879,40.6315],[-73.90865,40.63142],[-73.90851,40.63135],[-73.90818,40.63121]]}},{"type":"Feature","properties":{"c":2,"s":"seg_42472088_42472093"},"geometry":{"type":"LineString","coordinates":[[-73.90818,40.63121],[-73.90746,40.63088],[-73.90736,40.63083]]}},{"type":"Feature","properties":{"c":2,"s":"seg_42472088_42472093"},"geometry":{"type":"LineString","coordinates":[[-73.90736,40.63083],[-73.90726,40.63079],[-73.90702,40.63069]]}},{"type":"Feature","properties":{"c":2,"s":"seg_42472088_42472093"},"geometry":{"type":"LineString","coordinates":[[-73.90652,40.63046],[-73.90597,40.63021],[-73.90571,40.63009]]}},{"type":"Feature","properties":{"c":2,"s":"seg_42472088_42472093"},"geometry":{"type":"LineString","coordinates":[[-73.90652,40.63046],[-73.90694,40.63065],[-73.90702,40.63069]]}},{"type":"Feature","properties":{"c":2,"s":"seg_42472088_42472093"},"geometry":{"type":"LineString","coordinates":[[-73.90571,40.63009],[-73.90508,40.62981],[-73.90495,40.62975],[-73.90485,40.62971]]}},{"type":"Feature","properties":{"c":2,"s":"seg_42472088_42472093"},"geometry":{"type":"LineString","coordinates":[[-73.90485,40.62971],[-73.90473,40.62965],[-73.90448,40.62954]]}},{"type":"Feature","properties":{"c":2,"s":"seg_42472088_42472093"},"geometry":{"type":"LineString","coordinates":[[-73.90448,40.62954],[-73.90444,40.62952],[-73.90404,40.62934]]}},{"type":"Feature","properties":{"c":2,"s":"seg_42472088_42472093"},"geometry":{"type":"LineString","coordinates":[[-73.90404,40.62934],[-73.90322,40.62897]]}},{"type":"Feature","properties":{"c":2,"s":"seg_42472088_42472093"},"geometry":{"type":"LineString","coordinates":[[-73.90322,40.62897],[-73.90265,40.62872],[-73.90242,40.62862],[-73.90233,40.62858]]}},{"type":"Feature","properties":{"c":2,"s":"seg_42472088_42472093"},"geometry":{"type":"LineString","coordinates":[[-73.90233,40.62858],[-73.90223,40.62853],[-73.90217,40.6285],[-73.90207,40.62846],[-73.90195,40.6284]]}},{"type":"Feature","properties":{"c":2,"s":"seg_42472088_42472093"},"geometry":{"type":"LineString","coordinates":[[-73.90195,40.6284],[-73.90155,40.62822]]}},{"type":"Feature","properties":{"c":2,"s":"seg_42472088_42472093"},"geometry":{"type":"LineString","coordinates":[[-73.90155,40.62822],[-73.90074,40.62786]]}},{"type":"Feature","properties":{"c":2,"s":"seg_42472088_42472093"},"geometry":{"type":"LineString","coordinates":[[-73.90074,40.62786],[-73.90064,40.62781],[-73.90031,40.62767],[-73.89987,40.62747],[-73.89978,40.62743],[-73.89973,40.62741]]}},{"type":"Feature","properties":{"c":1,"s":"seg_42472136_42481948"},"geometry":{"type":"LineString","coordinates":[[-73.96144,40.66168],[-73.96134,40.66154],[-73.96126,40.66143],[-73.96099,40.66105],[-73.96094,40.66098],[-73.96089,40.66091]]}},{"type":"Feature","properties":{"c":1,"s":"seg_42472136_42481948"},"geometry":{"type":"LineString","coordinates":[[-73.96144,40.66168],[-73.96151,40.66179],[-73.96162,40.66196],[-73.96203,40.66257],[-73.96208,40.66264],[-73.9621,40.66267],[-73.96227,40.66293],[-73.96232,40.66299],[-73.96238,40.6631]]}},{"type":"Feature","properties":{"c":2,"s":"seg_42481693_42467300"},"geometry":{"type":"LineString","coordinates":[[-73.95081,40.66235],[-73.9508,40.66228],[-73.95073,40.66165],[-73.95072,40.66157]]}},{"type":"Feature","properties":{"c":2,"s":"seg_42493279_42514760"},"geometry":{"type":"LineString","coordinates":[[-73.93072,40.66365],[-73.93066,40.66367],[-73.93051,40.66373],[-73.92996,40.66396],[-73.92993,40.66397],[-73.92987,40.66399]]}},{"type":"Feature","properties":{"c":2,"s":"seg_42489278_455447250"},"geometry":{"type":"LineString","coordinates":[[-73.95991,40.58151],[-73.9599,40.58142],[-73.95988,40.58117]]}},{"type":"Feature","properties":{"c":2,"s":"seg_42489278_455447250"},"geometry":{"type":"LineString","coordinates":[[-73.95991,40.58151],[-73.95993,40.58181],[-73.95994,40.58187],[-73.95994,40.58196]]}},{"type":"Feature","properties":{"c":2,"s":"seg_42472255_42472259"},"geometry":{"type":"LineString","coordinates":[[-73.95693,40.73714],[-73.95683,40.73716],[-73.95672,40.73717],[-73.95652,40.73719],[-73.95645,40.7372]]}},{"type":"Feature","properties":{"c":2,"s":"seg_42472255_42472259"},"geometry":{"type":"LineString","coordinates":[[-73.95543,40.7373],[-73.95555,40.73728],[-73.9556,40.73728],[-73.95564,40.73727],[-73.95645,40.7372]]}},{"type":"Feature","properties":{"c":2,"s":"seg_42472255_42472259"},"geometry":{"type":"LineString","coordinates":[[-73.95543,40.7373],[-73.9553,40.73731],[-73.95335,40.73749],[-73.95329,40.7375],[-73.9532,40.7375]]}},{"type":"Feature","properties":{"c":2,"s":"seg_2987758879_7725544404"},"geometry":{"type":"LineString","coordinates":[[-73.9532,40.7375],[-73.95319,40.73744],[-73.9531,40.73686],[-73.95309,40.7368]]}},{"type":"Feature","properties":{"c":1,"s":"seg_1372888798_1372888660"},"geometry":{"type":"LineString","coordinates":[[-73.9997,40.65875],[-73.99965,40.6588],[-73.99917,40.65927],[-73.99912,40.65932]]}},{"type":"Feature","properties":{"c":2,"s":"seg_42475790_3765548237"},"geometry":{"type":"LineString","coordinates":[[-74.00834,40.6733],[-74.00837,40.67323],[-74.00847,40.67301],[-74.00855,40.67284],[-74.00863,40.67267]]}},{"type":"Feature","properties":{"c":2,"s":"seg_42472449_42493786"},"geometry":{"type":"LineString","coordinates":[[-73.99439,40.59358],[-73.9943,40.59351],[-73.99405,40.59331],[-73.99396,40.59324],[-73.9937,40.59296]]}},{"type":"Feature","properties":{"c":2,"s":"seg_42501976_42501978"},"geometry":{"type":"LineString","coordinates":[[-73.974,40.61404],[-73.97402,40.61419],[-73.97443,40.61634],[-73.97444,40.61642]]}},{"type":"Feature","properties":{"c":2,"s":"seg_42472449_42493786"},"geometry":{"type":"LineString","coordinates":[[-73.99535,40.5944],[-73.99494,40.59406],[-73.99487,40.59401]]}},{"type":"Feature","properties":{"c":2,"s":"seg_42474631_42491304"},"geometry":{"type":"LineString","coordinates":[[-73.98629,40.60215],[-73.98627,40.60202],[-73.98609,40.60107]]}},{"type":"Feature","properties":{"c":2,"s":"seg_42474631_42491304"},"geometry":{"type":"LineString","coordinates":[[-73.98629,40.60215],[-73.98636,40.60251],[-73.98637,40.60256],[-73.98639,40.60265]]}},{"type":"Feature","properties":{"c":2,"s":"seg_42469045_42488002"},"geometry":{"type":"LineString","coordinates":[[-73.9894,40.59925],[-73.98932,40.59921],[-73.98919,40.59913],[-73.98904,40.59904],[-73.98885,40.59892],[-73.98866,40.5988]]}},{"type":"Feature","properties":{"c":2,"s":"seg_42469045_42488002"},"geometry":{"type":"LineString","coordinates":[[-73.9894,40.59925],[-73.98948,40.59931],[-73.98957,40.59936],[-73.99015,40.59971]]}},{"type":"Feature","properties":{"c":2,"s":"seg_42472449_42493786"},"geometry":{"type":"LineString","coordinates":[[-73.99487,40.59401],[-73.99482,40.59396],[-73.99445,40.59363],[-73.99439,40.59358]]}},{"type":"Feature","properties":{"c":3,"s":"seg_42518929_42525105"},"geometry":{"type":"LineString","coordinates":[[-73.86868,40.67007],[-73.86859,40.67008],[-73.86785,40.67019],[-73.86776,40.6702]]}},{"type":"Feature","properties":{"c":3,"s":"seg_42518929_42525105"},"geometry":{"type":"LineString","coordinates":[[-73.86868,40.67007],[-73.86876,40.67006],[-73.86952,40.66995],[-73.8696,40.66993]]}},{"type":"Feature","properties":{"c":0,"s":"seg_1942055203_1942055159"},"geometry":{"type":"LineString","coordinates":[[-73.86833,40.66873],[-73.86844,40.66872],[-73.86894,40.66865],[-73.86911,40.66862],[-73.86922,40.66858],[-73.86939,40.66851],[-73.86957,40.66841],[-73.8697,40.66832],[-73.87001,40.6681],[-73.8701,40.66803]]}},{"type":"Feature","properties":{"c":2,"s":"seg_42472573_42475212"},"geometry":{"type":"LineString","coordinates":[[-73.87405,40.6893],[-73.87398,40.68933],[-73.87277,40.68985],[-73.8726,40.68992]]}},{"type":"Feature","properties":{"c":2,"s":"seg_42472573_42475212"},"geometry":{"type":"LineString","coordinates":[[-73.87405,40.6893],[-73.87416,40.68925],[-73.87426,40.68921],[-73.87457,40.68907],[-73.87471,40.68901],[-73.87519,40.6888],[-73.87542,40.68869],[-73.87546,40.68868]]}},{"type":"Feature","properties":{"c":1,"s":"seg_42488967_42464054"},"geometry":{"type":"LineString","coordinates":[[-73.87154,40.68163],[-73.87147,40.68165],[-73.87127,40.68171],[-73.87067,40.68188],[-73.86987,40.6821],[-73.86978,40.68212]]}},{"type":"Feature","properties":{"c":2,"s":"seg_42512783_42512787"},"geometry":{"type":"LineString","coordinates":[[-73.95471,40.61683],[-73.95494,40.61804],[-73.95498,40.61827],[-73.95502,40.61848],[-73.95504,40.61856]]}},{"type":"Feature","properties":{"c":2,"s":"seg_42512783_42512787"},"geometry":{"type":"LineString","coordinates":[[-73.95471,40.61683],[-73.95468,40.61665],[-73.95464,40.61647],[-73.9546,40.61625],[-73.95459,40.61618]]}},{"type":"Feature","properties":{"c":2,"s":"seg_42476536_42476545"},"geometry":{"type":"LineString","coordinates":[[-73.94368,40.72065],[-73.94404,40.72045],[-73.9442,40.72036],[-73.94427,40.72031],[-73.9443,40.7203],[-73.94439,40.72024]]}},{"type":"Feature","properties":{"c":2,"s":"seg_42464407_42487026"},"geometry":{"type":"LineString","coordinates":[[-73.93709,40.58087],[-73.93805,40.58086]]}},{"type":"Feature","properties":{"c":2,"s":"seg_42464407_42487026"},"geometry":{"type":"LineString","coordinates":[[-73.93709,40.58087],[-73.93704,40.58088],[-73.93663,40.5809],[-73.93623,40.58091]]}},{"type":"Feature","properties":{"c":2,"s":"seg_42493972_11899662283"},"geometry":{"type":"LineString","coordinates":[[-73.91816,40.62801],[-73.91818,40.62819],[-73.91821,40.62841],[-73.91824,40.6287],[-73.91824,40.62877]]}},{"type":"Feature","properties":{"c":2,"s":"seg_42493972_11899662283"},"geometry":{"type":"LineString","coordinates":[[-73.91816,40.62801],[-73.91815,40.62786],[-73.9181,40.62742],[-73.91808,40.62726],[-73.91804,40.62691],[-73.91801,40.6266],[-73.918,40.62646]]}},{"type":"Feature","properties":{"c":1,"s":"seg_42473012_42521198"},"geometry":{"type":"LineString","coordinates":[[-74.0131,40.64587],[-74.01305,40.64592],[-74.01257,40.64639],[-74.01252,40.64643]]}},{"type":"Feature","properties":{"c":2,"s":"seg_42473045_42526708"},"geometry":{"type":"LineString","coordinates":[[-73.99108,40.63257],[-73.99102,40.63263],[-73.99055,40.63309],[-73.9905,40.63314]]}},{"type":"Feature","properties":{"c":2,"s":"seg_42506224_42506228"},"geometry":{"type":"LineString","coordinates":[[-74.01971,40.64986],[-74.02002,40.64956],[-74.02024,40.64936],[-74.02029,40.64931]]}},{"type":"Feature","properties":{"c":2,"s":"seg_42506224_42506228"},"geometry":{"type":"LineString","coordinates":[[-74.01971,40.64986],[-74.01931,40.65025],[-74.0192,40.65035],[-74.01913,40.65042]]}},{"type":"Feature","properties":{"c":2,"s":"seg_42493972_42508200"},"geometry":{"type":"LineString","coordinates":[[-73.92492,40.62798],[-73.92482,40.62805],[-73.92455,40.62822],[-73.92443,40.6283],[-73.9243,40.62839]]}},{"type":"Feature","properties":{"c":2,"s":"seg_42493972_42508200"},"geometry":{"type":"LineString","coordinates":[[-73.92492,40.62798],[-73.92504,40.62791],[-73.92526,40.62776],[-73.92583,40.62739]]}},{"type":"Feature","properties":{"c":1,"s":"seg_3527276331_3527276327"},"geometry":{"type":"LineString","coordinates":[[-73.92295,40.61039],[-73.92311,40.61052],[-73.92353,40.6109]]}},{"type":"Feature","properties":{"c":1,"s":"seg_42503269_42510419"},"geometry":{"type":"LineString","coordinates":[[-73.92769,40.65398],[-73.9276,40.65399],[-73.92681,40.65404],[-73.92672,40.65404]]}},{"type":"Feature","properties":{"c":1,"s":"seg_42503269_42510419"},"geometry":{"type":"LineString","coordinates":[[-73.92769,40.65398],[-73.92779,40.65398],[-73.92802,40.65396],[-73.92835,40.65394],[-73.92857,40.65393],[-73.92866,40.65392]]}},{"type":"Feature","properties":{"c":1,"s":"seg_597728063_597728082"},"geometry":{"type":"LineString","coordinates":[[-73.9432,40.6782],[-73.94406,40.67825],[-73.94415,40.67825]]}},{"type":"Feature","properties":{"c":1,"s":"seg_42501277_42505519"},"geometry":{"type":"LineString","coordinates":[[-73.93478,40.6967],[-73.93414,40.69634]]}},{"type":"Feature","properties":{"c":1,"s":"seg_42501277_42505519"},"geometry":{"type":"LineString","coordinates":[[-73.93478,40.6967],[-73.93518,40.69692],[-73.93529,40.69699]]}},{"type":"Feature","properties":{"c":2,"s":"seg_42493972_42508200"},"geometry":{"type":"LineString","coordinates":[[-73.91954,40.63147],[-73.91964,40.63141],[-73.91981,40.6313],[-73.91992,40.63123],[-73.9202,40.63104],[-73.92033,40.63096],[-73.92042,40.6309]]}},{"type":"Feature","properties":{"c":2,"s":"seg_42493972_42508200"},"geometry":{"type":"LineString","coordinates":[[-73.91954,40.63147],[-73.91945,40.63152],[-73.91944,40.63153],[-73.91927,40.63164],[-73.91918,40.6317],[-73.91899,40.63182],[-73.91892,40.63186],[-73.91876,40.63197],[-73.91861,40.63207]]}},{"type":"Feature","properties":{"c":0,"s":"seg_1942053995_1942053917"},"geometry":{"type":"LineString","coordinates":[[-73.92214,40.65433],[-73.92197,40.65434]]}},{"type":"Feature","properties":{"c":1,"s":"seg_1942053995_1942053917"},"geometry":{"type":"LineString","coordinates":[[-73.92214,40.65433],[-73.92232,40.65432]]}},{"type":"Feature","properties":{"c":1,"s":"seg_42467702_10694159060"},"geometry":{"type":"LineString","coordinates":[[-73.92214,40.65433],[-73.92217,40.65423],[-73.9222,40.65418],[-73.92238,40.6537]]}},{"type":"Feature","properties":{"c":2,"s":"seg_42487446_42536026"},"geometry":{"type":"LineString","coordinates":[[-73.9951,40.64595],[-73.99519,40.646],[-73.99691,40.64704],[-73.99722,40.64722],[-73.99731,40.64728]]}},{"type":"Feature","properties":{"c":2,"s":"seg_42487339_4026460325"},"geometry":{"type":"LineString","coordinates":[[-74.01033,40.6313],[-74.01043,40.63136],[-74.01113,40.63178],[-74.01227,40.63248],[-74.01245,40.63259],[-74.01253,40.63263]]}},{"type":"Feature","properties":{"c":2,"s":"seg_42479194_1942055212"},"geometry":{"type":"LineString","coordinates":[[-73.91962,40.67265],[-73.91962,40.67272],[-73.91959,40.67302],[-73.91957,40.67322],[-73.91955,40.67347],[-73.91954,40.67354]]}},{"type":"Feature","properties":{"c":1,"s":"seg_1260335220_1260335264"},"geometry":{"type":"LineString","coordinates":[[-73.913,40.67229],[-73.91286,40.67235],[-73.91173,40.67282],[-73.91138,40.67296],[-73.91125,40.67302]]}},{"type":"Feature","properties":{"c":2,"s":"seg_42477768_42516713"},"geometry":{"type":"LineString","coordinates":[[-73.91132,40.6722],[-73.91134,40.67208]]}},{"type":"Feature","properties":{"c":2,"s":"seg_42477768_42516713"},"geometry":{"type":"LineString","coordinates":[[-73.91132,40.6722],[-73.91132,40.67226],[-73.91131,40.67234],[-73.9113,40.67245],[-73.9113,40.67248],[-73.91127,40.67279],[-73.91126,40.67292],[-73.91125,40.67302]]}},{"type":"Feature","properties":{"c":1,"s":"seg_42504102_7711304351"},"geometry":{"type":"LineString","coordinates":[[-73.93833,40.70157],[-73.93823,40.70159],[-73.93711,40.70188],[-73.93699,40.70191]]}},{"type":"Feature","properties":{"c":1,"s":"seg_42504102_7711304351"},"geometry":{"type":"LineString","coordinates":[[-73.93833,40.70157],[-73.93843,40.70154],[-73.93932,40.70132],[-73.93946,40.70129]]}},{"type":"Feature","properties":{"c":1,"s":"seg_42505791_42510369"},"geometry":{"type":"LineString","coordinates":[[-73.94497,40.65292],[-73.9449,40.65292],[-73.94411,40.65297],[-73.944,40.65297]]}},{"type":"Feature","properties":{"c":1,"s":"seg_42505791_42510369"},"geometry":{"type":"LineString","coordinates":[[-73.94497,40.65292],[-73.94506,40.65291],[-73.9453,40.65289],[-73.94558,40.65288],[-73.94583,40.65286],[-73.9459,40.65286]]}},{"type":"Feature","properties":{"c":1,"s":"seg_42491841_7960202505"},"geometry":{"type":"LineString","coordinates":[[-73.94227,40.62773],[-73.94193,40.6274],[-73.94184,40.62732]]}},{"type":"Feature","properties":{"c":1,"s":"seg_42464439_42491799"},"geometry":{"type":"LineString","coordinates":[[-73.94227,40.62773],[-73.94229,40.62774],[-73.94232,40.62777],[-73.94234,40.62779]]}},{"type":"Feature","properties":{"c":1,"s":"seg_42491856_42511753"},"geometry":{"type":"LineString","coordinates":[[-73.94083,40.62054],[-73.94101,40.62041],[-73.94116,40.62033]]}},{"type":"Feature","properties":{"c":2,"s":"seg_42491856_42511753"},"geometry":{"type":"LineString","coordinates":[[-73.94081,40.62015],[-73.94077,40.62028],[-73.94074,40.62033],[-73.94062,40.62047],[-73.94046,40.62065],[-73.94034,40.62076],[-73.94022,40.62086],[-73.94011,40.62094],[-73.94005,40.62098],[-73.93997,40.62103]]}},{"type":"Feature","properties":{"c":1,"s":"seg_42491856_42511753"},"geometry":{"type":"LineString","coordinates":[[-73.94081,40.62015],[-73.94082,40.62031],[-73.94081,40.62036],[-73.94079,40.62041],[-73.94072,40.6205],[-73.9406,40.62063],[-73.94056,40.62067],[-73.94048,40.62074],[-73.94033,40.62087],[-73.94022,40.62096],[-73.94009,40.62105],[-73.94007,40.62108],[-73.93999,40.62116]]}},{"type":"Feature","properties":{"c":2,"s":"seg_42524489_42531283"},"geometry":{"type":"LineString","coordinates":[[-73.92844,40.606],[-73.9282,40.60616],[-73.92779,40.60642],[-73.92771,40.60648]]}},{"type":"Feature","properties":{"c":2,"s":"seg_42524489_42531283"},"geometry":{"type":"LineString","coordinates":[[-73.92844,40.606],[-73.92873,40.60582],[-73.92916,40.60553]]}},{"type":"Feature","properties":{"c":2,"s":"seg_42489278_455447250"},"geometry":{"type":"LineString","coordinates":[[-73.95916,40.58513],[-73.95997,40.58507],[-73.96003,40.58507],[-73.96006,40.58507],[-73.96008,40.58508],[-73.96009,40.5851],[-73.96017,40.58626],[-73.96018,40.58631],[-73.96018,40.58645],[-73.96031,40.58668]]}},{"type":"Feature","properties":{"c":1,"s":"seg_42504181_1275778402"},"geometry":{"type":"LineString","coordinates":[[-73.92234,40.70901],[-73.92227,40.70907],[-73.92199,40.70932],[-73.9219,40.7094]]}},{"type":"Feature","properties":{"c":1,"s":"seg_42504181_1275778402"},"geometry":{"type":"LineString","coordinates":[[-73.92234,40.70901],[-73.92241,40.70894],[-73.92295,40.70847],[-73.92302,40.70842]]}},{"type":"Feature","properties":{"c":1,"s":"seg_42464409_42490339"},"geometry":{"type":"LineString","coordinates":[[-73.93832,40.71254],[-73.93842,40.71251],[-73.93847,40.7125]]}},{"type":"Feature","properties":{"c":2,"s":"seg_42517380_42530073"},"geometry":{"type":"LineString","coordinates":[[-74.00053,40.62349],[-74.00057,40.62345],[-74.00115,40.62289],[-74.0012,40.62284]]}},{"type":"Feature","properties":{"c":2,"s":"seg_42517380_42530073"},"geometry":{"type":"LineString","coordinates":[[-74.00053,40.62349],[-74.00047,40.62355],[-74.0,40.624],[-73.99995,40.62405]]}},{"type":"Feature","properties":{"c":1,"s":"seg_42521235_42521238"},"geometry":{"type":"LineString","coordinates":[[-74.02261,40.63681],[-74.02265,40.63677],[-74.02286,40.63625],[-74.02289,40.63618],[-74.02292,40.63612]]}},{"type":"Feature","properties":{"c":1,"s":"seg_42521235_42521238"},"geometry":{"type":"LineString","coordinates":[[-74.02261,40.63681],[-74.02257,40.63686],[-74.02253,40.6369],[-74.02248,40.63695]]}},{"type":"Feature","properties":{"c":1,"s":"seg_42477821_42495641"},"geometry":{"type":"LineString","coordinates":[[-73.89165,40.65993],[-73.8917,40.66],[-73.89186,40.66021],[-73.89266,40.6613],[-73.89294,40.66163],[-73.89297,40.66165],[-73.89306,40.66177],[-73.8931,40.66183]]}},{"type":"Feature","properties":{"c":1,"s":"seg_42477821_42495641"},"geometry":{"type":"LineString","coordinates":[[-73.89165,40.65993],[-73.8916,40.65987],[-73.89148,40.65971],[-73.89101,40.6591],[-73.89101,40.65908],[-73.89095,40.65901],[-73.89094,40.659],[-73.89082,40.65884],[-73.89077,40.65877],[-73.89074,40.65873]]}},{"type":"Feature","properties":{"c":2,"s":"seg_6463799134_42505118"},"geometry":{"type":"LineString","coordinates":[[-73.87284,40.66803],[-73.87289,40.6681],[-73.87296,40.66819],[-73.87304,40.66831],[-73.87376,40.66927],[-73.87376,40.66928],[-73.87381,40.66935]]}},{"type":"Feature","properties":{"c":2,"s":"seg_6463799134_42505118"},"geometry":{"type":"LineString","coordinates":[[-73.87284,40.66803],[-73.8728,40.66797],[-73.87265,40.66779],[-73.87261,40.66772],[-73.87245,40.66751],[-73.87214,40.66711],[-73.87204,40.66698],[-73.87198,40.6669],[-73.87194,40.66684]]}},{"type":"Feature","properties":{"c":2,"s":"seg_42477768_42516713"},"geometry":{"type":"LineString","coordinates":[[-73.90731,40.65627],[-73.90729,40.6562],[-73.90723,40.65598],[-73.90719,40.65582],[-73.90704,40.65523],[-73.907,40.65507],[-73.90697,40.65496],[-73.90696,40.6549]]}},{"type":"Feature","properties":{"c":2,"s":"seg_42477768_42516713"},"geometry":{"type":"LineString","coordinates":[[-73.90731,40.65627],[-73.90733,40.65635],[-73.90772,40.65788],[-73.90774,40.65794]]}},{"type":"Feature","properties":{"c":2,"s":"seg_42474631_42491304"},"geometry":{"type":"LineString","coordinates":[[-73.98502,40.59541],[-73.9847,40.59379],[-73.98468,40.59366]]}},{"type":"Feature","properties":{"c":2,"s":"seg_42474631_42491304"},"geometry":{"type":"LineString","coordinates":[[-73.98502,40.59541],[-73.98504,40.59557],[-73.98506,40.59568]]}},{"type":"Feature","properties":{"c":2,"s":"seg_42472449_42493786"},"geometry":{"type":"LineString","coordinates":[[-73.99116,40.5898],[-73.99113,40.58976],[-73.99058,40.58908]]}},{"type":"Feature","properties":{"c":1,"s":"seg_42474795_9836260730"},"geometry":{"type":"LineString","coordinates":[[-73.96888,40.673],[-73.96903,40.67301],[-73.96908,40.67302],[-73.96919,40.67303],[-73.96933,40.67306],[-73.96943,40.67309]]}},{"type":"Feature","properties":{"c":1,"s":"seg_42474795_9836260730"},"geometry":{"type":"LineString","coordinates":[[-73.96257,40.67164],[-73.96272,40.67166],[-73.96309,40.67174],[-73.96339,40.67181],[-73.96368,40.67187],[-73.96397,40.67194],[-73.96414,40.67199],[-73.9643,40.67203],[-73.9644,40.67206],[-73.96454,40.67211],[-73.96505,40.67227],[-73.96534,40.67236],[-73.96553,40.67242],[-73.96579,40.67249],[-73.96608,40.67257],[-73.96647,40.67266],[-73.96684,40.67274],[-73.96721,40.67281]]}},{"type":"Feature","properties":{"c":1,"s":"seg_42474797_42474802"},"geometry":{"type":"LineString","coordinates":[[-73.96257,40.67164],[-73.96243,40.67161],[-73.96206,40.67153],[-73.96181,40.67148],[-73.96143,40.6714],[-73.96133,40.67138]]}},{"type":"Feature","properties":{"c":1,"s":"seg_42474797_42474802"},"geometry":{"type":"LineString","coordinates":[[-73.96133,40.67138],[-73.96125,40.67136],[-73.96093,40.67129],[-73.95863,40.67081],[-73.95807,40.6707],[-73.95797,40.67068]]}},{"type":"Feature","properties":{"c":1,"s":"seg_42474797_42474802"},"geometry":{"type":"LineString","coordinates":[[-73.95797,40.67068],[-73.95788,40.67066],[-73.95733,40.67055],[-73.95567,40.67019],[-73.9554,40.67016],[-73.95533,40.67015],[-73.95526,40.67014]]}},{"type":"Feature","properties":{"c":1,"s":"seg_42474819_42474822"},"geometry":{"type":"LineString","coordinates":[[-73.95526,40.67014],[-73.95522,40.67014],[-73.95513,40.67013],[-73.95456,40.6701],[-73.95393,40.67006],[-73.95338,40.67003],[-73.95327,40.67002]]}},{"type":"Feature","properties":{"c":1,"s":"seg_42474819_42474822"},"geometry":{"type":"LineString","coordinates":[[-73.9505,40.66988],[-73.95061,40.66988],[-73.95125,40.66991],[-73.95202,40.66996],[-73.95289,40.67],[-73.95317,40.67002],[-73.95327,40.67002]]}},{"type":"Feature","properties":{"c":1,"s":"seg_42474819_42474822"},"geometry":{"type":"LineString","coordinates":[[-73.9505,40.66988],[-73.9504,40.66987],[-73.95001,40.66985],[-73.94837,40.66976],[-73.94817,40.66975],[-73.94783,40.66973],[-73.94773,40.66972]]}},{"type":"Feature","properties":{"c":1,"s":"seg_42474819_42474822"},"geometry":{"type":"LineString","coordinates":[[-73.94773,40.66972],[-73.94765,40.66972],[-73.94731,40.6697],[-73.94558,40.66961],[-73.94506,40.66958],[-73.94496,40.66957]]}},{"type":"Feature","properties":{"c":1,"s":"seg_42474828_42474829"},"geometry":{"type":"LineString","coordinates":[[-73.93942,40.66927],[-73.93934,40.66926],[-73.93877,40.66923],[-73.93731,40.66916],[-73.93676,40.66912],[-73.93666,40.66912]]}},{"type":"Feature","properties":{"c":1,"s":"seg_42474831_42474832"},"geometry":{"type":"LineString","coordinates":[[-73.93666,40.66912],[-73.93657,40.66911],[-73.93588,40.66908],[-73.93425,40.66899],[-73.93398,40.66897],[-73.93389,40.66897]]}},{"type":"Feature","properties":{"c":1,"s":"seg_42474831_42474832"},"geometry":{"type":"LineString","coordinates":[[-73.93389,40.66897],[-73.9338,40.66896],[-73.93322,40.66893],[-73.9315,40.66884],[-73.93123,40.66882],[-73.93113,40.66881]]}},{"type":"Feature","properties":{"c":1,"s":"seg_42474832_42474833"},"geometry":{"type":"LineString","coordinates":[[-73.93113,40.66881],[-73.93102,40.66881],[-73.93027,40.66877],[-73.92908,40.66871],[-73.92845,40.66867],[-73.92835,40.66866]]}},{"type":"Feature","properties":{"c":1,"s":"seg_42474832_42474833"},"geometry":{"type":"LineString","coordinates":[[-73.92835,40.66866],[-73.92826,40.66866],[-73.92768,40.66863],[-73.92733,40.6686],[-73.92634,40.66855],[-73.92572,40.66851],[-73.9256,40.6685]]}},{"type":"Feature","properties":{"c":1,"s":"seg_42474832_42474833"},"geometry":{"type":"LineString","coordinates":[[-73.9256,40.6685],[-73.92549,40.66849],[-73.92495,40.66847],[-73.92331,40.66839],[-73.92273,40.66837],[-73.92263,40.66836]]}},{"type":"Feature","properties":{"c":1,"s":"seg_1260335220_1260335264"},"geometry":{"type":"LineString","coordinates":[[-73.92263,40.66836],[-73.92254,40.66835],[-73.92241,40.66836],[-73.92233,40.66839],[-73.92225,40.66842],[-73.92198,40.66856]]}},{"type":"Feature","properties":{"c":1,"s":"seg_1260335220_1260335264"},"geometry":{"type":"LineString","coordinates":[[-73.92058,40.66917],[-73.92017,40.66934],[-73.92009,40.66937]]}},{"type":"Feature","properties":{"c":1,"s":"seg_42479194_1942055212"},"geometry":{"type":"LineString","coordinates":[[-73.91993,40.66943],[-73.91992,40.66957]]}},{"type":"Feature","properties":{"c":1,"s":"seg_1260335220_1260335264"},"geometry":{"type":"LineString","coordinates":[[-73.91993,40.66943],[-73.91984,40.66947],[-73.91897,40.66983],[-73.91875,40.66992]]}},{"type":"Feature","properties":{"c":1,"s":"seg_1260335220_1260335264"},"geometry":{"type":"LineString","coordinates":[[-73.91875,40.66992],[-73.91853,40.67001],[-73.91751,40.67044],[-73.91715,40.67059],[-73.91703,40.67064]]}},{"type":"Feature","properties":{"c":1,"s":"seg_1260335220_1260335264"},"geometry":{"type":"LineString","coordinates":[[-73.91703,40.67064],[-73.9168,40.67073],[-73.91672,40.67076]]}},{"type":"Feature","properties":{"c":1,"s":"seg_1260335220_1260335264"},"geometry":{"type":"LineString","coordinates":[[-73.91672,40.67076],[-73.91508,40.67142],[-73.91491,40.6715]]}},{"type":"Feature","properties":{"c":1,"s":"seg_1260335220_1260335264"},"geometry":{"type":"LineString","coordinates":[[-73.91491,40.6715],[-73.91476,40.67156],[-73.91425,40.67177],[-73.91414,40.67182]]}},{"type":"Feature","properties":{"c":1,"s":"seg_1260335220_1260335264"},"geometry":{"type":"LineString","coordinates":[[-73.91414,40.67182],[-73.91404,40.67186],[-73.9133,40.67216],[-73.913,40.67229]]}},{"type":"Feature","properties":{"c":2,"s":"seg_42477768_42516713"},"geometry":{"type":"LineString","coordinates":[[-73.91125,40.67302],[-73.91122,40.67315]]}},{"type":"Feature","properties":{"c":1,"s":"seg_1260335220_1260335264"},"geometry":{"type":"LineString","coordinates":[[-73.91125,40.67302],[-73.91112,40.67308],[-73.91108,40.67311]]}},{"type":"Feature","properties":{"c":1,"s":"seg_1260335220_1260335264"},"geometry":{"type":"LineString","coordinates":[[-73.91108,40.67311],[-73.91013,40.67386],[-73.91002,40.67394]]}},{"type":"Feature","properties":{"c":1,"s":"seg_1260335220_1260335264"},"geometry":{"type":"LineString","coordinates":[[-73.91002,40.67394],[-73.90993,40.674],[-73.90923,40.67453],[-73.90915,40.67459],[-73.90906,40.67466]]}},{"type":"Feature","properties":{"c":1,"s":"seg_1260335220_1260335264"},"geometry":{"type":"LineString","coordinates":[[-73.90906,40.67466],[-73.90897,40.67473],[-73.90846,40.67512],[-73.90841,40.67515],[-73.90824,40.67529]]}},{"type":"Feature","properties":{"c":1,"s":"seg_1260335220_1260335264"},"geometry":{"type":"LineString","coordinates":[[-73.90815,40.67538],[-73.90813,40.67541],[-73.90811,40.67545],[-73.90808,40.67552],[-73.90807,40.67566],[-73.90803,40.67598],[-73.90803,40.67603],[-73.90802,40.67608]]}},{"type":"Feature","properties":{"c":2,"s":"seg_597728004_597748756"},"geometry":{"type":"LineString","coordinates":[[-73.90802,40.67628],[-73.90815,40.67629]]}},{"type":"Feature","properties":{"c":1,"s":"seg_1260335220_1260335264"},"geometry":{"type":"LineString","coordinates":[[-73.90802,40.67628],[-73.90801,40.67635],[-73.90792,40.67729],[-73.90791,40.67736]]}},{"type":"Feature","properties":{"c":1,"s":"seg_1260335220_1260335264"},"geometry":{"type":"LineString","coordinates":[[-73.90791,40.67736],[-73.90791,40.67743],[-73.9079,40.67757],[-73.90787,40.67784],[-73.90786,40.67791],[-73.90784,40.67797],[-73.90781,40.67803],[-73.90776,40.67811]]}},{"type":"Feature","properties":{"c":1,"s":"seg_42465084_42468791"},"geometry":{"type":"LineString","coordinates":[[-73.90542,40.68001],[-73.90553,40.68008]]}},{"type":"Feature","properties":{"c":1,"s":"seg_42465084_42468791"},"geometry":{"type":"LineString","coordinates":[[-73.90542,40.68001],[-73.90535,40.67997],[-73.90508,40.67981],[-73.90479,40.67964]]}},{"type":"Feature","properties":{"c":1,"s":"seg_42481948_544352735"},"geometry":{"type":"LineString","coordinates":[[-73.97191,40.67642],[-73.97184,40.67634],[-73.97172,40.67616],[-73.97146,40.6758],[-73.97143,40.67576],[-73.9714,40.67572]]}},{"type":"Feature","properties":{"c":2,"s":"seg_42479194_1942055212"},"geometry":{"type":"LineString","coordinates":[[-73.91979,40.67087],[-73.91979,40.67095],[-73.91972,40.67169],[-73.91971,40.67176]]}},{"type":"Feature","properties":{"c":2,"s":"seg_42475079_42489331"},"geometry":{"type":"LineString","coordinates":[[-73.95954,40.5766],[-73.95949,40.57588]]}},{"type":"Feature","properties":{"c":2,"s":"seg_42475079_42489331"},"geometry":{"type":"LineString","coordinates":[[-73.95954,40.5766],[-73.95963,40.57788],[-73.95963,40.57799]]}},{"type":"Feature","properties":{"c":2,"s":"seg_42472573_42475212"},"geometry":{"type":"LineString","coordinates":[[-73.8839,40.68457],[-73.88304,40.68497]]}},{"type":"Feature","properties":{"c":2,"s":"seg_42472573_42475212"},"geometry":{"type":"LineString","coordinates":[[-73.88304,40.68497],[-73.88297,40.685],[-73.88232,40.68531],[-73.8822,40.68536]]}},{"type":"Feature","properties":{"c":2,"s":"seg_42490584_42478936"},"geometry":{"type":"LineString","coordinates":[[-73.8822,40.68536],[-73.88218,40.68528],[-73.88206,40.68493]]}},{"type":"Feature","properties":{"c":2,"s":"seg_42472573_42475212"},"geometry":{"type":"LineString","coordinates":[[-73.8822,40.68536],[-73.88211,40.6854],[-73.88131,40.68578]]}},{"type":"Feature","properties":{"c":2,"s":"seg_42475193_42927436"},"geometry":{"type":"LineString","coordinates":[[-73.8822,40.68536],[-73.88226,40.68543],[-73.88255,40.68577],[-73.88287,40.68614],[-73.88306,40.68637],[-73.88325,40.68654],[-73.88351,40.68667],[-73.88385,40.68675],[-73.88422,40.68676],[-73.88446,40.68671],[-73.88552,40.68632],[-73.88692,40.68577],[-73.88743,40.68556],[-73.88787,40.68538],[-73.8881,40.68529],[-73.88824,40.68523]]}},{"type":"Feature","properties":{"c":2,"s":"seg_42472573_42475212"},"geometry":{"type":"LineString","coordinates":[[-73.88131,40.68578],[-73.88116,40.68585]]}},{"type":"Feature","properties":{"c":2,"s":"seg_42472573_42475212"},"geometry":{"type":"LineString","coordinates":[[-73.88027,40.68628],[-73.87959,40.68663],[-73.87918,40.68683],[-73.87908,40.68688]]}},{"type":"Feature","properties":{"c":2,"s":"seg_42472573_42475212"},"geometry":{"type":"LineString","coordinates":[[-73.88027,40.68628],[-73.88077,40.68604],[-73.88081,40.68602],[-73.88116,40.68585]]}},{"type":"Feature","properties":{"c":2,"s":"seg_42472573_42475212"},"geometry":{"type":"LineString","coordinates":[[-73.87908,40.68688],[-73.87902,40.68691],[-73.87802,40.68742],[-73.87789,40.68749]]}},{"type":"Feature","properties":{"c":2,"s":"seg_42472573_42475212"},"geometry":{"type":"LineString","coordinates":[[-73.87789,40.68749],[-73.87784,40.68751],[-73.87736,40.68775],[-73.87678,40.68804],[-73.87669,40.68809]]}},{"type":"Feature","properties":{"c":2,"s":"seg_42472573_42475212"},"geometry":{"type":"LineString","coordinates":[[-73.87669,40.68809],[-73.87662,40.68812],[-73.87617,40.68834],[-73.87608,40.68838],[-73.8759,40.68848]]}},{"type":"Feature","properties":{"c":2,"s":"seg_42472573_42475212"},"geometry":{"type":"LineString","coordinates":[[-73.8726,40.68992],[-73.87184,40.69023],[-73.87173,40.69028]]}},{"type":"Feature","properties":{"c":2,"s":"seg_42472573_42475212"},"geometry":{"type":"LineString","coordinates":[[-73.87173,40.69028],[-73.87167,40.69029],[-73.87095,40.6905]]}},{"type":"Feature","properties":{"c":2,"s":"seg_42472573_42475212"},"geometry":{"type":"LineString","coordinates":[[-73.87095,40.6905],[-73.87048,40.69062],[-73.87021,40.69069],[-73.87013,40.69071]]}},{"type":"Feature","properties":{"c":2,"s":"seg_42472573_42475212"},"geometry":{"type":"LineString","coordinates":[[-73.87013,40.69071],[-73.87004,40.69073],[-73.86903,40.69099]]}},{"type":"Feature","properties":{"c":1,"s":"seg_42488278_42491450"},"geometry":{"type":"LineString","coordinates":[[-73.94705,40.70367],[-73.94633,40.70326],[-73.94624,40.70322]]}},{"type":"Feature","properties":{"c":1,"s":"seg_42488278_42491450"},"geometry":{"type":"LineString","coordinates":[[-73.94705,40.70367],[-73.94781,40.70409],[-73.94789,40.70414]]}},{"type":"Feature","properties":{"c":1,"s":"seg_597728063_597728082"},"geometry":{"type":"LineString","coordinates":[[-73.9386,40.67795],[-73.93872,40.67795],[-73.93982,40.67801]]}},{"type":"Feature","properties":{"c":2,"s":"seg_42481659_42481968"},"geometry":{"type":"LineString","coordinates":[[-73.93993,40.6639],[-73.93984,40.6639],[-73.93944,40.66388],[-73.93765,40.66378],[-73.93726,40.66376],[-73.93716,40.66375]]}},{"type":"Feature","properties":{"c":3,"s":"seg_42493279_42514760"},"geometry":{"type":"LineString","coordinates":[[-73.93999,40.66223],[-73.93986,40.66224],[-73.93846,40.66233],[-73.9381,40.66235],[-73.9377,40.66237],[-73.93745,40.66239],[-73.93734,40.6624]]}},{"type":"Feature","properties":{"c":1,"s":"seg_42505791_42510369"},"geometry":{"type":"LineString","coordinates":[[-73.93926,40.65327],[-73.93916,40.65327],[-73.93892,40.65329],[-73.93838,40.65332],[-73.93829,40.65333]]}},{"type":"Feature","properties":{"c":2,"s":"seg_42493279_42514760"},"geometry":{"type":"LineString","coordinates":[[-73.92445,40.66636],[-73.9243,40.66642],[-73.92424,40.66645]]}},{"type":"Feature","properties":{"c":2,"s":"seg_42493279_42514760"},"geometry":{"type":"LineString","coordinates":[[-73.92445,40.66636],[-73.92451,40.66634],[-73.92457,40.66631],[-73.92459,40.6663],[-73.9247,40.66625],[-73.92502,40.66611],[-73.92527,40.666],[-73.92532,40.66598],[-73.92546,40.66592]]}},{"type":"Feature","properties":{"c":3,"s":"seg_42479194_1942055212"},"geometry":{"type":"LineString","coordinates":[[-73.91818,40.66074],[-73.91827,40.66106],[-73.91828,40.66109],[-73.9183,40.66116]]}},{"type":"Feature","properties":{"c":3,"s":"seg_42479194_1942055212"},"geometry":{"type":"LineString","coordinates":[[-73.9183,40.66116],[-73.91832,40.66123],[-73.91869,40.66263],[-73.9187,40.66269]]}},{"type":"Feature","properties":{"c":2,"s":"seg_42475801_42475807"},"geometry":{"type":"LineString","coordinates":[[-74.01101,40.67223],[-74.01109,40.67226],[-74.01122,40.6723],[-74.0113,40.67234],[-74.01142,40.6724],[-74.01162,40.67254],[-74.0117,40.6726],[-74.01175,40.67264],[-74.01182,40.67269],[-74.01188,40.67274],[-74.01199,40.67283],[-74.01238,40.6731],[-74.01245,40.67315]]}},{"type":"Feature","properties":{"c":2,"s":"seg_42475790_3765548237"},"geometry":{"type":"LineString","coordinates":[[-74.01101,40.67223],[-74.01094,40.67221],[-74.01064,40.67213],[-74.00995,40.67195],[-74.00959,40.67185],[-74.00924,40.67176],[-74.00918,40.67176],[-74.00914,40.67177],[-74.00908,40.6718],[-74.00903,40.67184],[-74.00898,40.67194],[-74.00877,40.67238]]}},{"type":"Feature","properties":{"c":2,"s":"seg_42475801_42475807"},"geometry":{"type":"LineString","coordinates":[[-74.01245,40.67315],[-74.01251,40.67319],[-74.01264,40.67329],[-74.0128,40.67341],[-74.01305,40.67358],[-74.01341,40.67383],[-74.01354,40.67391],[-74.01379,40.67408],[-74.01386,40.67413]]}},{"type":"Feature","properties":{"c":2,"s":"seg_42475801_42475807"},"geometry":{"type":"LineString","coordinates":[[-74.01386,40.67413],[-74.01397,40.67421],[-74.01436,40.67448],[-74.01463,40.67466],[-74.01485,40.6748],[-74.01512,40.67499],[-74.01533,40.67513],[-74.01536,40.67515],[-74.01542,40.6752]]}},{"type":"Feature","properties":{"c":3,"s":"seg_42475801_42475807"},"geometry":{"type":"LineString","coordinates":[[-74.01542,40.6752],[-74.0155,40.67525],[-74.01659,40.67599],[-74.01665,40.67603]]}},{"type":"Feature","properties":{"c":3,"s":"seg_42471906_42487870"},"geometry":{"type":"LineString","coordinates":[[-74.01542,40.6752],[-74.01548,40.67515],[-74.01602,40.67468]]}},{"type":"Feature","properties":{"c":2,"s":"seg_42471906_42487870"},"geometry":{"type":"LineString","coordinates":[[-74.01542,40.6752],[-74.01536,40.67525],[-74.01485,40.67569],[-74.0148,40.67573]]}},{"type":"Feature","properties":{"c":2,"s":"seg_2356694563_42480221"},"geometry":{"type":"LineString","coordinates":[[-73.96733,40.58153],[-73.96735,40.58144],[-73.96737,40.58138],[-73.96742,40.58115],[-73.96747,40.58094],[-73.96756,40.58055],[-73.96757,40.5805],[-73.9676,40.58036]]}},{"type":"Feature","properties":{"c":2,"s":"seg_2356694563_42480221"},"geometry":{"type":"LineString","coordinates":[[-73.96733,40.58153],[-73.96731,40.58162],[-73.96729,40.58171],[-73.96724,40.58194],[-73.9671,40.58255]]}},{"type":"Feature","properties":{"c":1,"s":"seg_42465084_42468791"},"geometry":{"type":"LineString","coordinates":[[-73.90456,40.67951],[-73.90479,40.67964]]}},{"type":"Feature","properties":{"c":1,"s":"seg_42465084_42468791"},"geometry":{"type":"LineString","coordinates":[[-73.90456,40.67951],[-73.90437,40.6794],[-73.90412,40.67925],[-73.90406,40.67922]]}},{"type":"Feature","properties":{"c":1,"s":"seg_42496975_42475971"},"geometry":{"type":"LineString","coordinates":[[-73.98565,40.67394],[-73.9856,40.674],[-73.98519,40.67448],[-73.98514,40.67454]]}},{"type":"Feature","properties":{"c":2,"s":"seg_42487613_42477334"},"geometry":{"type":"LineString","coordinates":[[-73.98402,40.65659],[-73.9841,40.65664],[-73.98442,40.65684],[-73.98492,40.65713],[-73.98623,40.65792]]}},{"type":"Feature","properties":{"c":2,"s":"seg_42476119_42510722"},"geometry":{"type":"LineString","coordinates":[[-73.97686,40.6646],[-73.97695,40.66465],[-73.97874,40.66551],[-73.97914,40.66571],[-73.97922,40.66575]]}},{"type":"Feature","properties":{"c":1,"s":"seg_42510396_42510401"},"geometry":{"type":"LineString","coordinates":[[-73.93829,40.65333],[-73.93822,40.65333],[-73.93805,40.65334],[-73.93762,40.65337],[-73.93744,40.65338],[-73.93736,40.65339]]}},{"type":"Feature","properties":{"c":1,"s":"seg_597728022_597728004"},"geometry":{"type":"LineString","coordinates":[[-73.91646,40.67671],[-73.91657,40.67672],[-73.91657,40.67672],[-73.91724,40.67676],[-73.91732,40.67676],[-73.91739,40.67677]]}},{"type":"Feature","properties":{"c":1,"s":"seg_42505549_42505552"},"geometry":{"type":"LineString","coordinates":[[-73.91805,40.68721],[-73.91829,40.68736]]}},{"type":"Feature","properties":{"c":1,"s":"seg_42505549_42505552"},"geometry":{"type":"LineString","coordinates":[[-73.91805,40.68721],[-73.91771,40.68703],[-73.91762,40.68698]]}},{"type":"Feature","properties":{"c":1,"s":"seg_1372888841_1372888679"},"geometry":{"type":"LineString","coordinates":[[-73.99562,40.66268],[-73.99556,40.66273],[-73.9951,40.66318],[-73.99504,40.66324]]}},{"type":"Feature","properties":{"c":2,"s":"seg_42484164_42484167"},"geometry":{"type":"LineString","coordinates":[[-73.95285,40.71406],[-73.95296,40.71406],[-73.95337,40.71407]]}},{"type":"Feature","properties":{"c":2,"s":"seg_42484164_42484167"},"geometry":{"type":"LineString","coordinates":[[-73.95285,40.71406],[-73.95275,40.71406],[-73.95256,40.71406],[-73.95215,40.71407],[-73.95174,40.71407],[-73.95163,40.71407]]}},{"type":"Feature","properties":{"c":2,"s":"seg_42476536_42476545"},"geometry":{"type":"LineString","coordinates":[[-73.95134,40.71536],[-73.95016,40.71621]]}},{"type":"Feature","properties":{"c":2,"s":"seg_42476536_42476545"},"geometry":{"type":"LineString","coordinates":[[-73.95016,40.71621],[-73.94985,40.71641],[-73.94976,40.71647]]}},{"type":"Feature","properties":{"c":2,"s":"seg_42476536_42476545"},"geometry":{"type":"LineString","coordinates":[[-73.94976,40.71647],[-73.94968,40.71653],[-73.94898,40.71697]]}},{"type":"Feature","properties":{"c":2,"s":"seg_42476536_42476545"},"geometry":{"type":"LineString","coordinates":[[-73.94898,40.71697],[-73.94835,40.71739],[-73.94826,40.71744]]}},{"type":"Feature","properties":{"c":2,"s":"seg_42476536_42476545"},"geometry":{"type":"LineString","coordinates":[[-73.94826,40.71744],[-73.94818,40.7175],[-73.94759,40.71788]]}},{"type":"Feature","properties":{"c":2,"s":"seg_42476536_42476545"},"geometry":{"type":"LineString","coordinates":[[-73.94759,40.71788],[-73.94682,40.71839],[-73.94673,40.71843]]}},{"type":"Feature","properties":{"c":2,"s":"seg_42476536_42476545"},"geometry":{"type":"LineString","coordinates":[[-73.94673,40.71843],[-73.94666,40.71848],[-73.94636,40.71866]]}},{"type":"Feature","properties":{"c":2,"s":"seg_42476536_42476545"},"geometry":{"type":"LineString","coordinates":[[-73.94636,40.71866],[-73.94602,40.71887],[-73.94548,40.71923],[-73.9454,40.71929]]}},{"type":"Feature","properties":{"c":2,"s":"seg_42476536_42476545"},"geometry":{"type":"LineString","coordinates":[[-73.94278,40.72084],[-73.9427,40.72089],[-73.94236,40.72107],[-73.94224,40.72114],[-73.94212,40.72121],[-73.94202,40.72127],[-73.942,40.72128],[-73.94191,40.72133]]}},{"type":"Feature","properties":{"c":2,"s":"seg_42476536_42476545"},"geometry":{"type":"LineString","coordinates":[[-73.94191,40.72133],[-73.94183,40.72138],[-73.94177,40.72142],[-73.94168,40.72149],[-73.94137,40.72171]]}},{"type":"Feature","properties":{"c":2,"s":"seg_42476536_42476545"},"geometry":{"type":"LineString","coordinates":[[-73.94103,40.72193],[-73.94091,40.72202],[-73.94081,40.72209],[-73.94046,40.72233],[-73.94037,40.7224],[-73.94027,40.72246],[-73.94015,40.72254],[-73.94001,40.72262],[-73.93939,40.72295],[-73.93925,40.72303],[-73.93915,40.72309]]}},{"type":"Feature","properties":{"c":2,"s":"seg_42476536_42476545"},"geometry":{"type":"LineString","coordinates":[[-73.93915,40.72309],[-73.93905,40.72314],[-73.93877,40.7233],[-73.93865,40.72336],[-73.93854,40.72342],[-73.93843,40.72347],[-73.9383,40.72353],[-73.93817,40.72358],[-73.93806,40.72362],[-73.93793,40.72366],[-73.93765,40.72374],[-73.93752,40.72378]]}},{"type":"Feature","properties":{"c":2,"s":"seg_42476536_42476545"},"geometry":{"type":"LineString","coordinates":[[-73.94984,40.71693],[-73.94992,40.71687],[-73.95003,40.7168]]}},{"type":"Feature","properties":{"c":2,"s":"seg_42476536_42476545"},"geometry":{"type":"LineString","coordinates":[[-73.94867,40.71767],[-73.94907,40.71744],[-73.9495,40.71714]]}},{"type":"Feature","properties":{"c":2,"s":"seg_42476536_42476545"},"geometry":{"type":"LineString","coordinates":[[-73.94833,40.71787],[-73.9484,40.71783],[-73.94867,40.71767]]}},{"type":"Feature","properties":{"c":2,"s":"seg_42476536_42476545"},"geometry":{"type":"LineString","coordinates":[[-73.94716,40.71857],[-73.94763,40.71829]]}},{"type":"Feature","properties":{"c":2,"s":"seg_42476536_42476545"},"geometry":{"type":"LineString","coordinates":[[-73.94678,40.7188],[-73.94687,40.71874],[-73.94716,40.71857]]}},{"type":"Feature","properties":{"c":2,"s":"seg_42476536_42476545"},"geometry":{"type":"LineString","coordinates":[[-73.94283,40.72114],[-73.9429,40.7211],[-73.94297,40.72106],[-73.94368,40.72065]]}},{"type":"Feature","properties":{"c":2,"s":"seg_42476536_42476545"},"geometry":{"type":"LineString","coordinates":[[-73.94196,40.72165],[-73.94202,40.72161],[-73.94204,40.7216],[-73.94212,40.72154],[-73.94222,40.72149],[-73.9423,40.72144],[-73.94274,40.72119],[-73.94283,40.72114]]}},{"type":"Feature","properties":{"c":2,"s":"seg_42476536_42476545"},"geometry":{"type":"LineString","coordinates":[[-73.94109,40.72228],[-73.94122,40.72219],[-73.94146,40.722]]}},{"type":"Feature","properties":{"c":2,"s":"seg_42476536_42476545"},"geometry":{"type":"LineString","coordinates":[[-73.94023,40.72288],[-73.94033,40.72281],[-73.94046,40.72274],[-73.94058,40.72266],[-73.94066,40.7226],[-73.94077,40.72252],[-73.94087,40.72244],[-73.94095,40.72239],[-73.94109,40.72228]]}},{"type":"Feature","properties":{"c":2,"s":"seg_42476536_42476545"},"geometry":{"type":"LineString","coordinates":[[-73.93932,40.72339],[-73.93942,40.72333],[-73.93991,40.72306],[-73.94023,40.72288]]}},{"type":"Feature","properties":{"c":2,"s":"seg_42476536_42476545"},"geometry":{"type":"LineString","coordinates":[[-73.93893,40.7236],[-73.93921,40.72346],[-73.93932,40.72339]]}},{"type":"Feature","properties":{"c":2,"s":"seg_42476536_42476545"},"geometry":{"type":"LineString","coordinates":[[-73.93845,40.72385],[-73.93854,40.72381],[-73.93863,40.72377],[-73.93872,40.72371],[-73.93893,40.7236]]}},{"type":"Feature","properties":{"c":2,"s":"seg_42476536_42476545"},"geometry":{"type":"LineString","coordinates":[[-73.9354,40.72591],[-73.93546,40.72586],[-73.93647,40.72508],[-73.93659,40.72498],[-73.93663,40.72495],[-73.93679,40.72482]]}},{"type":"Feature","properties":{"c":2,"s":"seg_42505675_42505677"},"geometry":{"type":"LineString","coordinates":[[-73.9354,40.72591],[-73.93534,40.72586],[-73.93491,40.72548]]}},{"type":"Feature","properties":{"c":3,"s":"seg_42476536_42476545"},"geometry":{"type":"LineString","coordinates":[[-73.9354,40.72591],[-73.93533,40.72596],[-73.93518,40.72607],[-73.93506,40.72615],[-73.93419,40.72679],[-73.93415,40.72683]]}},{"type":"Feature","properties":{"c":3,"s":"seg_42476536_42476545"},"geometry":{"type":"LineString","coordinates":[[-73.93251,40.72791],[-73.9324,40.72798]]}},{"type":"Feature","properties":{"c":3,"s":"seg_42476536_42476545"},"geometry":{"type":"LineString","coordinates":[[-73.93251,40.72791],[-73.93374,40.72709],[-73.93385,40.72701],[-73.93406,40.72688],[-73.93415,40.72683]]}},{"type":"Feature","properties":{"c":2,"s":"seg_42478154_598227835"},"geometry":{"type":"LineString","coordinates":[[-74.00068,40.67485],[-74.0006,40.67473],[-74.00055,40.67464],[-74.00022,40.67411],[-74.00016,40.67401]]}},{"type":"Feature","properties":{"c":1,"s":"seg_42488278_42491450"},"geometry":{"type":"LineString","coordinates":[[-73.94983,40.70522],[-73.94967,40.70513],[-73.94956,40.70507],[-73.94947,40.70502]]}},{"type":"Feature","properties":{"c":1,"s":"seg_42488278_42491450"},"geometry":{"type":"LineString","coordinates":[[-73.94983,40.70522],[-73.95011,40.70538],[-73.95012,40.70538],[-73.95022,40.70544]]}},{"type":"Feature","properties":{"c":2,"s":"seg_5666512607_2318552253"},"geometry":{"type":"LineString","coordinates":[[-73.9398,40.58393],[-73.94073,40.5839]]}},{"type":"Feature","properties":{"c":1,"s":"seg_42464505_42481782"},"geometry":{"type":"LineString","coordinates":[[-73.94574,40.61536],[-73.94582,40.6153],[-73.94598,40.61519],[-73.94602,40.61517],[-73.94629,40.61498],[-73.94637,40.61493],[-73.94651,40.61484],[-73.94657,40.6148]]}},{"type":"Feature","properties":{"c":1,"s":"seg_42464505_42481782"},"geometry":{"type":"LineString","coordinates":[[-73.94574,40.61536],[-73.94566,40.61542],[-73.94525,40.61573],[-73.94495,40.61595],[-73.94483,40.61605]]}},{"type":"Feature","properties":{"c":2,"s":"seg_42524489_42531283"},"geometry":{"type":"LineString","coordinates":[[-73.94289,40.60032],[-73.9428,40.60033],[-73.94249,40.60037],[-73.94232,40.60039],[-73.94229,40.60039],[-73.94213,40.60041],[-73.94201,40.60042],[-73.94189,40.60043]]}},{"type":"Feature","properties":{"c":2,"s":"seg_42524489_42531283"},"geometry":{"type":"LineString","coordinates":[[-73.94289,40.60032],[-73.94297,40.60031],[-73.94348,40.60025],[-73.94373,40.60023],[-73.94382,40.60022]]}},{"type":"Feature","properties":{"c":3,"s":"seg_42460320_42509550"},"geometry":{"type":"LineString","coordinates":[[-74.02028,40.62806],[-74.02019,40.62801],[-74.02016,40.62799],[-74.01995,40.62787],[-74.0188,40.62717],[-74.01875,40.62714],[-74.01874,40.62713],[-74.01864,40.62707]]}},{"type":"Feature","properties":{"c":1,"s":"seg_42465230_4207763060"},"geometry":{"type":"LineString","coordinates":[[-73.97379,40.68315],[-73.97394,40.68318],[-73.97428,40.68325],[-73.97442,40.68327],[-73.97456,40.6833],[-73.97471,40.68332],[-73.97484,40.68335],[-73.97498,40.68338],[-73.97584,40.68355],[-73.97588,40.68356],[-73.97595,40.68358]]}},{"type":"Feature","properties":{"c":2,"s":"seg_42486362_42486365"},"geometry":{"type":"LineString","coordinates":[[-73.97796,40.67544],[-73.97789,40.67541],[-73.97555,40.6745],[-73.97546,40.67447]]}},{"type":"Feature","properties":{"c":2,"s":"seg_42486362_42486365"},"geometry":{"type":"LineString","coordinates":[[-73.97796,40.67544],[-73.97804,40.67547],[-73.98037,40.67638],[-73.98046,40.67642]]}},{"type":"Feature","properties":{"c":2,"s":"seg_42476119_42510722"},"geometry":{"type":"LineString","coordinates":[[-73.98394,40.66803],[-73.98386,40.66799],[-73.98348,40.66781],[-73.9821,40.66714],[-73.98169,40.66694],[-73.98158,40.66689]]}},{"type":"Feature","properties":{"c":2,"s":"seg_42487613_42477334"},"geometry":{"type":"LineString","coordinates":[[-73.99063,40.66058],[-73.99073,40.66063],[-73.99275,40.66186],[-73.99284,40.66191]]}},{"type":"Feature","properties":{"c":2,"s":"seg_42487446_42536026"},"geometry":{"type":"LineString","coordinates":[[-74.00172,40.64994],[-74.00163,40.64989],[-74.00144,40.64978],[-73.99987,40.64882],[-73.9996,40.64866],[-73.99956,40.64864],[-73.99952,40.64861]]}},{"type":"Feature","properties":{"c":2,"s":"seg_5666512607_2318552253"},"geometry":{"type":"LineString","coordinates":[[-73.95041,40.58342],[-73.95033,40.58343],[-73.94961,40.58351]]}},{"type":"Feature","properties":{"c":2,"s":"seg_5666512607_2318552253"},"geometry":{"type":"LineString","coordinates":[[-73.94843,40.58363],[-73.9483,40.58362],[-73.94822,40.58363],[-73.94795,40.58364],[-73.94781,40.58364],[-73.9474,40.58366]]}},{"type":"Feature","properties":{"c":2,"s":"seg_5666512607_2318552253"},"geometry":{"type":"LineString","coordinates":[[-73.9474,40.58366],[-73.9465,40.58368],[-73.94643,40.58368],[-73.9463,40.58369],[-73.94613,40.58369],[-73.94487,40.58364]]}},{"type":"Feature","properties":{"c":2,"s":"seg_5666512607_2318552253"},"geometry":{"type":"LineString","coordinates":[[-73.94486,40.58376],[-73.9453,40.58378],[-73.9459,40.5838],[-73.94613,40.58381],[-73.94635,40.58381],[-73.94644,40.5838],[-73.9474,40.58377]]}},{"type":"Feature","properties":{"c":2,"s":"seg_5666512607_2318552253"},"geometry":{"type":"LineString","coordinates":[[-73.94397,40.58372],[-73.94486,40.58376]]}},{"type":"Feature","properties":{"c":2,"s":"seg_42520504_42520508"},"geometry":{"type":"LineString","coordinates":[[-73.94357,40.58372],[-73.94355,40.58359]]}},{"type":"Feature","properties":{"c":2,"s":"seg_5666512607_2318552253"},"geometry":{"type":"LineString","coordinates":[[-73.94357,40.58372],[-73.94369,40.58372],[-73.94397,40.58372]]}},{"type":"Feature","properties":{"c":2,"s":"seg_42520504_42520508"},"geometry":{"type":"LineString","coordinates":[[-73.94357,40.58372],[-73.94358,40.5838],[-73.94364,40.58409],[-73.94375,40.58465],[-73.94375,40.58471]]}},{"type":"Feature","properties":{"c":2,"s":"seg_5666512607_2318552253"},"geometry":{"type":"LineString","coordinates":[[-73.94073,40.5839],[-73.94104,40.58389],[-73.9415,40.58387]]}},{"type":"Feature","properties":{"c":2,"s":"seg_5666512607_2318552253"},"geometry":{"type":"LineString","coordinates":[[-73.9388,40.58384],[-73.93866,40.58385]]}},{"type":"Feature","properties":{"c":2,"s":"seg_5666512607_2318552253"},"geometry":{"type":"LineString","coordinates":[[-73.93708,40.58402],[-73.93824,40.58398],[-73.93846,40.58397],[-73.93859,40.58397],[-73.93868,40.58396]]}},{"type":"Feature","properties":{"c":2,"s":"seg_5666512607_2318552253"},"geometry":{"type":"LineString","coordinates":[[-73.93683,40.58403],[-73.93708,40.58402]]}},{"type":"Feature","properties":{"c":2,"s":"seg_5666512607_2318552253"},"geometry":{"type":"LineString","coordinates":[[-73.93589,40.58407],[-73.93673,40.58403],[-73.93683,40.58403]]}},{"type":"Feature","properties":{"c":2,"s":"seg_5666512607_2318552253"},"geometry":{"type":"LineString","coordinates":[[-73.93496,40.5841],[-73.93589,40.58407]]}},{"type":"Feature","properties":{"c":2,"s":"seg_5666512607_2318552253"},"geometry":{"type":"LineString","coordinates":[[-73.93208,40.5843],[-73.93243,40.58425],[-73.933,40.58418]]}},{"type":"Feature","properties":{"c":2,"s":"seg_42468848_3509302812"},"geometry":{"type":"LineString","coordinates":[[-73.98646,40.59748],[-73.98699,40.5978],[-73.98711,40.59788],[-73.98719,40.59793]]}},{"type":"Feature","properties":{"c":2,"s":"seg_42468848_3509302812"},"geometry":{"type":"LineString","coordinates":[[-73.98646,40.59748],[-73.98601,40.5972],[-73.98589,40.59713],[-73.98575,40.59704]]}},{"type":"Feature","properties":{"c":2,"s":"seg_42472449_42493786"},"geometry":{"type":"LineString","coordinates":[[-73.99264,40.59165],[-73.99213,40.59103]]}},{"type":"Feature","properties":{"c":1,"s":"seg_42477549_42517097"},"geometry":{"type":"LineString","coordinates":[[-73.91622,40.69903],[-73.91611,40.69904],[-73.91506,40.69915],[-73.91492,40.69917]]}},{"type":"Feature","properties":{"c":1,"s":"seg_42477549_42517097"},"geometry":{"type":"LineString","coordinates":[[-73.91622,40.69903],[-73.91634,40.69902],[-73.91742,40.69891],[-73.91752,40.6989]]}},{"type":"Feature","properties":{"c":2,"s":"seg_42481659_42481968"},"geometry":{"type":"LineString","coordinates":[[-73.94408,40.66413],[-73.94488,40.66418]]}},{"type":"Feature","properties":{"c":1,"s":"seg_42488278_42491450"},"geometry":{"type":"LineString","coordinates":[[-73.95022,40.70544],[-73.9504,40.70553],[-73.95086,40.7058]]}},{"type":"Feature","properties":{"c":1,"s":"seg_42477666_42485203"},"geometry":{"type":"LineString","coordinates":[[-74.02537,40.63013],[-74.02539,40.63006],[-74.02556,40.62962],[-74.0256,40.62953],[-74.02563,40.62945],[-74.02566,40.62938]]}},{"type":"Feature","properties":{"c":1,"s":"seg_42477666_42485203"},"geometry":{"type":"LineString","coordinates":[[-74.02537,40.63013],[-74.02534,40.63018],[-74.02519,40.63055],[-74.0251,40.63077],[-74.02507,40.63085]]}},{"type":"Feature","properties":{"c":2,"s":"seg_42460776_42487360"},"geometry":{"type":"LineString","coordinates":[[-74.01896,40.6263],[-74.01926,40.62558]]}},{"type":"Feature","properties":{"c":2,"s":"seg_42487939_42491331"},"geometry":{"type":"LineString","coordinates":[[-74.00586,40.61838],[-74.00591,40.61833],[-74.00638,40.61787],[-74.00643,40.61781]]}},{"type":"Feature","properties":{"c":2,"s":"seg_42487939_42491331"},"geometry":{"type":"LineString","coordinates":[[-74.00586,40.61838],[-74.00581,40.61843],[-74.0053,40.6189],[-74.00523,40.61897]]}},{"type":"Feature","properties":{"c":2,"s":"seg_42477768_42516713"},"geometry":{"type":"LineString","coordinates":[[-73.90892,40.66255],[-73.90891,40.66249],[-73.9089,40.66248],[-73.90855,40.66109],[-73.90852,40.66101]]}},{"type":"Feature","properties":{"c":2,"s":"seg_42477768_42516713"},"geometry":{"type":"LineString","coordinates":[[-73.90892,40.66255],[-73.90894,40.66262],[-73.90894,40.66264],[-73.9091,40.66329],[-73.90921,40.66372],[-73.90929,40.66403],[-73.90931,40.6641]]}},{"type":"Feature","properties":{"c":1,"s":"seg_42477821_42495641"},"geometry":{"type":"LineString","coordinates":[[-73.89404,40.66475],[-73.89403,40.66471],[-73.89403,40.66468],[-73.89401,40.66461],[-73.89394,40.66436],[-73.89367,40.66331],[-73.89365,40.66322]]}},{"type":"Feature","properties":{"c":1,"s":"seg_42477821_42495641"},"geometry":{"type":"LineString","coordinates":[[-73.89404,40.66475],[-73.89405,40.66479],[-73.89406,40.66483],[-73.89414,40.66512],[-73.89439,40.66609],[-73.89442,40.66622],[-73.89444,40.6663]]}},{"type":"Feature","properties":{"c":1,"s":"seg_42477890_42517070"},"geometry":{"type":"LineString","coordinates":[[-73.92783,40.69781],[-73.92658,40.69795],[-73.92603,40.69801]]}},{"type":"Feature","properties":{"c":1,"s":"seg_42477890_42517070"},"geometry":{"type":"LineString","coordinates":[[-73.92783,40.69781],[-73.9285,40.69774],[-73.92919,40.69766],[-73.92932,40.69765]]}},{"type":"Feature","properties":{"c":1,"s":"seg_42501277_42505519"},"geometry":{"type":"LineString","coordinates":[[-73.93193,40.69511],[-73.93186,40.69508],[-73.93177,40.69503]]}},{"type":"Feature","properties":{"c":1,"s":"seg_42501277_42505519"},"geometry":{"type":"LineString","coordinates":[[-73.93193,40.69511],[-73.93231,40.69533],[-73.93237,40.69536]]}},{"type":"Feature","properties":{"c":1,"s":"seg_42501277_42505519"},"geometry":{"type":"LineString","coordinates":[[-73.93177,40.69503],[-73.93173,40.695],[-73.93144,40.69484]]}},{"type":"Feature","properties":{"c":2,"s":"seg_42469045_42488002"},"geometry":{"type":"LineString","coordinates":[[-73.99234,40.60104],[-73.99305,40.60148]]}},{"type":"Feature","properties":{"c":2,"s":"seg_42469045_42488002"},"geometry":{"type":"LineString","coordinates":[[-73.99234,40.60104],[-73.99175,40.60068],[-73.99169,40.60063],[-73.9916,40.60058]]}},{"type":"Feature","properties":{"c":2,"s":"seg_42472449_42493786"},"geometry":{"type":"LineString","coordinates":[[-73.99747,40.59615],[-73.99742,40.5961],[-73.99694,40.59573],[-73.9969,40.59569],[-73.9968,40.59561]]}},{"type":"Feature","properties":{"c":1,"s":"seg_42465084_42468791"},"geometry":{"type":"LineString","coordinates":[[-73.90566,40.68014],[-73.90575,40.68019],[-73.90587,40.68026],[-73.90628,40.68051]]}},{"type":"Feature","properties":{"c":1,"s":"seg_42465084_42468791"},"geometry":{"type":"LineString","coordinates":[[-73.90566,40.68014],[-73.90562,40.68012],[-73.90553,40.68008]]}},{"type":"Feature","properties":{"c":1,"s":"seg_42496975_42475971"},"geometry":{"type":"LineString","coordinates":[[-73.98765,40.67152],[-73.9876,40.67159],[-73.98729,40.67197],[-73.9872,40.67208],[-73.98715,40.67213]]}},{"type":"Feature","properties":{"c":2,"s":"seg_42486313_42515022"},"geometry":{"type":"LineString","coordinates":[[-74.00484,40.68567],[-74.00487,40.6856],[-74.00513,40.68507],[-74.00516,40.685]]}},{"type":"Feature","properties":{"c":1,"s":"seg_42496975_42475971"},"geometry":{"type":"LineString","coordinates":[[-73.98254,40.67803],[-73.9825,40.67809],[-73.98224,40.6785],[-73.98216,40.67861],[-73.98212,40.67867]]}},{"type":"Feature","properties":{"c":2,"s":"seg_42478154_598227835"},"geometry":{"type":"LineString","coordinates":[[-74.00498,40.68031],[-74.00442,40.67955]]}},{"type":"Feature","properties":{"c":3,"s":"seg_42475790_3765548237"},"geometry":{"type":"LineString","coordinates":[[-74.00498,40.68031],[-74.00501,40.68017],[-74.00518,40.67985],[-74.00522,40.67976]]}},{"type":"Feature","properties":{"c":2,"s":"seg_42478154_598227835"},"geometry":{"type":"LineString","coordinates":[[-74.00375,40.67879],[-74.00355,40.67857]]}},{"type":"Feature","properties":{"c":2,"s":"seg_42478154_598227835"},"geometry":{"type":"LineString","coordinates":[[-74.00355,40.67857],[-74.00322,40.67813],[-74.00309,40.67796],[-74.00277,40.67761]]}},{"type":"Feature","properties":{"c":2,"s":"seg_42478154_598227835"},"geometry":{"type":"LineString","coordinates":[[-74.00263,40.67744],[-74.00249,40.67728]]}},{"type":"Feature","properties":{"c":2,"s":"seg_42478154_598227835"},"geometry":{"type":"LineString","coordinates":[[-74.00206,40.67669],[-74.00168,40.6761],[-74.0016,40.67602]]}},{"type":"Feature","properties":{"c":2,"s":"seg_42478154_598227835"},"geometry":{"type":"LineString","coordinates":[[-74.00137,40.6758],[-74.00124,40.67565],[-74.00119,40.67558],[-74.00068,40.67485]]}},{"type":"Feature","properties":{"c":2,"s":"seg_42478154_598227835"},"geometry":{"type":"LineString","coordinates":[[-74.00016,40.67401],[-74.00009,40.6739],[-74.00003,40.67381]]}},{"type":"Feature","properties":{"c":2,"s":"seg_42478154_598227835"},"geometry":{"type":"LineString","coordinates":[[-74.00003,40.67381],[-73.99954,40.67304]]}},{"type":"Feature","properties":{"c":2,"s":"seg_42478154_598227835"},"geometry":{"type":"LineString","coordinates":[[-73.99954,40.67304],[-73.99939,40.6728],[-73.99925,40.67258],[-73.99921,40.67251]]}},{"type":"Feature","properties":{"c":2,"s":"seg_42478154_598227835"},"geometry":{"type":"LineString","coordinates":[[-73.99921,40.67251],[-73.99909,40.67232]]}},{"type":"Feature","properties":{"c":2,"s":"seg_42478154_598227835"},"geometry":{"type":"LineString","coordinates":[[-73.99909,40.67232],[-73.99867,40.67163],[-73.99864,40.67156],[-73.99856,40.67144],[-73.99847,40.67128],[-73.99835,40.67109]]}},{"type":"Feature","properties":{"c":2,"s":"seg_42478335_598229486"},"geometry":{"type":"LineString","coordinates":[[-74.00503,40.68191],[-74.00509,40.682],[-74.0055,40.68268],[-74.0056,40.68283]]}},{"type":"Feature","properties":{"c":3,"s":"seg_42475790_3765548237"},"geometry":{"type":"LineString","coordinates":[[-74.00456,40.68115],[-74.0045,40.68127],[-74.00432,40.68165],[-74.00429,40.68171]]}},{"type":"Feature","properties":{"c":2,"s":"seg_42478335_598229486"},"geometry":{"type":"LineString","coordinates":[[-74.00456,40.68115],[-74.00498,40.68184],[-74.00503,40.68191]]}},{"type":"Feature","properties":{"c":2,"s":"seg_42478335_598229486"},"geometry":{"type":"LineString","coordinates":[[-74.00445,40.68099],[-74.00456,40.68115]]}},{"type":"Feature","properties":{"c":2,"s":"seg_42478154_598227835"},"geometry":{"type":"LineString","coordinates":[[-74.00201,40.67796],[-74.00239,40.67843]]}},{"type":"Feature","properties":{"c":2,"s":"seg_42478154_598227835"},"geometry":{"type":"LineString","coordinates":[[-74.00154,40.67727],[-74.00201,40.67796]]}},{"type":"Feature","properties":{"c":2,"s":"seg_42478154_598227835"},"geometry":{"type":"LineString","coordinates":[[-74.00104,40.67636],[-74.00154,40.67727]]}},{"type":"Feature","properties":{"c":2,"s":"seg_42478154_598227835"},"geometry":{"type":"LineString","coordinates":[[-74.00075,40.67558],[-74.00084,40.6758],[-74.00089,40.67594],[-74.00091,40.676],[-74.00095,40.67611]]}},{"type":"Feature","properties":{"c":2,"s":"seg_42478154_598227835"},"geometry":{"type":"LineString","coordinates":[[-74.0002,40.67471],[-74.0007,40.67551],[-74.00075,40.67558]]}},{"type":"Feature","properties":{"c":2,"s":"seg_42478154_598227835"},"geometry":{"type":"LineString","coordinates":[[-73.99986,40.67416],[-73.99994,40.67429],[-74.00015,40.67463],[-74.0002,40.67471]]}},{"type":"Feature","properties":{"c":2,"s":"seg_42478154_598227835"},"geometry":{"type":"LineString","coordinates":[[-73.99963,40.67381],[-73.99986,40.67416]]}},{"type":"Feature","properties":{"c":2,"s":"seg_42478154_598227835"},"geometry":{"type":"LineString","coordinates":[[-73.99911,40.67294],[-73.99915,40.67301]]}},{"type":"Feature","properties":{"c":2,"s":"seg_42478154_598227835"},"geometry":{"type":"LineString","coordinates":[[-73.99746,40.67038],[-73.99775,40.67081],[-73.99826,40.67159],[-73.99836,40.67174],[-73.99843,40.67186],[-73.99846,40.6719],[-73.99884,40.67252]]}},{"type":"Feature","properties":{"c":2,"s":"seg_42486313_42515022"},"geometry":{"type":"LineString","coordinates":[[-74.00667,40.68266],[-74.00723,40.68219],[-74.0073,40.68212]]}},{"type":"Feature","properties":{"c":2,"s":"seg_42486313_42515022"},"geometry":{"type":"LineString","coordinates":[[-74.00667,40.68266],[-74.00616,40.68311],[-74.00612,40.68315],[-74.00606,40.68321]]}},{"type":"Feature","properties":{"c":2,"s":"seg_42478335_598229486"},"geometry":{"type":"LineString","coordinates":[[-74.00667,40.68266],[-74.00661,40.68262],[-74.00643,40.6825],[-74.00639,40.68241],[-74.00616,40.68186],[-74.00603,40.68164],[-74.00586,40.68143]]}},{"type":"Feature","properties":{"c":2,"s":"seg_42469382_42504062"},"geometry":{"type":"LineString","coordinates":[[-73.96774,40.69772],[-73.96787,40.69773],[-73.96855,40.69776],[-73.96872,40.69777]]}},{"type":"Feature","properties":{"c":1,"s":"seg_42467024_42469614"},"geometry":{"type":"LineString","coordinates":[[-73.96688,40.69334],[-73.96698,40.69333],[-73.96777,40.69324],[-73.96784,40.69323]]}},{"type":"Feature","properties":{"c":2,"s":"seg_42501872_42466432"},"geometry":{"type":"LineString","coordinates":[[-73.96613,40.68967],[-73.96625,40.68966],[-73.96657,40.68962],[-73.96705,40.68957],[-73.96712,40.68956]]}},{"type":"Feature","properties":{"c":2,"s":"seg_42520247_42481558"},"geometry":{"type":"LineString","coordinates":[[-73.96582,40.68821],[-73.96572,40.68822],[-73.96541,40.68826],[-73.96506,40.6883],[-73.9649,40.68832],[-73.96481,40.68833]]}},{"type":"Feature","properties":{"c":1,"s":"seg_597728149_597728151"},"geometry":{"type":"LineString","coordinates":[[-73.96441,40.68119],[-73.96456,40.68122],[-73.96548,40.68141],[-73.96551,40.68142]]}},{"type":"Feature","properties":{"c":2,"s":"seg_42481659_42481968"},"geometry":{"type":"LineString","coordinates":[[-73.96096,40.66329],[-73.96108,40.66329],[-73.96112,40.66329],[-73.96163,40.66326],[-73.962,40.66324],[-73.96217,40.66321],[-73.96228,40.66318],[-73.96238,40.6631]]}},{"type":"Feature","properties":{"c":2,"s":"seg_42481659_42481968"},"geometry":{"type":"LineString","coordinates":[[-73.96096,40.66329],[-73.96083,40.6633],[-73.96063,40.66331]]}},{"type":"Feature","properties":{"c":2,"s":"seg_42481659_42481968"},"geometry":{"type":"LineString","coordinates":[[-73.94943,40.664],[-73.94869,40.66405],[-73.9486,40.66406],[-73.94829,40.66407],[-73.94817,40.66408]]}},{"type":"Feature","properties":{"c":2,"s":"seg_42481659_42481968"},"geometry":{"type":"LineString","coordinates":[[-73.94943,40.664],[-73.95048,40.66394],[-73.95062,40.66393],[-73.95087,40.66391],[-73.95097,40.6639]]}},{"type":"Feature","properties":{"c":1,"s":"seg_597728043_597728029"},"geometry":{"type":"LineString","coordinates":[[-73.92095,40.67698],[-73.92166,40.67703],[-73.92173,40.67703],[-73.92181,40.67703]]}},{"type":"Feature","properties":{"c":2,"s":"seg_42469045_42488002"},"geometry":{"type":"LineString","coordinates":[[-74.00192,40.60683],[-74.00199,40.60686],[-74.00238,40.6071],[-74.00257,40.60722],[-74.00265,40.60727]]}},{"type":"Feature","properties":{"c":2,"s":"seg_42467247_42488485"},"geometry":{"type":"LineString","coordinates":[[-74.00678,40.60229],[-74.00592,40.60184]]}},{"type":"Feature","properties":{"c":2,"s":"seg_42467247_42488485"},"geometry":{"type":"LineString","coordinates":[[-74.00678,40.60229],[-74.00712,40.60247],[-74.00737,40.60261],[-74.00746,40.60265]]}},{"type":"Feature","properties":{"c":2,"s":"seg_42468848_3509302812"},"geometry":{"type":"LineString","coordinates":[[-73.97782,40.59226],[-73.97741,40.59201],[-73.97727,40.59193]]}},{"type":"Feature","properties":{"c":2,"s":"seg_42468848_3509302812"},"geometry":{"type":"LineString","coordinates":[[-73.97782,40.59226],[-73.97791,40.59231],[-73.97816,40.59247],[-73.97818,40.59248],[-73.97822,40.5925],[-73.97829,40.59254]]}},{"type":"Feature","properties":{"c":1,"s":"seg_42467292_42491690"},"geometry":{"type":"LineString","coordinates":[[-73.95815,40.64777],[-73.95825,40.64848],[-73.95826,40.64853]]}},{"type":"Feature","properties":{"c":1,"s":"seg_42491730_42491734"},"geometry":{"type":"LineString","coordinates":[[-73.95815,40.64777],[-73.95814,40.64757],[-73.95814,40.6475]]}},{"type":"Feature","properties":{"c":2,"s":"seg_42526068_42526066"},"geometry":{"type":"LineString","coordinates":[[-73.95219,40.64802],[-73.9522,40.6481],[-73.95226,40.64874],[-73.95227,40.64879]]}},{"type":"Feature","properties":{"c":2,"s":"seg_42481693_42467300"},"geometry":{"type":"LineString","coordinates":[[-73.94929,40.64814],[-73.94928,40.64809],[-73.94916,40.64696],[-73.94915,40.64689]]}},{"type":"Feature","properties":{"c":2,"s":"seg_42489110_42489113"},"geometry":{"type":"LineString","coordinates":[[-73.97077,40.64606],[-73.97073,40.64592],[-73.97064,40.64565],[-73.97056,40.64538],[-73.97055,40.64532]]}},{"type":"Feature","properties":{"c":2,"s":"seg_42489110_42489113"},"geometry":{"type":"LineString","coordinates":[[-73.97077,40.64606],[-73.97077,40.64609],[-73.97079,40.64615]]}},{"type":"Feature","properties":{"c":1,"s":"seg_42478859_42497275"},"geometry":{"type":"LineString","coordinates":[[-73.97988,40.64511],[-73.97986,40.64503],[-73.97978,40.6446],[-73.9797,40.64417],[-73.97946,40.64291],[-73.97944,40.6428]]}},{"type":"Feature","properties":{"c":1,"s":"seg_42478859_42484689"},"geometry":{"type":"LineString","coordinates":[[-73.97988,40.64511],[-73.9799,40.6452],[-73.98017,40.64667],[-73.98027,40.6472],[-73.98029,40.6473]]}},{"type":"Feature","properties":{"c":3,"s":"seg_42479945_42508600"},"geometry":{"type":"LineString","coordinates":[[-73.97481,40.64566],[-73.97477,40.64538],[-73.97472,40.64519]]}},{"type":"Feature","properties":{"c":2,"s":"seg_42498990_42505026"},"geometry":{"type":"LineString","coordinates":[[-73.99779,40.57761],[-73.99793,40.5776]]}},{"type":"Feature","properties":{"c":3,"s":"seg_42490584_42478936"},"geometry":{"type":"LineString","coordinates":[[-73.88165,40.68327],[-73.88163,40.68321],[-73.88117,40.68142],[-73.88116,40.68136]]}},{"type":"Feature","properties":{"c":1,"s":"seg_42505549_42505552"},"geometry":{"type":"LineString","coordinates":[[-73.91829,40.68736],[-73.91871,40.68759],[-73.91873,40.6876]]}},{"type":"Feature","properties":{"c":1,"s":"seg_42496975_42475971"},"geometry":{"type":"LineString","coordinates":[[-73.9817,40.6793],[-73.98166,40.67936],[-73.98139,40.67975],[-73.98131,40.67987],[-73.98126,40.67993]]}},{"type":"Feature","properties":{"c":1,"s":"seg_12726268810_3527276336"},"geometry":{"type":"LineString","coordinates":[[-73.92809,40.61467],[-73.92796,40.61455],[-73.92792,40.61451],[-73.92785,40.61445],[-73.92776,40.61437]]}},{"type":"Feature","properties":{"c":1,"s":"seg_12726268810_3527276336"},"geometry":{"type":"LineString","coordinates":[[-73.92809,40.61467],[-73.92817,40.61474],[-73.92822,40.61478],[-73.92843,40.61497]]}},{"type":"Feature","properties":{"c":1,"s":"seg_12726268810_3527276336"},"geometry":{"type":"LineString","coordinates":[[-73.92776,40.61437],[-73.92767,40.6143],[-73.92735,40.61401]]}},{"type":"Feature","properties":{"c":1,"s":"seg_42501277_42505519"},"geometry":{"type":"LineString","coordinates":[[-73.92121,40.68902],[-73.92097,40.68888]]}},{"type":"Feature","properties":{"c":1,"s":"seg_42501277_42505519"},"geometry":{"type":"LineString","coordinates":[[-73.92121,40.68902],[-73.92131,40.68907]]}},{"type":"Feature","properties":{"c":1,"s":"seg_42479194_1942055212"},"geometry":{"type":"LineString","coordinates":[[-73.91942,40.66579],[-73.91935,40.66587],[-73.91964,40.66704],[-73.91984,40.66779],[-73.91995,40.6682],[-73.91999,40.6683]]}},{"type":"Feature","properties":{"c":3,"s":"seg_42479194_1942055212"},"geometry":{"type":"LineString","coordinates":[[-73.9191,40.66423],[-73.91911,40.6643],[-73.91917,40.66467],[-73.91919,40.66472],[-73.91922,40.66478],[-73.91927,40.66488],[-73.91933,40.66496]]}},{"type":"Feature","properties":{"c":3,"s":"seg_42479194_1942055212"},"geometry":{"type":"LineString","coordinates":[[-73.9191,40.66423],[-73.91912,40.66415],[-73.91913,40.66412],[-73.91894,40.66344]]}},{"type":"Feature","properties":{"c":3,"s":"seg_42479194_1942055212"},"geometry":{"type":"LineString","coordinates":[[-73.9187,40.66269],[-73.91869,40.66277],[-73.91886,40.66345]]}},{"type":"Feature","properties":{"c":1,"s":"seg_597728043_597728029"},"geometry":{"type":"LineString","coordinates":[[-73.91922,40.67689],[-73.92011,40.67693]]}},{"type":"Feature","properties":{"c":3,"s":"seg_42479194_1942055212"},"geometry":{"type":"LineString","coordinates":[[-73.91922,40.67689],[-73.91921,40.67695],[-73.91913,40.67791],[-73.91912,40.67798]]}},{"type":"Feature","properties":{"c":2,"s":"seg_42479194_1942055212"},"geometry":{"type":"LineString","coordinates":[[-73.91931,40.67599],[-73.9193,40.67607],[-73.91926,40.6766],[-73.91926,40.67665],[-73.91925,40.67672]]}},{"type":"Feature","properties":{"c":2,"s":"seg_42479194_1942055212"},"geometry":{"type":"LineString","coordinates":[[-73.91939,40.67521],[-73.91938,40.67529],[-73.91932,40.67592],[-73.91931,40.67599]]}},{"type":"Feature","properties":{"c":2,"s":"seg_42479194_1942055212"},"geometry":{"type":"LineString","coordinates":[[-73.91945,40.67444],[-73.91945,40.67451],[-73.91939,40.67514],[-73.91939,40.67521]]}},{"type":"Feature","properties":{"c":2,"s":"seg_42479194_1942055212"},"geometry":{"type":"LineString","coordinates":[[-73.91954,40.67354],[-73.91953,40.67362],[-73.91946,40.67437],[-73.91945,40.67444]]}},{"type":"Feature","properties":{"c":2,"s":"seg_42479194_1942055212"},"geometry":{"type":"LineString","coordinates":[[-73.91971,40.67176],[-73.9197,40.67183],[-73.91963,40.67258],[-73.91962,40.67265]]}},{"type":"Feature","properties":{"c":2,"s":"seg_42479194_1942055212"},"geometry":{"type":"LineString","coordinates":[[-73.91988,40.66998],[-73.91987,40.67007],[-73.9198,40.6708],[-73.91979,40.67087]]}},{"type":"Feature","properties":{"c":1,"s":"seg_42479194_1942055212"},"geometry":{"type":"LineString","coordinates":[[-73.91996,40.66913],[-73.91994,40.66935],[-73.91993,40.66943]]}},{"type":"Feature","properties":{"c":2,"s":"seg_42524489_42531283"},"geometry":{"type":"LineString","coordinates":[[-73.92411,40.60881],[-73.92403,40.60884],[-73.9237,40.60899],[-73.92369,40.60899],[-73.9234,40.60915],[-73.92331,40.6092]]}},{"type":"Feature","properties":{"c":2,"s":"seg_42524489_42531283"},"geometry":{"type":"LineString","coordinates":[[-73.92411,40.60881],[-73.92418,40.60876],[-73.92424,40.60873],[-73.92448,40.60857],[-73.92476,40.60839],[-73.92483,40.60835]]}},{"type":"Feature","properties":{"c":1,"s":"seg_42504156_42504158"},"geometry":{"type":"LineString","coordinates":[[-73.93006,40.7042],[-73.93024,40.70413]]}},{"type":"Feature","properties":{"c":1,"s":"seg_42504156_42504158"},"geometry":{"type":"LineString","coordinates":[[-73.93006,40.7042],[-73.92885,40.70467],[-73.92874,40.70472]]}},{"type":"Feature","properties":{"c":2,"s":"seg_42487928_42487932"},"geometry":{"type":"LineString","coordinates":[[-74.01025,40.61185],[-74.01013,40.61178],[-74.00996,40.61168],[-74.00984,40.6116],[-74.00961,40.61147],[-74.00952,40.61141]]}},{"type":"Feature","properties":{"c":2,"s":"seg_42487928_42487932"},"geometry":{"type":"LineString","coordinates":[[-74.01025,40.61185],[-74.01057,40.61205],[-74.01086,40.61222],[-74.0109,40.61225],[-74.01097,40.61229]]}},{"type":"Feature","properties":{"c":2,"s":"seg_42486209_42490890"},"geometry":{"type":"LineString","coordinates":[[-74.0155,40.60684],[-74.01541,40.60679],[-74.01515,40.60666],[-74.01479,40.60648],[-74.0147,40.60643]]}},{"type":"Feature","properties":{"c":2,"s":"seg_42486209_42490890"},"geometry":{"type":"LineString","coordinates":[[-74.0155,40.60684],[-74.01558,40.60688],[-74.01613,40.60718],[-74.01623,40.60724]]}},{"type":"Feature","properties":{"c":2,"s":"seg_42481693_42467300"},"geometry":{"type":"LineString","coordinates":[[-73.95092,40.66539],[-73.95092,40.66534],[-73.951,40.66468]]}},{"type":"Feature","properties":{"c":2,"s":"seg_42493279_42514760"},"geometry":{"type":"LineString","coordinates":[[-73.92962,40.6641],[-73.92987,40.66399]]}},{"type":"Feature","properties":{"c":2,"s":"seg_42493279_42514760"},"geometry":{"type":"LineString","coordinates":[[-73.92962,40.6641],[-73.92957,40.66413],[-73.9295,40.66415],[-73.92916,40.6643],[-73.92907,40.66434]]}},{"type":"Feature","properties":{"c":2,"s":"seg_42520247_42481558"},"geometry":{"type":"LineString","coordinates":[[-73.96481,40.68833],[-73.96471,40.68834],[-73.96418,40.6884],[-73.96322,40.68851],[-73.96313,40.68852],[-73.96298,40.68854],[-73.96284,40.68856]]}},{"type":"Feature","properties":{"c":1,"s":"seg_597728149_597728151"},"geometry":{"type":"LineString","coordinates":[[-73.96331,40.68095],[-73.96429,40.68116],[-73.96441,40.68119]]}},{"type":"Feature","properties":{"c":2,"s":"seg_42489110_42489113"},"geometry":{"type":"LineString","coordinates":[[-73.96879,40.63925],[-73.96876,40.63916],[-73.96872,40.63902]]}},{"type":"Feature","properties":{"c":2,"s":"seg_42489110_42489113"},"geometry":{"type":"LineString","coordinates":[[-73.96879,40.63925],[-73.96881,40.63932],[-73.96888,40.6396],[-73.96894,40.63981],[-73.96904,40.64013],[-73.96921,40.64075],[-73.96926,40.64091],[-73.96929,40.64102],[-73.96937,40.64129],[-73.9694,40.64138]]}},{"type":"Feature","properties":{"c":2,"s":"seg_42493506_3514016522"},"geometry":{"type":"LineString","coordinates":[[-73.95972,40.64333],[-73.95975,40.64343],[-73.95981,40.64375],[-73.96,40.64479],[-73.96002,40.64485]]}},{"type":"Feature","properties":{"c":2,"s":"seg_42526068_42526066"},"geometry":{"type":"LineString","coordinates":[[-73.95179,40.64431],[-73.95179,40.64437],[-73.9518,40.64447],[-73.95185,40.64488],[-73.95185,40.64495]]}},{"type":"Feature","properties":{"c":2,"s":"seg_42501950_42501956"},"geometry":{"type":"LineString","coordinates":[[-73.97847,40.63795],[-73.97845,40.63786],[-73.97842,40.63758]]}},{"type":"Feature","properties":{"c":2,"s":"seg_42478859_42497275"},"geometry":{"type":"LineString","coordinates":[[-73.97847,40.63795],[-73.97849,40.63802],[-73.97854,40.6383],[-73.9789,40.64025],[-73.97892,40.64034]]}},{"type":"Feature","properties":{"c":3,"s":"seg_42479945_42508600"},"geometry":{"type":"LineString","coordinates":[[-73.97346,40.6385],[-73.97344,40.63841],[-73.97303,40.63624],[-73.97302,40.63619],[-73.97301,40.63611]]}},{"type":"Feature","properties":{"c":1,"s":"seg_42479945_42508600"},"geometry":{"type":"LineString","coordinates":[[-73.97319,40.63853],[-73.97317,40.63843],[-73.97309,40.63801],[-73.97308,40.63795],[-73.97284,40.63673],[-73.97284,40.63668],[-73.97275,40.63623],[-73.97273,40.63614]]}},{"type":"Feature","properties":{"c":1,"s":"seg_42479945_42508600"},"geometry":{"type":"LineString","coordinates":[[-73.97319,40.63853],[-73.97321,40.63862],[-73.97329,40.63905],[-73.9733,40.63913],[-73.97352,40.64028],[-73.97357,40.64057],[-73.97362,40.64084],[-73.97364,40.64092]]}},{"type":"Feature","properties":{"c":3,"s":"seg_42479945_42508600"},"geometry":{"type":"LineString","coordinates":[[-73.97291,40.63855],[-73.97293,40.63864],[-73.9731,40.63957],[-73.97335,40.64087],[-73.97336,40.64095]]}},{"type":"Feature","properties":{"c":2,"s":"seg_42469045_42488002"},"geometry":{"type":"LineString","coordinates":[[-73.99086,40.60013],[-73.9908,40.6001],[-73.99015,40.59971]]}},{"type":"Feature","properties":{"c":2,"s":"seg_42469045_42488002"},"geometry":{"type":"LineString","coordinates":[[-73.99086,40.60013],[-73.99093,40.60018],[-73.99145,40.60049],[-73.99152,40.60053],[-73.9916,40.60058]]}},{"type":"Feature","properties":{"c":2,"s":"seg_42472449_42493786"},"geometry":{"type":"LineString","coordinates":[[-73.99616,40.59509],[-73.9961,40.59504],[-73.99599,40.59495],[-73.99568,40.59468],[-73.99554,40.59456]]}},{"type":"Feature","properties":{"c":1,"s":"seg_42488278_42491450"},"geometry":{"type":"LineString","coordinates":[[-73.95926,40.70889],[-73.95918,40.70886],[-73.95834,40.70857],[-73.95799,40.70845],[-73.9579,40.70842]]}},{"type":"Feature","properties":{"c":1,"s":"seg_42505380_9990599496"},"geometry":{"type":"LineString","coordinates":[[-73.95926,40.70889],[-73.95933,40.70891],[-73.95949,40.70896],[-73.96011,40.70917]]}},{"type":"Feature","properties":{"c":3,"s":"seg_42520579_42527647"},"geometry":{"type":"LineString","coordinates":[[-73.95681,40.71276],[-73.95673,40.71273],[-73.95559,40.71231],[-73.95556,40.7123],[-73.95548,40.71227]]}},{"type":"Feature","properties":{"c":3,"s":"seg_42520579_42527647"},"geometry":{"type":"LineString","coordinates":[[-73.95681,40.71276],[-73.9569,40.71279],[-73.95825,40.71327],[-73.95833,40.7133]]}},{"type":"Feature","properties":{"c":2,"s":"seg_42484164_42484167"},"geometry":{"type":"LineString","coordinates":[[-73.95599,40.7141],[-73.95593,40.71408],[-73.95567,40.71407],[-73.95535,40.71407],[-73.95525,40.71407]]}},{"type":"Feature","properties":{"c":2,"s":"seg_42484164_42484167"},"geometry":{"type":"LineString","coordinates":[[-73.95599,40.7141],[-73.95605,40.71412],[-73.95621,40.71416],[-73.95659,40.71426]]}},{"type":"Feature","properties":{"c":2,"s":"seg_42484164_42484167"},"geometry":{"type":"LineString","coordinates":[[-73.95525,40.71407],[-73.95516,40.71407],[-73.95508,40.71408],[-73.95499,40.71408],[-73.95477,40.71408],[-73.95447,40.71408],[-73.95434,40.71407]]}},{"type":"Feature","properties":{"c":2,"s":"seg_42493987_42493995"},"geometry":{"type":"LineString","coordinates":[[-73.91698,40.61698],[-73.91701,40.61721]]}},{"type":"Feature","properties":{"c":2,"s":"seg_42493987_42493995"},"geometry":{"type":"LineString","coordinates":[[-73.91698,40.61698],[-73.91693,40.61639],[-73.91692,40.61628]]}},{"type":"Feature","properties":{"c":2,"s":"seg_42486209_42490890"},"geometry":{"type":"LineString","coordinates":[[-74.01391,40.60602],[-74.01316,40.60562]]}},{"type":"Feature","properties":{"c":2,"s":"seg_42486209_42490890"},"geometry":{"type":"LineString","coordinates":[[-74.01391,40.60602],[-74.01438,40.60626],[-74.01461,40.60638],[-74.0147,40.60643]]}},{"type":"Feature","properties":{"c":2,"s":"seg_42480200_42503137"},"geometry":{"type":"LineString","coordinates":[[-73.98281,40.58378],[-73.98275,40.58347],[-73.9827,40.58313],[-73.98268,40.58304],[-73.9825,40.5821],[-73.98243,40.58176],[-73.98197,40.57935],[-73.98194,40.57919]]}},{"type":"Feature","properties":{"c":2,"s":"seg_42480200_42503137"},"geometry":{"type":"LineString","coordinates":[[-73.98281,40.58378],[-73.98293,40.58443],[-73.98298,40.58466],[-73.98299,40.58473],[-73.98301,40.58481]]}},{"type":"Feature","properties":{"c":1,"s":"seg_2356694563_42480221"},"geometry":{"type":"LineString","coordinates":[[-73.96662,40.58457],[-73.96671,40.58415],[-73.96679,40.58378],[-73.96689,40.58336]]}},{"type":"Feature","properties":{"c":1,"s":"seg_2356694563_42480221"},"geometry":{"type":"LineString","coordinates":[[-73.96662,40.58457],[-73.96652,40.58464],[-73.9665,40.5847],[-73.9664,40.58532]]}},{"type":"Feature","properties":{"c":2,"s":"seg_42520504_42520508"},"geometry":{"type":"LineString","coordinates":[[-73.94387,40.5853],[-73.94388,40.58536],[-73.94392,40.5856],[-73.94413,40.58672],[-73.94415,40.58679]]}},{"type":"Feature","properties":{"c":2,"s":"seg_42520504_42520508"},"geometry":{"type":"LineString","coordinates":[[-73.94387,40.5853],[-73.94383,40.58511],[-73.94379,40.58488],[-73.94377,40.58477],[-73.94375,40.58471]]}},{"type":"Feature","properties":{"c":2,"s":"seg_5391643305_5391643312"},"geometry":{"type":"LineString","coordinates":[[-73.93915,40.58597],[-73.93914,40.58593],[-73.93913,40.58586],[-73.93905,40.58548],[-73.93904,40.58542]]}},{"type":"Feature","properties":{"c":2,"s":"seg_5391643305_5391643312"},"geometry":{"type":"LineString","coordinates":[[-73.93915,40.58597],[-73.93908,40.58606],[-73.93913,40.5863],[-73.93929,40.58724],[-73.9393,40.58732]]}},{"type":"Feature","properties":{"c":2,"s":"seg_42524489_42531283"},"geometry":{"type":"LineString","coordinates":[[-73.93426,40.60223],[-73.93433,40.60219],[-73.93451,40.60207],[-73.93468,40.60196],[-73.93492,40.6018],[-73.93504,40.60173]]}},{"type":"Feature","properties":{"c":2,"s":"seg_42524489_42531283"},"geometry":{"type":"LineString","coordinates":[[-73.93426,40.60223],[-73.9342,40.60227],[-73.93411,40.60233],[-73.93363,40.60264],[-73.93355,40.60269]]}},{"type":"Feature","properties":{"c":2,"s":"seg_42469540_42503083"},"geometry":{"type":"LineString","coordinates":[[-73.98409,40.59057],[-73.98401,40.59015]]}},{"type":"Feature","properties":{"c":2,"s":"seg_42469540_42503083"},"geometry":{"type":"LineString","coordinates":[[-73.98409,40.59057],[-73.98413,40.59077],[-73.9842,40.59116]]}},{"type":"Feature","properties":{"c":1,"s":"seg_1372888798_1372888660"},"geometry":{"type":"LineString","coordinates":[[-74.00028,40.6582],[-74.00023,40.65824],[-73.99975,40.65871],[-73.9997,40.65875]]}},{"type":"Feature","properties":{"c":1,"s":"seg_42473012_42521198"},"geometry":{"type":"LineString","coordinates":[[-74.01018,40.64868],[-74.01012,40.64873],[-74.00976,40.64909],[-74.00965,40.64919],[-74.0096,40.64923]]}},{"type":"Feature","properties":{"c":2,"s":"seg_42473045_42526708"},"geometry":{"type":"LineString","coordinates":[[-73.98817,40.63537],[-73.98811,40.63542],[-73.98763,40.63589],[-73.98758,40.63594]]}},{"type":"Feature","properties":{"c":1,"s":"seg_452382143_4335349964"},"geometry":{"type":"LineString","coordinates":[[-73.87903,40.6453],[-73.87842,40.64475]]}},{"type":"Feature","properties":{"c":1,"s":"seg_452382143_4335349964"},"geometry":{"type":"LineString","coordinates":[[-73.87842,40.64475],[-73.87806,40.64442],[-73.87797,40.64434],[-73.87766,40.64406],[-73.87756,40.64396]]}},{"type":"Feature","properties":{"c":2,"s":"seg_10767156880_10767156881"},"geometry":{"type":"LineString","coordinates":[[-73.97447,40.58251],[-73.97447,40.58311],[-73.97446,40.58317]]}},{"type":"Feature","properties":{"c":2,"s":"seg_2356694563_42480221"},"geometry":{"type":"LineString","coordinates":[[-73.96689,40.58336],[-73.96702,40.5833],[-73.96711,40.58286],[-73.96711,40.58261]]}},{"type":"Feature","properties":{"c":2,"s":"seg_5391643305_5391643312"},"geometry":{"type":"LineString","coordinates":[[-73.93904,40.58542],[-73.93908,40.58534],[-73.93908,40.5853],[-73.93904,40.58507],[-73.93884,40.58404],[-73.93882,40.58396]]}},{"type":"Feature","properties":{"c":2,"s":"seg_42472058_42500825"},"geometry":{"type":"LineString","coordinates":[[-73.91547,40.63409],[-73.91541,40.63413],[-73.9151,40.63433],[-73.91504,40.63437],[-73.91496,40.63442],[-73.91483,40.6345],[-73.91476,40.63455]]}},{"type":"Feature","properties":{"c":2,"s":"seg_42493972_42508200"},"geometry":{"type":"LineString","coordinates":[[-73.91547,40.63409],[-73.91554,40.63404],[-73.91565,40.63397],[-73.91583,40.63385],[-73.91584,40.63385],[-73.91593,40.63379],[-73.91613,40.63367],[-73.91623,40.6336]]}},{"type":"Feature","properties":{"c":2,"s":"seg_42493957_42493960"},"geometry":{"type":"LineString","coordinates":[[-73.91916,40.6374],[-73.91917,40.63747]]}},{"type":"Feature","properties":{"c":2,"s":"seg_42493957_42493960"},"geometry":{"type":"LineString","coordinates":[[-73.91916,40.6374],[-73.91915,40.63725],[-73.91914,40.63714]]}},{"type":"Feature","properties":{"c":1,"s":"seg_42498568_42501930"},"geometry":{"type":"LineString","coordinates":[[-73.98131,40.65263],[-73.9813,40.6526],[-73.98112,40.65166],[-73.98111,40.65159]]}},{"type":"Feature","properties":{"c":1,"s":"seg_42498568_42501930"},"geometry":{"type":"LineString","coordinates":[[-73.98131,40.65263],[-73.98132,40.65272],[-73.98144,40.65335],[-73.98145,40.65342]]}},{"type":"Feature","properties":{"c":3,"s":"seg_42487613_42477334"},"geometry":{"type":"LineString","coordinates":[[-73.97949,40.65334],[-73.97952,40.65339],[-73.97986,40.6539],[-73.97988,40.65393],[-73.97993,40.654]]}},{"type":"Feature","properties":{"c":2,"s":"seg_598050847_42481022"},"geometry":{"type":"LineString","coordinates":[[-73.98046,40.69971],[-73.9806,40.69975],[-73.98068,40.69977],[-73.98132,40.69979],[-73.98201,40.69982],[-73.98281,40.69984],[-73.98295,40.69985]]}},{"type":"Feature","properties":{"c":3,"s":"seg_598050847_42481022"},"geometry":{"type":"LineString","coordinates":[[-73.98046,40.69971],[-73.98033,40.69971],[-73.98031,40.69971],[-73.97996,40.6997],[-73.97994,40.69969],[-73.97989,40.6997],[-73.97979,40.69969],[-73.97963,40.69969],[-73.97938,40.69969],[-73.97934,40.69969],[-73.97929,40.69969]]}},{"type":"Feature","properties":{"c":2,"s":"seg_2356694563_42480221"},"geometry":{"type":"LineString","coordinates":[[-73.96883,40.57523],[-73.96878,40.57532],[-73.96875,40.57536],[-73.96866,40.57554],[-73.96861,40.57569],[-73.96864,40.57587]]}},{"type":"Feature","properties":{"c":1,"s":"seg_42481529_42482215"},"geometry":{"type":"LineString","coordinates":[[-73.95337,40.6994],[-73.95326,40.69941],[-73.95257,40.69949],[-73.95088,40.69969],[-73.95019,40.69977],[-73.95009,40.69978]]}},{"type":"Feature","properties":{"c":1,"s":"seg_42481529_42482215"},"geometry":{"type":"LineString","coordinates":[[-73.95337,40.6994],[-73.95346,40.69939],[-73.95425,40.6993],[-73.95429,40.6993]]}},{"type":"Feature","properties":{"c":1,"s":"seg_42481534_42482227"},"geometry":{"type":"LineString","coordinates":[[-73.95249,40.69501],[-73.95239,40.69502],[-73.95178,40.69509],[-73.95032,40.69526],[-73.94931,40.69537],[-73.94921,40.69538]]}},{"type":"Feature","properties":{"c":1,"s":"seg_42481534_42482227"},"geometry":{"type":"LineString","coordinates":[[-73.95249,40.69501],[-73.9526,40.695],[-73.95334,40.6949],[-73.95341,40.69489]]}},{"type":"Feature","properties":{"c":2,"s":"seg_42501872_42466432"},"geometry":{"type":"LineString","coordinates":[[-73.95176,40.69133],[-73.95187,40.69132],[-73.95213,40.69129],[-73.95232,40.69127],[-73.9534,40.69114],[-73.95357,40.69112]]}},{"type":"Feature","properties":{"c":3,"s":"seg_42520247_42481558"},"geometry":{"type":"LineString","coordinates":[[-73.95146,40.68986],[-73.95137,40.68988],[-73.95099,40.68992],[-73.94828,40.69023],[-73.94818,40.69024]]}},{"type":"Feature","properties":{"c":1,"s":"seg_597728154_597728157"},"geometry":{"type":"LineString","coordinates":[[-73.94968,40.67855],[-73.94979,40.67856],[-73.95205,40.67868]]}},{"type":"Feature","properties":{"c":2,"s":"seg_42481693_42467300"},"geometry":{"type":"LineString","coordinates":[[-73.951,40.66468],[-73.95101,40.66465],[-73.95103,40.66447],[-73.95104,40.66442],[-73.95099,40.66402],[-73.95097,40.6639]]}},{"type":"Feature","properties":{"c":2,"s":"seg_42481659_42481968"},"geometry":{"type":"LineString","coordinates":[[-73.95097,40.6639],[-73.95109,40.6639],[-73.95136,40.66388],[-73.95376,40.66373],[-73.95386,40.66373]]}},{"type":"Feature","properties":{"c":2,"s":"seg_42481693_42467300"},"geometry":{"type":"LineString","coordinates":[[-73.95097,40.6639],[-73.95096,40.66381],[-73.9509,40.6632],[-73.95089,40.66313]]}},{"type":"Feature","properties":{"c":2,"s":"seg_42481693_42467300"},"geometry":{"type":"LineString","coordinates":[[-73.95089,40.66313],[-73.95089,40.66306],[-73.95082,40.66245],[-73.95081,40.66235]]}},{"type":"Feature","properties":{"c":2,"s":"seg_42481693_42467300"},"geometry":{"type":"LineString","coordinates":[[-73.95072,40.66157],[-73.95072,40.6615],[-73.95065,40.6609],[-73.95064,40.66083]]}},{"type":"Feature","properties":{"c":2,"s":"seg_42481693_42467300"},"geometry":{"type":"LineString","coordinates":[[-73.95064,40.66083],[-73.95064,40.66077],[-73.95058,40.66019],[-73.95057,40.66012]]}},{"type":"Feature","properties":{"c":2,"s":"seg_42481693_42467300"},"geometry":{"type":"LineString","coordinates":[[-73.95049,40.6594],[-73.95049,40.65935],[-73.95042,40.65877],[-73.95042,40.65869]]}},{"type":"Feature","properties":{"c":2,"s":"seg_42481693_42467300"},"geometry":{"type":"LineString","coordinates":[[-73.95042,40.65869],[-73.95041,40.65864],[-73.95033,40.65791],[-73.95033,40.65784]]}},{"type":"Feature","properties":{"c":2,"s":"seg_42481693_42467300"},"geometry":{"type":"LineString","coordinates":[[-73.95033,40.65784],[-73.95032,40.65778],[-73.95025,40.65716],[-73.95025,40.65709]]}},{"type":"Feature","properties":{"c":2,"s":"seg_42481693_42467300"},"geometry":{"type":"LineString","coordinates":[[-73.95025,40.65709],[-73.95024,40.65704],[-73.95017,40.65633],[-73.95016,40.65626]]}},{"type":"Feature","properties":{"c":2,"s":"seg_42481693_42467300"},"geometry":{"type":"LineString","coordinates":[[-73.95016,40.65626],[-73.95015,40.65621],[-73.95007,40.6555],[-73.95007,40.65542]]}},{"type":"Feature","properties":{"c":2,"s":"seg_42481693_42467300"},"geometry":{"type":"LineString","coordinates":[[-73.95007,40.65542],[-73.95006,40.65537],[-73.94994,40.65423],[-73.94993,40.65415]]}},{"type":"Feature","properties":{"c":1,"s":"seg_42481699_42496563"},"geometry":{"type":"LineString","coordinates":[[-73.94977,40.65264],[-73.94989,40.65264],[-73.95256,40.6525],[-73.95266,40.65249]]}},{"type":"Feature","properties":{"c":2,"s":"seg_42481693_42467300"},"geometry":{"type":"LineString","coordinates":[[-73.94977,40.65264],[-73.94976,40.65255],[-73.94968,40.65177],[-73.94967,40.6517]]}},{"type":"Feature","properties":{"c":1,"s":"seg_42481699_42496563"},"geometry":{"type":"LineString","coordinates":[[-73.94977,40.65264],[-73.94966,40.65265],[-73.94925,40.65267],[-73.94743,40.65277],[-73.94742,40.65277],[-73.94699,40.65279],[-73.94687,40.6528]]}},{"type":"Feature","properties":{"c":2,"s":"seg_42481693_42467300"},"geometry":{"type":"LineString","coordinates":[[-73.94967,40.6517],[-73.94966,40.65164],[-73.94958,40.6509],[-73.94957,40.65081]]}},{"type":"Feature","properties":{"c":2,"s":"seg_42481693_42467300"},"geometry":{"type":"LineString","coordinates":[[-73.94957,40.65081],[-73.94956,40.65073],[-73.94947,40.64978]]}},{"type":"Feature","properties":{"c":2,"s":"seg_42481693_42467300"},"geometry":{"type":"LineString","coordinates":[[-73.94947,40.64978],[-73.94946,40.64972],[-73.94938,40.649],[-73.94937,40.64892]]}},{"type":"Feature","properties":{"c":2,"s":"seg_42481693_42467300"},"geometry":{"type":"LineString","coordinates":[[-73.94937,40.64892],[-73.94936,40.64886],[-73.94929,40.64822],[-73.94929,40.64814]]}},{"type":"Feature","properties":{"c":2,"s":"seg_42481693_42467300"},"geometry":{"type":"LineString","coordinates":[[-73.94915,40.64689],[-73.94915,40.64682],[-73.94898,40.64523],[-73.94896,40.64513]]}},{"type":"Feature","properties":{"c":2,"s":"seg_42481693_42467300"},"geometry":{"type":"LineString","coordinates":[[-73.94896,40.64513],[-73.94896,40.64506],[-73.94892,40.6447],[-73.94889,40.64449],[-73.94889,40.64443]]}},{"type":"Feature","properties":{"c":2,"s":"seg_42470816_42481797"},"geometry":{"type":"LineString","coordinates":[[-73.94597,40.622],[-73.94595,40.62192],[-73.94594,40.62183],[-73.94593,40.62176],[-73.9459,40.62167],[-73.94588,40.62152],[-73.94586,40.62144],[-73.94581,40.62116],[-73.94573,40.62077],[-73.94571,40.62063],[-73.94568,40.62047],[-73.94554,40.6197],[-73.94552,40.61961]]}},{"type":"Feature","properties":{"c":2,"s":"seg_42470816_42481797"},"geometry":{"type":"LineString","coordinates":[[-73.94552,40.61961],[-73.94551,40.61953],[-73.94508,40.6173],[-73.94507,40.61721]]}},{"type":"Feature","properties":{"c":2,"s":"seg_42470816_42481797"},"geometry":{"type":"LineString","coordinates":[[-73.94507,40.61721],[-73.94505,40.61715],[-73.94497,40.61676],[-73.94496,40.6167],[-73.94494,40.61657],[-73.94492,40.61648],[-73.94487,40.61628],[-73.94486,40.61619]]}},{"type":"Feature","properties":{"c":2,"s":"seg_42470816_42481797"},"geometry":{"type":"LineString","coordinates":[[-73.94483,40.61605],[-73.9448,40.6159]]}},{"type":"Feature","properties":{"c":2,"s":"seg_42470816_42481797"},"geometry":{"type":"LineString","coordinates":[[-73.94483,40.61605],[-73.94486,40.61619]]}},{"type":"Feature","properties":{"c":2,"s":"seg_42470816_42481797"},"geometry":{"type":"LineString","coordinates":[[-73.94457,40.6148],[-73.94465,40.61516],[-73.94472,40.61552],[-73.94478,40.61577],[-73.9448,40.61585],[-73.9448,40.6159]]}},{"type":"Feature","properties":{"c":2,"s":"seg_42470816_42481797"},"geometry":{"type":"LineString","coordinates":[[-73.94457,40.6148],[-73.94451,40.61447],[-73.94443,40.61405],[-73.94437,40.61372],[-73.94429,40.61329]]}},{"type":"Feature","properties":{"c":2,"s":"seg_42470816_42481797"},"geometry":{"type":"LineString","coordinates":[[-73.94429,40.61329],[-73.94425,40.61309],[-73.9442,40.61283],[-73.94417,40.6127]]}},{"type":"Feature","properties":{"c":2,"s":"seg_42470816_42481797"},"geometry":{"type":"LineString","coordinates":[[-73.94417,40.6127],[-73.94416,40.6126],[-73.94407,40.61211],[-73.94405,40.61201]]}},{"type":"Feature","properties":{"c":2,"s":"seg_42470816_42481797"},"geometry":{"type":"LineString","coordinates":[[-73.94357,40.60937],[-73.94355,40.60923],[-73.94352,40.60902],[-73.94329,40.60781],[-73.94322,40.60748],[-73.94321,40.6074]]}},{"type":"Feature","properties":{"c":2,"s":"seg_42481816_42481820"},"geometry":{"type":"LineString","coordinates":[[-73.94321,40.6074],[-73.94319,40.60731],[-73.94279,40.60517],[-73.94278,40.60508]]}},{"type":"Feature","properties":{"c":2,"s":"seg_42481816_42481820"},"geometry":{"type":"LineString","coordinates":[[-73.94278,40.60508],[-73.94276,40.605],[-73.94265,40.60445],[-73.94233,40.60277],[-73.94232,40.60269]]}},{"type":"Feature","properties":{"c":2,"s":"seg_42481816_42481820"},"geometry":{"type":"LineString","coordinates":[[-73.94232,40.60269],[-73.9423,40.6026],[-73.94207,40.60136],[-73.94204,40.60118],[-73.942,40.601],[-73.94191,40.60052],[-73.94189,40.60043]]}},{"type":"Feature","properties":{"c":2,"s":"seg_42524489_42531283"},"geometry":{"type":"LineString","coordinates":[[-73.94189,40.60043],[-73.94177,40.60045],[-73.94168,40.60045],[-73.94117,40.60051]]}},{"type":"Feature","properties":{"c":2,"s":"seg_42481831_42481836"},"geometry":{"type":"LineString","coordinates":[[-73.94189,40.60043],[-73.94187,40.60034],[-73.94185,40.6002]]}},{"type":"Feature","properties":{"c":2,"s":"seg_42481831_42481836"},"geometry":{"type":"LineString","coordinates":[[-73.94185,40.6002],[-73.9418,40.59996],[-73.94178,40.59988],[-73.94177,40.59981],[-73.94175,40.59969],[-73.9417,40.59944],[-73.94168,40.59933],[-73.94164,40.59916],[-73.94159,40.59888],[-73.9415,40.5984],[-73.94148,40.5983]]}},{"type":"Feature","properties":{"c":2,"s":"seg_42481831_42481836"},"geometry":{"type":"LineString","coordinates":[[-73.94148,40.5983],[-73.94146,40.59821],[-73.94143,40.59806],[-73.94143,40.59804],[-73.94137,40.59772],[-73.94135,40.59763],[-73.9413,40.59737],[-73.94112,40.59643],[-73.94105,40.5961],[-73.94104,40.59603],[-73.94102,40.59592]]}},{"type":"Feature","properties":{"c":2,"s":"seg_42481831_42481836"},"geometry":{"type":"LineString","coordinates":[[-73.94102,40.59592],[-73.941,40.59582],[-73.94098,40.59571],[-73.94094,40.5955],[-73.94085,40.59506],[-73.94069,40.59422],[-73.94068,40.59414],[-73.94064,40.59396],[-73.94063,40.59391],[-73.94061,40.59381]]}},{"type":"Feature","properties":{"c":2,"s":"seg_5391643305_5391643312"},"geometry":{"type":"LineString","coordinates":[[-73.94013,40.5917],[-73.94015,40.59179],[-73.94018,40.59193],[-73.94024,40.59228],[-73.94052,40.59372],[-73.94061,40.59381]]}},{"type":"Feature","properties":{"c":2,"s":"seg_5391643305_5391643312"},"geometry":{"type":"LineString","coordinates":[[-73.93974,40.58958],[-73.93976,40.58967],[-73.93979,40.58986],[-73.93982,40.59003],[-73.93999,40.59097],[-73.94012,40.59161],[-73.94013,40.5917]]}},{"type":"Feature","properties":{"c":2,"s":"seg_5391643305_5391643312"},"geometry":{"type":"LineString","coordinates":[[-73.9393,40.58732],[-73.93932,40.5874],[-73.93936,40.58764],[-73.93972,40.58949],[-73.93974,40.58958]]}},{"type":"Feature","properties":{"c":1,"s":"seg_42481948_544352735"},"geometry":{"type":"LineString","coordinates":[[-73.96238,40.6631],[-73.9625,40.66327],[-73.96267,40.66351],[-73.96288,40.66381],[-73.96364,40.66492],[-73.96424,40.66579],[-73.96428,40.66586],[-73.96433,40.66592],[-73.96438,40.666],[-73.96448,40.66614],[-73.96551,40.66763],[-73.968,40.67109],[-73.96879,40.67216],[-73.96883,40.67222]]}},{"type":"Feature","properties":{"c":2,"s":"seg_42481659_42481968"},"geometry":{"type":"LineString","coordinates":[[-73.96063,40.66331],[-73.96052,40.66332],[-73.96013,40.66334],[-73.96004,40.66334],[-73.95977,40.66336],[-73.95971,40.66336]]}},{"type":"Feature","properties":{"c":2,"s":"seg_42481659_42481968"},"geometry":{"type":"LineString","coordinates":[[-73.95971,40.66336],[-73.95963,40.66337],[-73.95809,40.66346],[-73.95784,40.66348],[-73.95734,40.66351],[-73.95721,40.66352]]}},{"type":"Feature","properties":{"c":2,"s":"seg_42481659_42481968"},"geometry":{"type":"LineString","coordinates":[[-73.95721,40.66352],[-73.95709,40.66352],[-73.95703,40.66353],[-73.95676,40.66354],[-73.95666,40.66355],[-73.95658,40.66356],[-73.95439,40.66369],[-73.95429,40.6637],[-73.95421,40.66371],[-73.95411,40.66371],[-73.95404,40.66372],[-73.95397,40.66372],[-73.95386,40.66373]]}},{"type":"Feature","properties":{"c":2,"s":"seg_42481659_42481968"},"geometry":{"type":"LineString","coordinates":[[-73.94817,40.66408],[-73.94803,40.66409],[-73.94768,40.66412],[-73.94763,40.66412],[-73.94603,40.66422],[-73.9458,40.66422],[-73.94563,40.66423],[-73.94557,40.66423],[-73.94546,40.66422]]}},{"type":"Feature","properties":{"c":2,"s":"seg_42481659_42481968"},"geometry":{"type":"LineString","coordinates":[[-73.94546,40.66422],[-73.94537,40.66422],[-73.94507,40.6642],[-73.94488,40.66418]]}},{"type":"Feature","properties":{"c":1,"s":"seg_42488278_42491450"},"geometry":{"type":"LineString","coordinates":[[-73.9519,40.70634],[-73.9518,40.7063],[-73.95171,40.70626],[-73.95117,40.70597],[-73.95107,40.70592]]}},{"type":"Feature","properties":{"c":1,"s":"seg_42488278_42491450"},"geometry":{"type":"LineString","coordinates":[[-73.9519,40.70634],[-73.952,40.70638],[-73.95229,40.70649]]}},{"type":"Feature","properties":{"c":2,"s":"seg_42482069_42521887"},"geometry":{"type":"LineString","coordinates":[[-73.90165,40.65375],[-73.90185,40.65362],[-73.90455,40.65188]]}},{"type":"Feature","properties":{"c":1,"s":"seg_42481529_42482215"},"geometry":{"type":"LineString","coordinates":[[-73.95009,40.69978],[-73.94999,40.69979],[-73.9498,40.69981]]}},{"type":"Feature","properties":{"c":1,"s":"seg_42481534_42482227"},"geometry":{"type":"LineString","coordinates":[[-73.94921,40.69538],[-73.9491,40.69539],[-73.94811,40.6955],[-73.94648,40.69569],[-73.94637,40.6957]]}},{"type":"Feature","properties":{"c":3,"s":"seg_42501872_42466432"},"geometry":{"type":"LineString","coordinates":[[-73.94848,40.69171],[-73.94858,40.69169],[-73.94888,40.69166],[-73.94894,40.69165],[-73.9512,40.69139],[-73.95166,40.69134],[-73.95176,40.69133]]}},{"type":"Feature","properties":{"c":3,"s":"seg_42520247_42481558"},"geometry":{"type":"LineString","coordinates":[[-73.94818,40.69024],[-73.94809,40.69025],[-73.94758,40.69031],[-73.94673,40.69041],[-73.94659,40.69042],[-73.94626,40.69046],[-73.94571,40.69053],[-73.94544,40.69056],[-73.94535,40.69057]]}},{"type":"Feature","properties":{"c":2,"s":"seg_42484164_42484167"},"geometry":{"type":"LineString","coordinates":[[-73.95434,40.71407],[-73.95378,40.71407],[-73.95364,40.71407],[-73.95345,40.71407],[-73.95337,40.71407]]}},{"type":"Feature","properties":{"c":1,"s":"seg_42488278_42491450"},"geometry":{"type":"LineString","coordinates":[[-73.9579,40.70842],[-73.95783,40.7084],[-73.95751,40.70828],[-73.95751,40.70828],[-73.95701,40.70811],[-73.9568,40.70804],[-73.95673,40.70802]]}},{"type":"Feature","properties":{"c":1,"s":"seg_42465084_42468791"},"geometry":{"type":"LineString","coordinates":[[-73.90671,40.68076],[-73.90628,40.68051]]}},{"type":"Feature","properties":{"c":1,"s":"seg_42465084_42468791"},"geometry":{"type":"LineString","coordinates":[[-73.90671,40.68076],[-73.90695,40.68091],[-73.90702,40.68095]]}},{"type":"Feature","properties":{"c":1,"s":"seg_42482591_42533770"},"geometry":{"type":"LineString","coordinates":[[-73.9797,40.60809],[-73.97984,40.60807],[-73.98061,40.60798],[-73.9807,40.60798]]}},{"type":"Feature","properties":{"c":1,"s":"seg_42482591_42533770"},"geometry":{"type":"LineString","coordinates":[[-73.9797,40.60809],[-73.97957,40.6081],[-73.97879,40.60819],[-73.9787,40.6082]]}},{"type":"Feature","properties":{"c":2,"s":"seg_42468848_3509302812"},"geometry":{"type":"LineString","coordinates":[[-73.97664,40.59155],[-73.97651,40.59147],[-73.97618,40.59127],[-73.97593,40.59112],[-73.97586,40.59108]]}},{"type":"Feature","properties":{"c":2,"s":"seg_42468848_3509302812"},"geometry":{"type":"LineString","coordinates":[[-73.97664,40.59155],[-73.97681,40.59165],[-73.97707,40.59181],[-73.97715,40.59186],[-73.97727,40.59193]]}},{"type":"Feature","properties":{"c":1,"s":"seg_42485251_42502758"},"geometry":{"type":"LineString","coordinates":[[-74.03017,40.61834],[-74.0302,40.61828],[-74.03029,40.61806],[-74.03045,40.61767],[-74.03048,40.61758]]}},{"type":"Feature","properties":{"c":1,"s":"seg_42485251_42502758"},"geometry":{"type":"LineString","coordinates":[[-74.03017,40.61834],[-74.03015,40.61841],[-74.03012,40.61847],[-74.03001,40.61875],[-74.02986,40.6191],[-74.02984,40.61915]]}},{"type":"Feature","properties":{"c":2,"s":"seg_42460776_42487360"},"geometry":{"type":"LineString","coordinates":[[-74.02279,40.6146],[-74.02275,40.61471],[-74.02216,40.61617]]}},{"type":"Feature","properties":{"c":2,"s":"seg_42470780_42508104"},"geometry":{"type":"LineString","coordinates":[[-74.03543,40.61997],[-74.03545,40.61991],[-74.03568,40.61934],[-74.03571,40.61928]]}},{"type":"Feature","properties":{"c":2,"s":"seg_42470780_42508104"},"geometry":{"type":"LineString","coordinates":[[-74.03543,40.61997],[-74.03541,40.62002],[-74.03518,40.62058],[-74.03516,40.62064]]}},{"type":"Feature","properties":{"c":0,"s":"seg_42488218_42464054"},"geometry":{"type":"LineString","coordinates":[[-73.86651,40.67639],[-73.86672,40.67646],[-73.86718,40.67661],[-73.8672,40.67662],[-73.86747,40.67672]]}},{"type":"Feature","properties":{"c":1,"s":"seg_42488967_42464054"},"geometry":{"type":"LineString","coordinates":[[-73.86807,40.68261],[-73.86799,40.68263],[-73.86716,40.68288]]}},{"type":"Feature","properties":{"c":1,"s":"seg_42477666_42485203"},"geometry":{"type":"LineString","coordinates":[[-74.02453,40.63216],[-74.02456,40.63209],[-74.02478,40.63157],[-74.0248,40.63151]]}},{"type":"Feature","properties":{"c":1,"s":"seg_42477666_42485203"},"geometry":{"type":"LineString","coordinates":[[-74.02453,40.63216],[-74.0245,40.63222],[-74.02427,40.63279],[-74.02425,40.63285]]}},{"type":"Feature","properties":{"c":2,"s":"seg_42460776_42487360"},"geometry":{"type":"LineString","coordinates":[[-74.01722,40.6281],[-74.01696,40.62875],[-74.01693,40.62882]]}},{"type":"Feature","properties":{"c":2,"s":"seg_42487939_42491331"},"geometry":{"type":"LineString","coordinates":[[-74.00402,40.62014],[-74.00407,40.62009],[-74.00454,40.61963],[-74.0046,40.61958]]}},{"type":"Feature","properties":{"c":2,"s":"seg_42460776_42487360"},"geometry":{"type":"LineString","coordinates":[[-74.01806,40.62862],[-74.01833,40.62786]]}},{"type":"Feature","properties":{"c":2,"s":"seg_42469045_42488002"},"geometry":{"type":"LineString","coordinates":[[-73.9968,40.60373],[-73.99751,40.60416]]}},{"type":"Feature","properties":{"c":2,"s":"seg_42469045_42488002"},"geometry":{"type":"LineString","coordinates":[[-73.9968,40.60373],[-73.99654,40.60357],[-73.99622,40.60338],[-73.99615,40.60333],[-73.99606,40.60328]]}},{"type":"Feature","properties":{"c":2,"s":"seg_42467247_42488485"},"geometry":{"type":"LineString","coordinates":[[-74.00145,40.59926],[-74.00082,40.59883],[-74.00074,40.59877]]}},{"type":"Feature","properties":{"c":2,"s":"seg_42467247_42488485"},"geometry":{"type":"LineString","coordinates":[[-74.00145,40.59926],[-74.00207,40.59969],[-74.00212,40.59972]]}},{"type":"Feature","properties":{"c":1,"s":"seg_42497773_42497777"},"geometry":{"type":"LineString","coordinates":[[-73.99779,40.6912],[-73.99772,40.69118],[-73.99766,40.69116],[-73.9963,40.69078],[-73.99623,40.69076]]}},{"type":"Feature","properties":{"c":1,"s":"seg_42497773_42497777"},"geometry":{"type":"LineString","coordinates":[[-73.99779,40.6912],[-73.99786,40.69122],[-73.99793,40.69124],[-73.99801,40.69126]]}},{"type":"Feature","properties":{"c":1,"s":"seg_9258552694_9258589444"},"geometry":{"type":"LineString","coordinates":[[-73.94676,40.63198],[-73.9469,40.63211],[-73.94703,40.63224],[-73.94744,40.63263],[-73.94746,40.63265],[-73.94752,40.63271],[-73.94764,40.63283],[-73.94766,40.63285]]}},{"type":"Feature","properties":{"c":1,"s":"seg_42464439_42491799"},"geometry":{"type":"LineString","coordinates":[[-73.94676,40.63198],[-73.94657,40.6318],[-73.94648,40.63171]]}},{"type":"Feature","properties":{"c":2,"s":"seg_42493987_42493995"},"geometry":{"type":"LineString","coordinates":[[-73.91717,40.61871],[-73.91714,40.61839]]}},{"type":"Feature","properties":{"c":2,"s":"seg_42493987_42493995"},"geometry":{"type":"LineString","coordinates":[[-73.91717,40.61871],[-73.91721,40.61907],[-73.91725,40.61946],[-73.91727,40.61955]]}},{"type":"Feature","properties":{"c":2,"s":"seg_42473045_42526708"},"geometry":{"type":"LineString","coordinates":[[-73.9835,40.63986],[-73.98345,40.63991],[-73.98313,40.64022]]}},{"type":"Feature","properties":{"c":1,"s":"seg_1372888890_1372888814"},"geometry":{"type":"LineString","coordinates":[[-74.00553,40.65315],[-74.00547,40.65321],[-74.00499,40.65366],[-74.00495,40.65371]]}},{"type":"Feature","properties":{"c":2,"s":"seg_42474631_42491304"},"geometry":{"type":"LineString","coordinates":[[-73.98574,40.59925],[-73.98576,40.59934],[-73.98577,40.59938],[-73.98588,40.59996]]}},{"type":"Feature","properties":{"c":2,"s":"seg_42474631_42491304"},"geometry":{"type":"LineString","coordinates":[[-73.98574,40.59925],[-73.98572,40.59914],[-73.98568,40.59891]]}},{"type":"Feature","properties":{"c":2,"s":"seg_42468848_3509302812"},"geometry":{"type":"LineString","coordinates":[[-73.98719,40.59793],[-73.98727,40.59797],[-73.9874,40.59805],[-73.98757,40.59815],[-73.98794,40.59837]]}},{"type":"Feature","properties":{"c":2,"s":"seg_42472449_42493786"},"geometry":{"type":"LineString","coordinates":[[-73.99316,40.59231],[-73.99311,40.59224],[-73.99264,40.59165]]}},{"type":"Feature","properties":{"c":1,"s":"seg_42496975_42475971"},"geometry":{"type":"LineString","coordinates":[[-73.9804,40.6812],[-73.98037,40.68126],[-73.98001,40.68178],[-73.97997,40.68184]]}},{"type":"Feature","properties":{"c":1,"s":"seg_42510734_42516074"},"geometry":{"type":"LineString","coordinates":[[-73.99116,40.66731],[-73.99111,40.66737],[-73.99083,40.6677],[-73.99071,40.66785],[-73.99066,40.66791]]}},{"type":"Feature","properties":{"c":2,"s":"seg_42487928_42487932"},"geometry":{"type":"LineString","coordinates":[[-74.02199,40.61895],[-74.02194,40.61892],[-74.02167,40.61875],[-74.02134,40.61855],[-74.02121,40.61848]]}},{"type":"Feature","properties":{"c":2,"s":"seg_42484216_7712107371"},"geometry":{"type":"LineString","coordinates":[[-73.92814,40.71414],[-73.92801,40.71412],[-73.92778,40.7141],[-73.92717,40.71405],[-73.92642,40.71399],[-73.9263,40.71398]]}},{"type":"Feature","properties":{"c":2,"s":"seg_42484216_7712107371"},"geometry":{"type":"LineString","coordinates":[[-73.9263,40.71398],[-73.92619,40.71398],[-73.92609,40.71398],[-73.92584,40.71397],[-73.92548,40.71397],[-73.92539,40.71397]]}},{"type":"Feature","properties":{"c":3,"s":"seg_42484164_42484167"},"geometry":{"type":"LineString","coordinates":[[-73.9652,40.71779],[-73.96526,40.71782],[-73.966,40.71823]]}},{"type":"Feature","properties":{"c":2,"s":"seg_42484164_42484167"},"geometry":{"type":"LineString","coordinates":[[-73.96339,40.71677],[-73.96333,40.71673],[-73.96198,40.71597],[-73.96191,40.71593]]}},{"type":"Feature","properties":{"c":2,"s":"seg_42484164_42484167"},"geometry":{"type":"LineString","coordinates":[[-73.96191,40.71593],[-73.96185,40.7159],[-73.96168,40.71581],[-73.96052,40.71534],[-73.96044,40.71531]]}},{"type":"Feature","properties":{"c":2,"s":"seg_42484164_42484167"},"geometry":{"type":"LineString","coordinates":[[-73.96044,40.71531],[-73.96036,40.71528],[-73.96003,40.71515],[-73.95947,40.71501]]}},{"type":"Feature","properties":{"c":2,"s":"seg_42484164_42484167"},"geometry":{"type":"LineString","coordinates":[[-73.9588,40.71483],[-73.95872,40.71482],[-73.95766,40.71453],[-73.95753,40.7145]]}},{"type":"Feature","properties":{"c":2,"s":"seg_42484164_42484167"},"geometry":{"type":"LineString","coordinates":[[-73.9588,40.71483],[-73.95889,40.71485],[-73.95947,40.71501]]}},{"type":"Feature","properties":{"c":2,"s":"seg_42484164_42484167"},"geometry":{"type":"LineString","coordinates":[[-73.95753,40.7145],[-73.95737,40.71446],[-73.95659,40.71426]]}},{"type":"Feature","properties":{"c":2,"s":"seg_42484216_7712107371"},"geometry":{"type":"LineString","coordinates":[[-73.95163,40.71407],[-73.95152,40.71407],[-73.95119,40.71407],[-73.95003,40.71408],[-73.94951,40.71408],[-73.94946,40.71408],[-73.94937,40.71408]]}},{"type":"Feature","properties":{"c":2,"s":"seg_42484216_7712107371"},"geometry":{"type":"LineString","coordinates":[[-73.94772,40.71422],[-73.94764,40.71422],[-73.94734,40.71425],[-73.94616,40.71436],[-73.94607,40.71437]]}},{"type":"Feature","properties":{"c":2,"s":"seg_42484216_7712107371"},"geometry":{"type":"LineString","coordinates":[[-73.94772,40.71422],[-73.94781,40.71421],[-73.94813,40.71418],[-73.94922,40.71409],[-73.9493,40.71409],[-73.94937,40.71408]]}},{"type":"Feature","properties":{"c":2,"s":"seg_42484216_7712107371"},"geometry":{"type":"LineString","coordinates":[[-73.93875,40.71459],[-73.93883,40.7146],[-73.94136,40.71471]]}},{"type":"Feature","properties":{"c":2,"s":"seg_42484216_7712107371"},"geometry":{"type":"LineString","coordinates":[[-73.93529,40.71446],[-73.93521,40.71445],[-73.93415,40.71442],[-73.93394,40.71441],[-73.93378,40.71441],[-73.9336,40.7144],[-73.93345,40.7144]]}},{"type":"Feature","properties":{"c":1,"s":"seg_42521217_2620907651"},"geometry":{"type":"LineString","coordinates":[[-74.01897,40.64023],[-74.01891,40.64028],[-74.01865,40.64054],[-74.01843,40.64074],[-74.01836,40.64081]]}},{"type":"Feature","properties":{"c":2,"s":"seg_42517380_42530073"},"geometry":{"type":"LineString","coordinates":[[-73.99695,40.62693],[-73.9969,40.62699],[-73.99685,40.62704],[-73.99677,40.62711],[-73.99668,40.62719]]}},{"type":"Feature","properties":{"c":2,"s":"seg_42517380_42530073"},"geometry":{"type":"LineString","coordinates":[[-73.99695,40.62693],[-73.997,40.62689],[-73.99704,40.62685],[-73.99732,40.6266],[-73.99748,40.62643],[-73.99754,40.62638]]}},{"type":"Feature","properties":{"c":1,"s":"seg_597728063_597728082"},"geometry":{"type":"LineString","coordinates":[[-73.93982,40.67801],[-73.94056,40.67806]]}},{"type":"Feature","properties":{"c":1,"s":"seg_42510396_42510401"},"geometry":{"type":"LineString","coordinates":[[-73.93542,40.65351],[-73.9355,40.6535],[-73.93572,40.65349],[-73.93606,40.65346],[-73.93629,40.65345],[-73.93639,40.65344]]}},{"type":"Feature","properties":{"c":1,"s":"seg_42510396_42510401"},"geometry":{"type":"LineString","coordinates":[[-73.93542,40.65351],[-73.93534,40.65351],[-73.93457,40.65356],[-73.93448,40.65356]]}},{"type":"Feature","properties":{"c":2,"s":"seg_42493127_42530659"},"geometry":{"type":"LineString","coordinates":[[-73.93269,40.62787],[-73.93268,40.62779],[-73.93261,40.62724],[-73.93261,40.62702],[-73.93268,40.62677],[-73.93332,40.62599]]}},{"type":"Feature","properties":{"c":3,"s":"seg_42479945_42508600"},"geometry":{"type":"LineString","coordinates":[[-73.97529,40.64784],[-73.97526,40.64773],[-73.97514,40.64734],[-73.97481,40.64566]]}},{"type":"Feature","properties":{"c":3,"s":"seg_42479945_42508600"},"geometry":{"type":"LineString","coordinates":[[-73.97529,40.64784],[-73.97532,40.64793],[-73.9755,40.64855],[-73.97569,40.64921],[-73.97571,40.64925],[-73.97573,40.64926],[-73.97577,40.64929],[-73.97585,40.6493],[-73.9759,40.6493],[-73.97603,40.64929],[-73.97612,40.64926],[-73.97628,40.64921],[-73.97645,40.64914],[-73.97651,40.64912],[-73.97659,40.64909]]}},{"type":"Feature","properties":{"c":3,"s":"seg_42479945_42508600"},"geometry":{"type":"LineString","coordinates":[[-73.97466,40.64777],[-73.97468,40.64787],[-73.9747,40.64799]]}},{"type":"Feature","properties":{"c":1,"s":"seg_42489110_42489113"},"geometry":{"type":"LineString","coordinates":[[-73.9714,40.64826],[-73.97137,40.64817],[-73.97131,40.64796],[-73.9713,40.64793],[-73.97121,40.64762]]}},{"type":"Feature","properties":{"c":2,"s":"seg_42489110_42489113"},"geometry":{"type":"LineString","coordinates":[[-73.9714,40.64826],[-73.97143,40.64836],[-73.97147,40.64851],[-73.97151,40.64865],[-73.97156,40.64882]]}},{"type":"Feature","properties":{"c":1,"s":"seg_42467292_42491690"},"geometry":{"type":"LineString","coordinates":[[-73.95933,40.65293],[-73.95931,40.65284],[-73.95925,40.65261],[-73.95924,40.65253],[-73.95917,40.65223],[-73.95915,40.65214]]}},{"type":"Feature","properties":{"c":1,"s":"seg_42484796_42510355"},"geometry":{"type":"LineString","coordinates":[[-73.95601,40.65232],[-73.9559,40.65232],[-73.95549,40.65234],[-73.95377,40.65243],[-73.9532,40.65246],[-73.95277,40.65248],[-73.95266,40.65249]]}},{"type":"Feature","properties":{"c":1,"s":"seg_42466290_1372888911"},"geometry":{"type":"LineString","coordinates":[[-73.97828,40.68438],[-73.97839,40.68443]]}},{"type":"Feature","properties":{"c":1,"s":"seg_42466290_1372888911"},"geometry":{"type":"LineString","coordinates":[[-73.97828,40.68438],[-73.97821,40.68435],[-73.97805,40.68429],[-73.97782,40.6842],[-73.97772,40.68416],[-73.97748,40.68406]]}},{"type":"Feature","properties":{"c":2,"s":"seg_42486209_42490890"},"geometry":{"type":"LineString","coordinates":[[-74.01698,40.6077],[-74.01689,40.60764],[-74.01667,40.6075]]}},{"type":"Feature","properties":{"c":2,"s":"seg_42484827_4209548147"},"geometry":{"type":"LineString","coordinates":[[-74.01698,40.6077],[-74.01705,40.60763],[-74.01724,40.60745]]}},{"type":"Feature","properties":{"c":2,"s":"seg_42491331_42522525"},"geometry":{"type":"LineString","coordinates":[[-74.01698,40.6077],[-74.01691,40.60776],[-74.01528,40.6093],[-74.01522,40.60936]]}},{"type":"Feature","properties":{"c":2,"s":"seg_42484827_4209548147"},"geometry":{"type":"LineString","coordinates":[[-74.02478,40.60972],[-74.02459,40.60963],[-74.02438,40.60953],[-74.02435,40.60951],[-74.02403,40.60932],[-74.02385,40.60921],[-74.02377,40.60916],[-74.02363,40.60907],[-74.02327,40.60886],[-74.02285,40.60861],[-74.02277,40.60857],[-74.02269,40.60852],[-74.02262,40.60848],[-74.02224,40.60826],[-74.02215,40.6082],[-74.02195,40.60808],[-74.02173,40.60795],[-74.02131,40.6077],[-74.02111,40.60759],[-74.02093,40.6075],[-74.02076,40.6074],[-74.02061,40.60733],[-74.02057,40.60732],[-74.02041,40.60726],[-74.02023,40.60719],[-74.02004,40.60713],[-74.01995,40.60711],[-74.01988,40.60709],[-74.01973,40.60706],[-74.01959,40.60703],[-74.01941,40.607],[-74.01922,40.60697],[-74.01878,40.60692],[-74.01858,40.6069],[-74.0184,40.60688],[-74.01824,40.60689],[-74.01811,40.6069],[-74.018,40.60693],[-74.01799,40.60693],[-74.01787,40.60696],[-74.01777,40.60701],[-74.01769,40.60705],[-74.01757,40.60714],[-74.01731,40.60738],[-74.01724,40.60745]]}},{"type":"Feature","properties":{"c":1,"s":"seg_42495632_42495636"},"geometry":{"type":"LineString","coordinates":[[-73.89556,40.67063],[-73.89554,40.67057],[-73.89549,40.67038],[-73.8953,40.66966],[-73.89525,40.66946],[-73.89522,40.66937]]}},{"type":"Feature","properties":{"c":1,"s":"seg_42495632_42495636"},"geometry":{"type":"LineString","coordinates":[[-73.89556,40.67063],[-73.89558,40.6707],[-73.89563,40.6709],[-73.89581,40.67165],[-73.89585,40.67181],[-73.89587,40.67189]]}},{"type":"Feature","properties":{"c":2,"s":"seg_42477768_42516713"},"geometry":{"type":"LineString","coordinates":[[-73.91042,40.66842],[-73.91044,40.6685],[-73.91072,40.66961],[-73.91074,40.66969]]}},{"type":"Feature","properties":{"c":2,"s":"seg_42477768_42516713"},"geometry":{"type":"LineString","coordinates":[[-73.91042,40.66842],[-73.9104,40.66836],[-73.91035,40.66815],[-73.9102,40.66759],[-73.91012,40.66725],[-73.91009,40.66716]]}},{"type":"Feature","properties":{"c":1,"s":"seg_42472136_42481948"},"geometry":{"type":"LineString","coordinates":[[-73.96061,40.6602],[-73.96062,40.66028],[-73.96063,40.66042],[-73.96065,40.66048]]}},{"type":"Feature","properties":{"c":1,"s":"seg_42472136_42481948"},"geometry":{"type":"LineString","coordinates":[[-73.96061,40.6602],[-73.9606,40.6601],[-73.9606,40.66003]]}},{"type":"Feature","properties":{"c":3,"s":"seg_42518929_42525105"},"geometry":{"type":"LineString","coordinates":[[-73.88441,40.66779],[-73.88447,40.66778],[-73.88523,40.66766],[-73.8853,40.66765]]}},{"type":"Feature","properties":{"c":1,"s":"seg_597728022_597728004"},"geometry":{"type":"LineString","coordinates":[[-73.91185,40.67645],[-73.91276,40.67651]]}},{"type":"Feature","properties":{"c":2,"s":"seg_42475193_42927436"},"geometry":{"type":"LineString","coordinates":[[-73.89326,40.68208],[-73.89237,40.6825],[-73.89208,40.68268],[-73.89129,40.68318],[-73.89093,40.68341]]}},{"type":"Feature","properties":{"c":1,"s":"seg_42477666_42485203"},"geometry":{"type":"LineString","coordinates":[[-74.02566,40.62938],[-74.02569,40.62931],[-74.02594,40.62872],[-74.02597,40.62865]]}},{"type":"Feature","properties":{"c":2,"s":"seg_42460776_42487360"},"geometry":{"type":"LineString","coordinates":[[-74.01926,40.62558],[-74.01945,40.62522],[-74.01963,40.62488]]}},{"type":"Feature","properties":{"c":2,"s":"seg_42487939_42491331"},"geometry":{"type":"LineString","coordinates":[[-74.00643,40.61781],[-74.00648,40.61777],[-74.00696,40.61731],[-74.00702,40.61725]]}},{"type":"Feature","properties":{"c":2,"s":"seg_42470780_42508104"},"geometry":{"type":"LineString","coordinates":[[-74.03599,40.6186],[-74.03601,40.61855],[-74.03615,40.61823],[-74.03619,40.61813],[-74.03623,40.6181],[-74.03627,40.61807],[-74.03635,40.61804],[-74.03637,40.61804],[-74.03649,40.61799]]}},{"type":"Feature","properties":{"c":2,"s":"seg_42470780_42508104"},"geometry":{"type":"LineString","coordinates":[[-74.03599,40.6186],[-74.03596,40.61867],[-74.03573,40.61923],[-74.03571,40.61928]]}},{"type":"Feature","properties":{"c":1,"s":"seg_42485251_42502758"},"geometry":{"type":"LineString","coordinates":[[-74.03084,40.6167],[-74.03082,40.61677],[-74.03064,40.61721],[-74.03052,40.6175],[-74.03048,40.61758]]}},{"type":"Feature","properties":{"c":1,"s":"seg_42485251_42502758"},"geometry":{"type":"LineString","coordinates":[[-74.03084,40.6167],[-74.03087,40.61664],[-74.03102,40.61627],[-74.03106,40.61617],[-74.03108,40.61612],[-74.03112,40.61603]]}},{"type":"Feature","properties":{"c":1,"s":"seg_42489210_42528437"},"geometry":{"type":"LineString","coordinates":[[-73.9663,40.60956],[-73.96638,40.60955],[-73.96732,40.60945],[-73.9674,40.60944]]}},{"type":"Feature","properties":{"c":1,"s":"seg_42489210_42528437"},"geometry":{"type":"LineString","coordinates":[[-73.9663,40.60956],[-73.96622,40.60957],[-73.96531,40.60967],[-73.96522,40.60968]]}},{"type":"Feature","properties":{"c":2,"s":"seg_42479945_42508600"},"geometry":{"type":"LineString","coordinates":[[-73.97461,40.65034],[-73.97468,40.65031],[-73.97521,40.6501],[-73.97531,40.65008],[-73.97541,40.65009],[-73.97547,40.65013],[-73.97551,40.65019],[-73.97557,40.65029]]}},{"type":"Feature","properties":{"c":2,"s":"seg_42460776_42487360"},"geometry":{"type":"LineString","coordinates":[[-74.01634,40.63029],[-74.01631,40.63036],[-74.01619,40.63068],[-74.01613,40.63082],[-74.01605,40.63103]]}},{"type":"Feature","properties":{"c":1,"s":"seg_597728103_597728036"},"geometry":{"type":"LineString","coordinates":[[-73.92822,40.67739],[-73.9302,40.67749],[-73.9303,40.6775]]}},{"type":"Feature","properties":{"c":3,"s":"seg_42508585_42508588"},"geometry":{"type":"LineString","coordinates":[[-73.97212,40.63137],[-73.9721,40.6313],[-73.97199,40.63074],[-73.97198,40.63068],[-73.97197,40.63062]]}},{"type":"Feature","properties":{"c":1,"s":"seg_42508585_42508588"},"geometry":{"type":"LineString","coordinates":[[-73.97185,40.6315],[-73.97186,40.63157],[-73.97195,40.63202],[-73.97196,40.63209],[-73.97199,40.63227]]}},{"type":"Feature","properties":{"c":1,"s":"seg_42508585_42508588"},"geometry":{"type":"LineString","coordinates":[[-73.97185,40.6315],[-73.97184,40.63142],[-73.97178,40.63115],[-73.97172,40.63082],[-73.97171,40.63075]]}},{"type":"Feature","properties":{"c":3,"s":"seg_42508585_42508588"},"geometry":{"type":"LineString","coordinates":[[-73.97159,40.63162],[-73.9716,40.63169],[-73.97173,40.63235],[-73.97174,40.63241]]}},{"type":"Feature","properties":{"c":2,"s":"seg_42493506_3514016522"},"geometry":{"type":"LineString","coordinates":[[-73.95867,40.63777],[-73.95866,40.63772],[-73.95842,40.63641],[-73.9584,40.63633]]}},{"type":"Feature","properties":{"c":2,"s":"seg_42493506_3514016522"},"geometry":{"type":"LineString","coordinates":[[-73.95867,40.63777],[-73.95869,40.63783],[-73.95895,40.63924],[-73.95896,40.63931]]}},{"type":"Feature","properties":{"c":2,"s":"seg_42526068_42526066"},"geometry":{"type":"LineString","coordinates":[[-73.95131,40.63981],[-73.95131,40.63988],[-73.9514,40.64069],[-73.95141,40.64077]]}},{"type":"Feature","properties":{"c":2,"s":"seg_42505018_42498990"},"geometry":{"type":"LineString","coordinates":[[-73.99157,40.57823],[-73.9906,40.57834],[-73.99052,40.57835]]}},{"type":"Feature","properties":{"c":2,"s":"seg_42505018_42498990"},"geometry":{"type":"LineString","coordinates":[[-73.99157,40.57823],[-73.99167,40.57825],[-73.99176,40.57826],[-73.99191,40.57825],[-73.99219,40.57822],[-73.99256,40.57817],[-73.99264,40.57817]]}},{"type":"Feature","properties":{"c":1,"s":"seg_42505571_42505573"},"geometry":{"type":"LineString","coordinates":[[-73.90777,40.68138],[-73.90729,40.6811],[-73.9071,40.681],[-73.90702,40.68095]]}},{"type":"Feature","properties":{"c":1,"s":"seg_42505571_42505573"},"geometry":{"type":"LineString","coordinates":[[-73.90777,40.68138],[-73.90825,40.68165],[-73.90846,40.68177],[-73.90852,40.6818]]}},{"type":"Feature","properties":{"c":2,"s":"seg_42501950_42501956"},"geometry":{"type":"LineString","coordinates":[[-73.977,40.62988],[-73.97699,40.62981],[-73.97691,40.6294],[-73.97686,40.62915],[-73.97685,40.62909]]}},{"type":"Feature","properties":{"c":2,"s":"seg_42501950_42501956"},"geometry":{"type":"LineString","coordinates":[[-73.977,40.62988],[-73.97701,40.62994],[-73.97711,40.63043],[-73.97714,40.63064],[-73.97716,40.63074]]}},{"type":"Feature","properties":{"c":3,"s":"seg_42508585_42508588"},"geometry":{"type":"LineString","coordinates":[[-73.97226,40.63215],[-73.97225,40.63208],[-73.97214,40.63149],[-73.97213,40.63143],[-73.97212,40.63137]]}},{"type":"Feature","properties":{"c":1,"s":"seg_42508585_42508588"},"geometry":{"type":"LineString","coordinates":[[-73.97199,40.63227],[-73.97203,40.63244],[-73.97206,40.63259],[-73.97214,40.63302],[-73.97216,40.63311]]}},{"type":"Feature","properties":{"c":3,"s":"seg_42508585_42508588"},"geometry":{"type":"LineString","coordinates":[[-73.97174,40.63241],[-73.97175,40.63248],[-73.97187,40.63308],[-73.97189,40.63312],[-73.97191,40.63323]]}},{"type":"Feature","properties":{"c":2,"s":"seg_42517380_42530073"},"geometry":{"type":"LineString","coordinates":[[-73.99754,40.62638],[-73.99758,40.62633],[-73.99806,40.62587],[-73.99812,40.62582]]}},{"type":"Feature","properties":{"c":1,"s":"seg_42521217_2620907651"},"geometry":{"type":"LineString","coordinates":[[-74.01955,40.63967],[-74.01949,40.63972],[-74.01916,40.64004],[-74.01902,40.64018],[-74.01897,40.64023]]}},{"type":"Feature","properties":{"c":3,"s":"seg_42460776_42487360"},"geometry":{"type":"LineString","coordinates":[[-74.01294,40.63569],[-74.01299,40.63564],[-74.01303,40.6356],[-74.01317,40.63547],[-74.01363,40.63502],[-74.01374,40.63491],[-74.01405,40.63462],[-74.01411,40.63456]]}},{"type":"Feature","properties":{"c":2,"s":"seg_42468848_3509302812"},"geometry":{"type":"LineString","coordinates":[[-73.98866,40.5988],[-73.98794,40.59837]]}},{"type":"Feature","properties":{"c":2,"s":"seg_42486209_42490890"},"geometry":{"type":"LineString","coordinates":[[-74.0115,40.60476],[-74.0119,40.60497],[-74.01201,40.60503],[-74.01229,40.60517],[-74.01237,40.60522]]}},{"type":"Feature","properties":{"c":2,"s":"seg_42486209_42490890"},"geometry":{"type":"LineString","coordinates":[[-74.0115,40.60476],[-74.01117,40.60458],[-74.01074,40.60436]]}},{"type":"Feature","properties":{"c":2,"s":"seg_42486313_42515022"},"geometry":{"type":"LineString","coordinates":[[-74.00516,40.685],[-74.00519,40.68492],[-74.00548,40.68433]]}},{"type":"Feature","properties":{"c":2,"s":"seg_42466214_1372888770"},"geometry":{"type":"LineString","coordinates":[[-73.99785,40.68296],[-73.9978,40.68294],[-73.99598,40.68242],[-73.99589,40.6824]]}},{"type":"Feature","properties":{"c":2,"s":"seg_42466214_1372888770"},"geometry":{"type":"LineString","coordinates":[[-73.99589,40.6824],[-73.99579,40.68236],[-73.99406,40.6817],[-73.994,40.68167],[-73.99391,40.68164]]}},{"type":"Feature","properties":{"c":2,"s":"seg_42466214_1372888770"},"geometry":{"type":"LineString","coordinates":[[-73.99391,40.68164],[-73.99384,40.68161],[-73.99179,40.68082],[-73.99173,40.6808]]}},{"type":"Feature","properties":{"c":2,"s":"seg_42466214_1372888770"},"geometry":{"type":"LineString","coordinates":[[-73.99173,40.6808],[-73.99166,40.68077],[-73.98967,40.67999],[-73.98963,40.67997],[-73.98956,40.67995]]}},{"type":"Feature","properties":{"c":2,"s":"seg_42466214_1372888770"},"geometry":{"type":"LineString","coordinates":[[-73.98739,40.67911],[-73.98733,40.67908],[-73.98555,40.67839],[-73.98543,40.67834]]}},{"type":"Feature","properties":{"c":2,"s":"seg_42466214_1372888770"},"geometry":{"type":"LineString","coordinates":[[-73.98297,40.67739],[-73.98311,40.67744]]}},{"type":"Feature","properties":{"c":2,"s":"seg_42466214_1372888770"},"geometry":{"type":"LineString","coordinates":[[-73.98297,40.67739],[-73.98289,40.67736],[-73.98056,40.67645],[-73.98046,40.67642]]}},{"type":"Feature","properties":{"c":1,"s":"seg_42496975_42475971"},"geometry":{"type":"LineString","coordinates":[[-73.98297,40.67739],[-73.98292,40.67746],[-73.98258,40.67797],[-73.98254,40.67803]]}},{"type":"Feature","properties":{"c":2,"s":"seg_42486362_42486365"},"geometry":{"type":"LineString","coordinates":[[-73.97546,40.67447],[-73.97537,40.67443],[-73.9738,40.67382],[-73.97305,40.67352],[-73.97295,40.67349]]}},{"type":"Feature","properties":{"c":2,"s":"seg_42486362_42486365"},"geometry":{"type":"LineString","coordinates":[[-73.97295,40.67349],[-73.97288,40.67346],[-73.9711,40.67277],[-73.97106,40.67275],[-73.9709,40.67272]]}},{"type":"Feature","properties":{"c":1,"s":"seg_5314096947_5314096946"},"geometry":{"type":"LineString","coordinates":[[-73.88723,40.65417],[-73.8873,40.65426],[-73.88747,40.65449],[-73.88773,40.65484],[-73.88794,40.65514],[-73.88818,40.65547],[-73.88823,40.65553]]}},{"type":"Feature","properties":{"c":2,"s":"seg_6463799134_42505118"},"geometry":{"type":"LineString","coordinates":[[-73.86833,40.66201],[-73.8684,40.6621],[-73.86853,40.66227],[-73.86881,40.66265],[-73.8693,40.66331],[-73.8694,40.66345],[-73.86948,40.66356]]}},{"type":"Feature","properties":{"c":2,"s":"seg_6463799134_42505118"},"geometry":{"type":"LineString","coordinates":[[-73.86833,40.66201],[-73.86828,40.66194],[-73.86815,40.66177],[-73.86806,40.66165],[-73.86794,40.66148],[-73.86769,40.66113],[-73.86753,40.66092],[-73.86738,40.66072],[-73.86729,40.66058],[-73.86719,40.66046]]}},{"type":"Feature","properties":{"c":2,"s":"seg_2987758879_7725544404"},"geometry":{"type":"LineString","coordinates":[[-73.95234,40.73471],[-73.95234,40.73477],[-73.95236,40.73494],[-73.95236,40.73499],[-73.95236,40.73506],[-73.95237,40.73512],[-73.9524,40.73529],[-73.95242,40.73541]]}},{"type":"Feature","properties":{"c":1,"s":"seg_42505549_42505552"},"geometry":{"type":"LineString","coordinates":[[-73.91981,40.68821],[-73.91986,40.68824]]}},{"type":"Feature","properties":{"c":1,"s":"seg_42505549_42505552"},"geometry":{"type":"LineString","coordinates":[[-73.91981,40.68821],[-73.91979,40.6882],[-73.91916,40.68784],[-73.91906,40.68778]]}},{"type":"Feature","properties":{"c":1,"s":"seg_42504156_42504158"},"geometry":{"type":"LineString","coordinates":[[-73.93352,40.70285],[-73.93278,40.70314],[-73.9327,40.70317]]}},{"type":"Feature","properties":{"c":1,"s":"seg_42504156_42504158"},"geometry":{"type":"LineString","coordinates":[[-73.93352,40.70285],[-73.93387,40.70271],[-73.93395,40.70267]]}},{"type":"Feature","properties":{"c":1,"s":"seg_42477890_42517070"},"geometry":{"type":"LineString","coordinates":[[-73.92516,40.6981],[-73.92535,40.69808]]}},{"type":"Feature","properties":{"c":1,"s":"seg_42477890_42517070"},"geometry":{"type":"LineString","coordinates":[[-73.92516,40.6981],[-73.92506,40.69811],[-73.9246,40.69816],[-73.92404,40.69822]]}},{"type":"Feature","properties":{"c":2,"s":"seg_42480200_42503137"},"geometry":{"type":"LineString","coordinates":[[-73.98327,40.5862],[-73.98324,40.58606],[-73.98302,40.5849],[-73.98301,40.58481]]}},{"type":"Feature","properties":{"c":2,"s":"seg_42480200_42503137"},"geometry":{"type":"LineString","coordinates":[[-73.98327,40.5862],[-73.98329,40.58632],[-73.98332,40.58648],[-73.98337,40.58677],[-73.98342,40.587],[-73.98346,40.58725],[-73.98348,40.58734]]}},{"type":"Feature","properties":{"c":1,"s":"seg_1372888798_1372888660"},"geometry":{"type":"LineString","coordinates":[[-74.00145,40.65707],[-74.00139,40.65713],[-74.00132,40.6572],[-74.00122,40.6573],[-74.00113,40.65738],[-74.00101,40.6575],[-74.00091,40.65759],[-74.00086,40.65764]]}},{"type":"Feature","properties":{"c":2,"s":"seg_42464407_42487026"},"geometry":{"type":"LineString","coordinates":[[-73.94704,40.5816],[-73.94607,40.58141]]}},{"type":"Feature","properties":{"c":2,"s":"seg_42464407_42487026"},"geometry":{"type":"LineString","coordinates":[[-73.94607,40.58141],[-73.9451,40.58123]]}},{"type":"Feature","properties":{"c":2,"s":"seg_42464407_42487026"},"geometry":{"type":"LineString","coordinates":[[-73.9451,40.58123],[-73.94422,40.58106],[-73.94412,40.58104]]}},{"type":"Feature","properties":{"c":2,"s":"seg_42464407_42487026"},"geometry":{"type":"LineString","coordinates":[[-73.94412,40.58104],[-73.94403,40.58102],[-73.94313,40.58086]]}},{"type":"Feature","properties":{"c":2,"s":"seg_42464407_42487026"},"geometry":{"type":"LineString","coordinates":[[-73.94313,40.58086],[-73.94279,40.58082],[-73.94249,40.58081],[-73.94217,40.5808]]}},{"type":"Feature","properties":{"c":2,"s":"seg_42464407_42487026"},"geometry":{"type":"LineString","coordinates":[[-73.94217,40.5808],[-73.94124,40.58081]]}},{"type":"Feature","properties":{"c":2,"s":"seg_42464407_42487026"},"geometry":{"type":"LineString","coordinates":[[-73.94124,40.58081],[-73.94028,40.58083]]}},{"type":"Feature","properties":{"c":2,"s":"seg_42464407_42487026"},"geometry":{"type":"LineString","coordinates":[[-73.94028,40.58083],[-73.93917,40.58084],[-73.93899,40.58084]]}},{"type":"Feature","properties":{"c":2,"s":"seg_42464407_42487026"},"geometry":{"type":"LineString","coordinates":[[-73.93899,40.58084],[-73.93805,40.58086]]}},{"type":"Feature","properties":{"c":2,"s":"seg_42464407_42487026"},"geometry":{"type":"LineString","coordinates":[[-73.93475,40.58093],[-73.93495,40.58092],[-73.93584,40.58091],[-73.93592,40.58091],[-73.93602,40.58091],[-73.93623,40.58091]]}},{"type":"Feature","properties":{"c":1,"s":"seg_42467024_42469614"},"geometry":{"type":"LineString","coordinates":[[-73.96784,40.69323],[-73.96794,40.69322],[-73.96867,40.69313],[-73.96871,40.69313],[-73.96881,40.69311]]}},{"type":"Feature","properties":{"c":2,"s":"seg_42501872_42466432"},"geometry":{"type":"LineString","coordinates":[[-73.96712,40.68956],[-73.96719,40.68956],[-73.96798,40.68946],[-73.96808,40.68945]]}},{"type":"Feature","properties":{"c":2,"s":"seg_42520247_42481558"},"geometry":{"type":"LineString","coordinates":[[-73.96682,40.68809],[-73.96674,40.6881],[-73.96637,40.68814],[-73.96613,40.68817],[-73.96594,40.6882],[-73.96582,40.68821]]}},{"type":"Feature","properties":{"c":1,"s":"seg_597728149_597728151"},"geometry":{"type":"LineString","coordinates":[[-73.96551,40.68142],[-73.96555,40.68143],[-73.96633,40.68159],[-73.96646,40.68162],[-73.96657,40.68164]]}},{"type":"Feature","properties":{"c":1,"s":"seg_42505791_42510369"},"geometry":{"type":"LineString","coordinates":[[-73.94116,40.65315],[-73.94126,40.65314],[-73.94149,40.65313],[-73.94178,40.65311],[-73.94202,40.6531],[-73.9421,40.65309]]}},{"type":"Feature","properties":{"c":2,"s":"seg_42460776_42487360"},"geometry":{"type":"LineString","coordinates":[[-74.01971,40.62219],[-74.01967,40.62226],[-74.01938,40.6229]]}},{"type":"Feature","properties":{"c":2,"s":"seg_42460776_42487360"},"geometry":{"type":"LineString","coordinates":[[-74.01971,40.62219],[-74.01973,40.62212],[-74.02,40.62145]]}},{"type":"Feature","properties":{"c":2,"s":"seg_42460776_42487360"},"geometry":{"type":"LineString","coordinates":[[-74.02,40.62145],[-74.02018,40.621],[-74.0203,40.62072]]}},{"type":"Feature","properties":{"c":2,"s":"seg_42460776_42487360"},"geometry":{"type":"LineString","coordinates":[[-74.0203,40.62072],[-74.0206,40.62]]}},{"type":"Feature","properties":{"c":2,"s":"seg_42460776_42487360"},"geometry":{"type":"LineString","coordinates":[[-74.0206,40.62],[-74.02077,40.61958],[-74.0209,40.61926]]}},{"type":"Feature","properties":{"c":2,"s":"seg_42460776_42487360"},"geometry":{"type":"LineString","coordinates":[[-74.0209,40.61926],[-74.02106,40.61887],[-74.02115,40.61863],[-74.02117,40.61859],[-74.02121,40.61848]]}},{"type":"Feature","properties":{"c":2,"s":"seg_42460776_42487360"},"geometry":{"type":"LineString","coordinates":[[-74.02121,40.61848],[-74.02126,40.61837],[-74.02132,40.61824],[-74.02134,40.61819]]}},{"type":"Feature","properties":{"c":2,"s":"seg_42487928_42487932"},"geometry":{"type":"LineString","coordinates":[[-74.02121,40.61848],[-74.02111,40.61841],[-74.02083,40.61824],[-74.02062,40.61812],[-74.02052,40.61806]]}},{"type":"Feature","properties":{"c":2,"s":"seg_42460776_42487360"},"geometry":{"type":"LineString","coordinates":[[-74.02134,40.61819],[-74.02139,40.61807],[-74.02161,40.61754]]}},{"type":"Feature","properties":{"c":2,"s":"seg_42460776_42487360"},"geometry":{"type":"LineString","coordinates":[[-74.02161,40.61754],[-74.02175,40.61718],[-74.02216,40.61617]]}},{"type":"Feature","properties":{"c":2,"s":"seg_42460776_42487360"},"geometry":{"type":"LineString","coordinates":[[-74.01474,40.63397],[-74.01488,40.63391],[-74.015,40.63383],[-74.0156,40.63354]]}},{"type":"Feature","properties":{"c":3,"s":"seg_42460776_42487360"},"geometry":{"type":"LineString","coordinates":[[-74.01474,40.63397],[-74.01465,40.63405],[-74.01446,40.63423],[-74.01439,40.6343],[-74.01426,40.63442],[-74.01416,40.63452],[-74.01411,40.63456]]}},{"type":"Feature","properties":{"c":2,"s":"seg_42487339_4026460325"},"geometry":{"type":"LineString","coordinates":[[-74.01474,40.63397],[-74.01465,40.63391],[-74.01452,40.63384],[-74.01363,40.6333],[-74.01263,40.63269],[-74.01253,40.63263]]}},{"type":"Feature","properties":{"c":2,"s":"seg_42487339_4026460325"},"geometry":{"type":"LineString","coordinates":[[-74.01474,40.63397],[-74.01484,40.63403],[-74.01508,40.63417],[-74.01521,40.63426],[-74.01573,40.63456],[-74.01597,40.63474],[-74.01606,40.63485],[-74.01617,40.63497],[-74.01634,40.63516],[-74.01649,40.63531],[-74.01666,40.63544],[-74.01673,40.63549]]}},{"type":"Feature","properties":{"c":2,"s":"seg_42460776_42487360"},"geometry":{"type":"LineString","coordinates":[[-74.01575,40.63177],[-74.01542,40.63251]]}},{"type":"Feature","properties":{"c":2,"s":"seg_42460776_42487360"},"geometry":{"type":"LineString","coordinates":[[-74.01605,40.63103],[-74.01575,40.63177]]}},{"type":"Feature","properties":{"c":2,"s":"seg_42460776_42487360"},"geometry":{"type":"LineString","coordinates":[[-74.01664,40.62958],[-74.01637,40.63023],[-74.01634,40.63029]]}},{"type":"Feature","properties":{"c":2,"s":"seg_42460776_42487360"},"geometry":{"type":"LineString","coordinates":[[-74.01785,40.6266],[-74.01781,40.62671],[-74.0174,40.6277],[-74.01722,40.6281]]}},{"type":"Feature","properties":{"c":2,"s":"seg_42460320_42509550"},"geometry":{"type":"LineString","coordinates":[[-74.01785,40.6266],[-74.01794,40.62665],[-74.01796,40.62666],[-74.01851,40.627],[-74.01853,40.627],[-74.01855,40.62702],[-74.01864,40.62707]]}},{"type":"Feature","properties":{"c":2,"s":"seg_42460776_42487360"},"geometry":{"type":"LineString","coordinates":[[-74.01671,40.63233],[-74.01686,40.63193],[-74.01698,40.63162]]}},{"type":"Feature","properties":{"c":2,"s":"seg_42460776_42487360"},"geometry":{"type":"LineString","coordinates":[[-74.01698,40.63162],[-74.01731,40.63081],[-74.01734,40.63073]]}},{"type":"Feature","properties":{"c":2,"s":"seg_42460776_42487360"},"geometry":{"type":"LineString","coordinates":[[-74.01734,40.63073],[-74.01736,40.63067],[-74.01756,40.63013]]}},{"type":"Feature","properties":{"c":2,"s":"seg_42460776_42487360"},"geometry":{"type":"LineString","coordinates":[[-74.01756,40.63013],[-74.01779,40.62949],[-74.01782,40.62939]]}},{"type":"Feature","properties":{"c":2,"s":"seg_42460776_42487360"},"geometry":{"type":"LineString","coordinates":[[-74.01833,40.62786],[-74.01859,40.62719],[-74.01864,40.62707]]}},{"type":"Feature","properties":{"c":2,"s":"seg_42460776_42487360"},"geometry":{"type":"LineString","coordinates":[[-74.01864,40.62707],[-74.01868,40.62698],[-74.01896,40.6263]]}},{"type":"Feature","properties":{"c":2,"s":"seg_42460776_42487360"},"geometry":{"type":"LineString","coordinates":[[-74.01963,40.62488],[-74.01976,40.62468]]}},{"type":"Feature","properties":{"c":2,"s":"seg_42487446_42536026"},"geometry":{"type":"LineString","coordinates":[[-73.99952,40.64861],[-73.99947,40.64858],[-73.99943,40.64856],[-73.99941,40.64855],[-73.99938,40.64853],[-73.99921,40.64843],[-73.9976,40.64746],[-73.9974,40.64733],[-73.99731,40.64728]]}},{"type":"Feature","properties":{"c":2,"s":"seg_42476119_42510722"},"geometry":{"type":"LineString","coordinates":[[-73.98158,40.66689],[-73.98148,40.66684],[-73.98113,40.66667],[-73.97971,40.66598],[-73.97933,40.6658],[-73.97922,40.66575]]}},{"type":"Feature","properties":{"c":2,"s":"seg_42487613_42477334"},"geometry":{"type":"LineString","coordinates":[[-73.98843,40.65925],[-73.98851,40.6593],[-73.99056,40.66053],[-73.99063,40.66058]]}},{"type":"Feature","properties":{"c":2,"s":"seg_42469540_42503083"},"geometry":{"type":"LineString","coordinates":[[-73.98372,40.58862],[-73.98358,40.58787],[-73.98352,40.58752],[-73.98348,40.58734]]}},{"type":"Feature","properties":{"c":2,"s":"seg_42469540_42503083"},"geometry":{"type":"LineString","coordinates":[[-73.98372,40.58862],[-73.98379,40.58896],[-73.9838,40.58904]]}},{"type":"Feature","properties":{"c":2,"s":"seg_42493852_42493860"},"geometry":{"type":"LineString","coordinates":[[-73.98756,40.58528],[-73.98737,40.58496]]}},{"type":"Feature","properties":{"c":1,"s":"seg_42489210_42528437"},"geometry":{"type":"LineString","coordinates":[[-73.95859,40.61041],[-73.95868,40.6104],[-73.95945,40.61031],[-73.95952,40.6103]]}},{"type":"Feature","properties":{"c":1,"s":"seg_42489210_42528437"},"geometry":{"type":"LineString","coordinates":[[-73.95859,40.61041],[-73.95851,40.61042],[-73.95815,40.61046],[-73.95796,40.61048],[-73.95777,40.6105],[-73.95767,40.61051]]}},{"type":"Feature","properties":{"c":2,"s":"seg_42489678_42520476"},"geometry":{"type":"LineString","coordinates":[[-73.95828,40.60875],[-73.95836,40.60871],[-73.95909,40.60842],[-73.95916,40.60839]]}},{"type":"Feature","properties":{"c":2,"s":"seg_42489678_42520476"},"geometry":{"type":"LineString","coordinates":[[-73.95828,40.60875],[-73.9582,40.60878],[-73.95795,40.60889],[-73.95784,40.60894],[-73.95766,40.60902],[-73.95763,40.60903],[-73.95758,40.60905],[-73.9575,40.60909],[-73.95741,40.60913]]}},{"type":"Feature","properties":{"c":2,"s":"seg_42471906_42487870"},"geometry":{"type":"LineString","coordinates":[[-74.01355,40.67679],[-74.0135,40.67684],[-74.01298,40.67728],[-74.01292,40.67733]]}},{"type":"Feature","properties":{"c":2,"s":"seg_42487901_42487905"},"geometry":{"type":"LineString","coordinates":[[-74.03911,40.62537],[-74.03922,40.6254],[-74.04053,40.62571],[-74.04057,40.62572],[-74.0407,40.62575]]}},{"type":"Feature","properties":{"c":2,"s":"seg_42487901_42487905"},"geometry":{"type":"LineString","coordinates":[[-74.03911,40.62537],[-74.03901,40.62535],[-74.03821,40.62516],[-74.03691,40.62485],[-74.03654,40.62476],[-74.03643,40.62473]]}},{"type":"Feature","properties":{"c":2,"s":"seg_42487901_42487905"},"geometry":{"type":"LineString","coordinates":[[-74.03643,40.62473],[-74.03633,40.62471],[-74.03611,40.62466],[-74.03472,40.62433],[-74.03426,40.62422],[-74.03419,40.62421],[-74.03416,40.6242],[-74.03386,40.62413],[-74.03374,40.6241]]}},{"type":"Feature","properties":{"c":2,"s":"seg_42470780_42508104"},"geometry":{"type":"LineString","coordinates":[[-74.03374,40.6241],[-74.0337,40.62421],[-74.03342,40.6249],[-74.03339,40.62497]]}},{"type":"Feature","properties":{"c":2,"s":"seg_42470780_42508104"},"geometry":{"type":"LineString","coordinates":[[-74.03374,40.6241],[-74.03378,40.624],[-74.03401,40.62343],[-74.03404,40.62336]]}},{"type":"Feature","properties":{"c":1,"s":"seg_42485251_42502758"},"geometry":{"type":"LineString","coordinates":[[-74.02836,40.62278],[-74.02831,40.6229],[-74.02805,40.62354],[-74.02802,40.62362]]}},{"type":"Feature","properties":{"c":1,"s":"seg_42485251_42502758"},"geometry":{"type":"LineString","coordinates":[[-74.02836,40.62278],[-74.0284,40.62268],[-74.02852,40.62239],[-74.02864,40.6221],[-74.02867,40.62203]]}},{"type":"Feature","properties":{"c":2,"s":"seg_42487928_42487932"},"geometry":{"type":"LineString","coordinates":[[-74.02052,40.61806],[-74.02045,40.61802],[-74.01984,40.61765],[-74.01869,40.61695],[-74.01841,40.61678],[-74.01832,40.61672]]}},{"type":"Feature","properties":{"c":2,"s":"seg_42487928_42487932"},"geometry":{"type":"LineString","coordinates":[[-74.01393,40.61406],[-74.01384,40.61401],[-74.01378,40.61398],[-74.01363,40.61388],[-74.01344,40.61377],[-74.01215,40.613],[-74.01193,40.61287],[-74.01181,40.61279],[-74.01171,40.61274]]}},{"type":"Feature","properties":{"c":2,"s":"seg_42487928_42487932"},"geometry":{"type":"LineString","coordinates":[[-74.01171,40.61274],[-74.01163,40.61269],[-74.01129,40.61248],[-74.01097,40.61229]]}},{"type":"Feature","properties":{"c":2,"s":"seg_42487939_42491331"},"geometry":{"type":"LineString","coordinates":[[-74.01171,40.61274],[-74.01162,40.61282],[-74.01113,40.6133],[-74.01109,40.61334]]}},{"type":"Feature","properties":{"c":2,"s":"seg_42487939_42491331"},"geometry":{"type":"LineString","coordinates":[[-74.01171,40.61274],[-74.0118,40.61265],[-74.01334,40.61118],[-74.01341,40.61111],[-74.01342,40.6111],[-74.01348,40.61104]]}},{"type":"Feature","properties":{"c":2,"s":"seg_42487928_42487932"},"geometry":{"type":"LineString","coordinates":[[-74.00952,40.61141],[-74.00943,40.61136],[-74.00919,40.61121],[-74.00895,40.61107],[-74.00885,40.61101],[-74.00878,40.61097]]}},{"type":"Feature","properties":{"c":2,"s":"seg_42487928_42487932"},"geometry":{"type":"LineString","coordinates":[[-74.00805,40.61053],[-74.00813,40.61057],[-74.00832,40.61069],[-74.00871,40.61093],[-74.00878,40.61097]]}},{"type":"Feature","properties":{"c":2,"s":"seg_42469045_42488002"},"geometry":{"type":"LineString","coordinates":[[-74.00568,40.6091],[-74.00561,40.60905],[-74.00518,40.6088],[-74.00495,40.60866],[-74.00485,40.6086]]}},{"type":"Feature","properties":{"c":2,"s":"seg_42469045_42488002"},"geometry":{"type":"LineString","coordinates":[[-74.00341,40.60772],[-74.00332,40.60767],[-74.00317,40.60758],[-74.00296,40.60745],[-74.00274,40.60732],[-74.00265,40.60727]]}},{"type":"Feature","properties":{"c":2,"s":"seg_42469045_42488002"},"geometry":{"type":"LineString","coordinates":[[-74.0012,40.60639],[-74.00061,40.60603],[-74.00055,40.60599],[-74.00046,40.60594]]}},{"type":"Feature","properties":{"c":2,"s":"seg_42469045_42488002"},"geometry":{"type":"LineString","coordinates":[[-73.999,40.60506],[-73.99842,40.60471],[-73.99834,40.60466],[-73.99826,40.60461]]}},{"type":"Feature","properties":{"c":2,"s":"seg_42469045_42488002"},"geometry":{"type":"LineString","coordinates":[[-73.99826,40.60461],[-73.99818,40.60456],[-73.99809,40.60451],[-73.99751,40.60416]]}},{"type":"Feature","properties":{"c":2,"s":"seg_42469045_42488002"},"geometry":{"type":"LineString","coordinates":[[-73.99606,40.60328],[-73.99598,40.60323],[-73.9959,40.60318],[-73.99532,40.60283]]}},{"type":"Feature","properties":{"c":2,"s":"seg_42469045_42488002"},"geometry":{"type":"LineString","coordinates":[[-73.99532,40.60283],[-73.99459,40.60242]]}},{"type":"Feature","properties":{"c":2,"s":"seg_42468848_3509302812"},"geometry":{"type":"LineString","coordinates":[[-73.98575,40.59704],[-73.98548,40.59688],[-73.98546,40.59686],[-73.98527,40.59674]]}},{"type":"Feature","properties":{"c":2,"s":"seg_42474631_42491304"},"geometry":{"type":"LineString","coordinates":[[-73.98527,40.59674],[-73.98524,40.59659],[-73.9852,40.5964]]}},{"type":"Feature","properties":{"c":2,"s":"seg_42468848_3509302812"},"geometry":{"type":"LineString","coordinates":[[-73.98527,40.59674],[-73.9851,40.59665],[-73.98505,40.59662],[-73.98491,40.59654],[-73.98455,40.59633],[-73.98439,40.59624],[-73.98413,40.59608]]}},{"type":"Feature","properties":{"c":2,"s":"seg_42474631_42491304"},"geometry":{"type":"LineString","coordinates":[[-73.98527,40.59674],[-73.9853,40.59693],[-73.98531,40.59699],[-73.98539,40.59741],[-73.98543,40.59758],[-73.98545,40.5977],[-73.98548,40.59786],[-73.98549,40.59794]]}},{"type":"Feature","properties":{"c":2,"s":"seg_42468848_3509302812"},"geometry":{"type":"LineString","coordinates":[[-73.98413,40.59608],[-73.98383,40.5959],[-73.98371,40.59583]]}},{"type":"Feature","properties":{"c":2,"s":"seg_42468848_3509302812"},"geometry":{"type":"LineString","coordinates":[[-73.98371,40.59583],[-73.98357,40.59574],[-73.98344,40.59566],[-73.98338,40.59562],[-73.98305,40.59542]]}},{"type":"Feature","properties":{"c":2,"s":"seg_42468848_3509302812"},"geometry":{"type":"LineString","coordinates":[[-73.97892,40.59293],[-73.97855,40.5927],[-73.97845,40.59265]]}},{"type":"Feature","properties":{"c":2,"s":"seg_42468848_3509302812"},"geometry":{"type":"LineString","coordinates":[[-73.97892,40.59293],[-73.97902,40.59299],[-73.9791,40.59304],[-73.9795,40.59328],[-73.97993,40.59354]]}},{"type":"Feature","properties":{"c":2,"s":"seg_42468848_3509302812"},"geometry":{"type":"LineString","coordinates":[[-73.97845,40.59265],[-73.97829,40.59254]]}},{"type":"Feature","properties":{"c":2,"s":"seg_42468848_3509302812"},"geometry":{"type":"LineString","coordinates":[[-73.97417,40.59012],[-73.97434,40.59018],[-73.9744,40.59021],[-73.97462,40.59034],[-73.97491,40.59051],[-73.97513,40.59064]]}},{"type":"Feature","properties":{"c":2,"s":"seg_10767156880_10767156881"},"geometry":{"type":"LineString","coordinates":[[-73.97417,40.59012],[-73.97422,40.59002],[-73.97424,40.58977],[-73.97425,40.58958],[-73.97436,40.58817],[-73.97437,40.58806],[-73.97437,40.58795]]}},{"type":"Feature","properties":{"c":2,"s":"seg_42473045_42526708"},"geometry":{"type":"LineString","coordinates":[[-73.98313,40.64022],[-73.98297,40.64037],[-73.98292,40.64042]]}},{"type":"Feature","properties":{"c":0,"s":"seg_42488218_42464054"},"geometry":{"type":"LineString","coordinates":[[-73.87288,40.67829],[-73.87301,40.67839],[-73.87313,40.67849],[-73.87325,40.67862],[-73.87343,40.67888],[-73.87345,40.67892],[-73.87394,40.67959],[-73.87417,40.67986],[-73.87429,40.67997],[-73.8744,40.68005],[-73.87452,40.68013],[-73.87467,40.6802],[-73.87484,40.68027],[-73.87513,40.68037],[-73.87525,40.68039],[-73.87551,40.68042],[-73.87577,40.68044],[-73.87604,40.68043],[-73.87648,40.68037]]}},{"type":"Feature","properties":{"c":3,"s":"seg_42518929_42525105"},"geometry":{"type":"LineString","coordinates":[[-73.87056,40.6698],[-73.87044,40.66982],[-73.87006,40.66987],[-73.86995,40.66989],[-73.86969,40.66992],[-73.8696,40.66993]]}},{"type":"Feature","properties":{"c":1,"s":"seg_42488278_42491450"},"geometry":{"type":"LineString","coordinates":[[-73.95554,40.70761],[-73.95547,40.70759],[-73.9541,40.70711],[-73.95402,40.70709]]}},{"type":"Feature","properties":{"c":1,"s":"seg_42488278_42491450"},"geometry":{"type":"LineString","coordinates":[[-73.95554,40.70761],[-73.95561,40.70764],[-73.95618,40.70783],[-73.95619,40.70783],[-73.95665,40.70799],[-73.95673,40.70802]]}},{"type":"Feature","properties":{"c":3,"s":"seg_42520579_42527647"},"geometry":{"type":"LineString","coordinates":[[-73.95313,40.71142],[-73.95305,40.7114],[-73.95299,40.71137],[-73.95263,40.71124],[-73.95216,40.71107],[-73.95213,40.71106],[-73.95212,40.71104],[-73.95211,40.71103],[-73.95209,40.71099],[-73.95208,40.71098],[-73.95207,40.7109]]}},{"type":"Feature","properties":{"c":3,"s":"seg_42520579_42527647"},"geometry":{"type":"LineString","coordinates":[[-73.95313,40.71142],[-73.95322,40.71145],[-73.95327,40.71147],[-73.95418,40.7118],[-73.95423,40.71182],[-73.95429,40.71184]]}},{"type":"Feature","properties":{"c":1,"s":"seg_42482591_42533770"},"geometry":{"type":"LineString","coordinates":[[-73.98255,40.60777],[-73.98263,40.60776],[-73.9834,40.60768],[-73.98348,40.60767]]}},{"type":"Feature","properties":{"c":1,"s":"seg_42482591_42533770"},"geometry":{"type":"LineString","coordinates":[[-73.98255,40.60777],[-73.98246,40.60778],[-73.98171,40.60786],[-73.98163,40.60787]]}},{"type":"Feature","properties":{"c":3,"s":"seg_42475790_3765548237"},"geometry":{"type":"LineString","coordinates":[[-74.00649,40.67719],[-74.00646,40.67725],[-74.00631,40.67756],[-74.00629,40.6776]]}},{"type":"Feature","properties":{"c":3,"s":"seg_42475790_3765548237"},"geometry":{"type":"LineString","coordinates":[[-74.00649,40.67719],[-74.00652,40.67713],[-74.00676,40.67662],[-74.00678,40.67657],[-74.00678,40.67656],[-74.00681,40.6765],[-74.00699,40.67614]]}},{"type":"Feature","properties":{"c":2,"s":"seg_42488411_42496172"},"geometry":{"type":"LineString","coordinates":[[-73.99777,40.67473],[-73.9977,40.67469],[-73.99742,40.67455],[-73.99731,40.6745],[-73.9968,40.67425],[-73.99666,40.67419],[-73.99659,40.67415],[-73.99636,40.67404],[-73.9963,40.67401],[-73.99625,40.67399],[-73.99614,40.67393],[-73.9957,40.67372],[-73.99543,40.67359],[-73.99506,40.67341],[-73.99486,40.67331],[-73.99378,40.6728],[-73.99347,40.67265],[-73.99338,40.6726]]}},{"type":"Feature","properties":{"c":2,"s":"seg_42501872_42466432"},"geometry":{"type":"LineString","coordinates":[[-73.97114,40.68954],[-73.97123,40.68955],[-73.972,40.68958],[-73.97204,40.68958],[-73.97214,40.68958]]}},{"type":"Feature","properties":{"c":2,"s":"seg_42467247_42488485"},"geometry":{"type":"LineString","coordinates":[[-74.0036,40.60063],[-74.0029,40.60027],[-74.00282,40.60021]]}},{"type":"Feature","properties":{"c":1,"s":"seg_597728004_597748756"},"geometry":{"type":"LineString","coordinates":[[-73.91,40.67636],[-73.91081,40.6764],[-73.91092,40.67641]]}},{"type":"Feature","properties":{"c":2,"s":"seg_42486313_42515022"},"geometry":{"type":"LineString","coordinates":[[-74.00606,40.68321],[-74.00604,40.68323],[-74.00601,40.68327],[-74.00599,40.68331],[-74.00596,40.68336],[-74.00594,40.6834]]}},{"type":"Feature","properties":{"c":3,"s":"seg_42475790_3765548237"},"geometry":{"type":"LineString","coordinates":[[-74.00397,40.68238],[-74.004,40.68232],[-74.00426,40.68178],[-74.00429,40.68171]]}},{"type":"Feature","properties":{"c":2,"s":"seg_42490860_42501633"},"geometry":{"type":"LineString","coordinates":[[-73.98807,40.61786],[-73.98798,40.61781],[-73.98596,40.61658],[-73.98586,40.61652]]}},{"type":"Feature","properties":{"c":2,"s":"seg_42490860_42501633"},"geometry":{"type":"LineString","coordinates":[[-73.98807,40.61786],[-73.98815,40.61791],[-73.99009,40.61907],[-73.99018,40.61913]]}},{"type":"Feature","properties":{"c":2,"s":"seg_42501645_42509571"},"geometry":{"type":"LineString","coordinates":[[-73.99397,40.61218],[-73.99389,40.61213],[-73.99366,40.61199],[-73.99202,40.611],[-73.99186,40.6109],[-73.99177,40.61085]]}},{"type":"Feature","properties":{"c":2,"s":"seg_42501645_42509571"},"geometry":{"type":"LineString","coordinates":[[-73.99397,40.61218],[-73.99405,40.61223],[-73.99431,40.61238],[-73.99582,40.6133],[-73.99589,40.61334],[-73.99598,40.6134]]}},{"type":"Feature","properties":{"c":2,"s":"seg_42467247_42488485"},"geometry":{"type":"LineString","coordinates":[[-74.00514,40.60143],[-74.00523,40.60148],[-74.00592,40.60184]]}},{"type":"Feature","properties":{"c":3,"s":"seg_42475790_3765548237"},"geometry":{"type":"LineString","coordinates":[[-74.00564,40.67891],[-74.00583,40.67853],[-74.00586,40.67846]]}},{"type":"Feature","properties":{"c":3,"s":"seg_42475790_3765548237"},"geometry":{"type":"LineString","coordinates":[[-74.00564,40.67891],[-74.00562,40.67897],[-74.00558,40.67904],[-74.00555,40.6791]]}},{"type":"Feature","properties":{"c":2,"s":"seg_42467247_42488485"},"geometry":{"type":"LineString","coordinates":[[-73.9994,40.59779],[-73.99916,40.59763],[-73.99907,40.59759],[-73.99896,40.59753]]}},{"type":"Feature","properties":{"c":1,"s":"seg_42505571_42505573"},"geometry":{"type":"LineString","coordinates":[[-73.91077,40.68309],[-73.91035,40.68285],[-73.91015,40.68273],[-73.91007,40.68268]]}},{"type":"Feature","properties":{"c":1,"s":"seg_42505571_42505573"},"geometry":{"type":"LineString","coordinates":[[-73.91077,40.68309],[-73.91091,40.68317],[-73.91118,40.68332],[-73.91145,40.68347],[-73.91152,40.68351]]}},{"type":"Feature","properties":{"c":2,"s":"seg_42488830_42509512"},"geometry":{"type":"LineString","coordinates":[[-74.03584,40.63337],[-74.03574,40.63335],[-74.03327,40.63276],[-74.03315,40.63273]]}},{"type":"Feature","properties":{"c":2,"s":"seg_42463529_42463202"},"geometry":{"type":"LineString","coordinates":[[-73.88825,40.63239],[-73.88818,40.63233],[-73.8875,40.63172],[-73.8873,40.63154],[-73.88721,40.63147],[-73.88715,40.63141]]}},{"type":"Feature","properties":{"c":1,"s":"seg_42496975_42475971"},"geometry":{"type":"LineString","coordinates":[[-73.98514,40.67454],[-73.98508,40.6746],[-73.98477,40.67498],[-73.98468,40.67509],[-73.98463,40.67514]]}},{"type":"Feature","properties":{"c":1,"s":"seg_42488967_42464054"},"geometry":{"type":"LineString","coordinates":[[-73.87488,40.68083],[-73.87648,40.68037]]}},{"type":"Feature","properties":{"c":2,"s":"seg_42489258_42489260"},"geometry":{"type":"LineString","coordinates":[[-73.96057,40.59018],[-73.96056,40.58995],[-73.96055,40.58977],[-73.96054,40.58974],[-73.96053,40.58953],[-73.96052,40.58945]]}},{"type":"Feature","properties":{"c":2,"s":"seg_42489258_42489260"},"geometry":{"type":"LineString","coordinates":[[-73.96057,40.59018],[-73.9606,40.59052],[-73.96062,40.59086]]}},{"type":"Feature","properties":{"c":1,"s":"seg_42505549_42505552"},"geometry":{"type":"LineString","coordinates":[[-73.91873,40.6876],[-73.91894,40.68772]]}},{"type":"Feature","properties":{"c":1,"s":"seg_42505549_42505552"},"geometry":{"type":"LineString","coordinates":[[-73.91906,40.68778],[-73.91894,40.68772]]}},{"type":"Feature","properties":{"c":2,"s":"seg_42489110_42489113"},"geometry":{"type":"LineString","coordinates":[[-73.97156,40.64882],[-73.97174,40.64943],[-73.97178,40.64959],[-73.97181,40.6497],[-73.97189,40.64995],[-73.97192,40.65006]]}},{"type":"Feature","properties":{"c":1,"s":"seg_42489110_42489113"},"geometry":{"type":"LineString","coordinates":[[-73.97121,40.64762],[-73.97109,40.64721],[-73.97097,40.64683],[-73.97094,40.64671],[-73.97093,40.64669],[-73.97087,40.64648],[-73.97084,40.64638]]}},{"type":"Feature","properties":{"c":2,"s":"seg_42489110_42489113"},"geometry":{"type":"LineString","coordinates":[[-73.97084,40.64638],[-73.97082,40.6463],[-73.97079,40.64615]]}},{"type":"Feature","properties":{"c":2,"s":"seg_42489110_42489113"},"geometry":{"type":"LineString","coordinates":[[-73.97009,40.64374],[-73.97007,40.64367],[-73.97,40.64345],[-73.96996,40.64329],[-73.96989,40.64303]]}},{"type":"Feature","properties":{"c":2,"s":"seg_42489110_42489113"},"geometry":{"type":"LineString","coordinates":[[-73.96989,40.64303],[-73.96988,40.64301],[-73.96979,40.6427],[-73.96971,40.64244],[-73.96969,40.64236]]}},{"type":"Feature","properties":{"c":2,"s":"seg_42489110_42489113"},"geometry":{"type":"LineString","coordinates":[[-73.96969,40.64236],[-73.96962,40.64214],[-73.96961,40.6421],[-73.96958,40.64202],[-73.96954,40.64187],[-73.96948,40.64169]]}},{"type":"Feature","properties":{"c":2,"s":"seg_42489110_42489113"},"geometry":{"type":"LineString","coordinates":[[-73.96948,40.64169],[-73.9694,40.64138]]}},{"type":"Feature","properties":{"c":2,"s":"seg_42489214_42489219"},"geometry":{"type":"LineString","coordinates":[[-73.96376,40.6173],[-73.96374,40.61722],[-73.96372,40.61713],[-73.96369,40.61696],[-73.96363,40.61663]]}},{"type":"Feature","properties":{"c":2,"s":"seg_42489214_42489219"},"geometry":{"type":"LineString","coordinates":[[-73.96363,40.61663],[-73.96357,40.61629],[-73.96355,40.61623]]}},{"type":"Feature","properties":{"c":2,"s":"seg_42489214_42489219"},"geometry":{"type":"LineString","coordinates":[[-73.96355,40.61623],[-73.96354,40.61617],[-73.96349,40.61588],[-73.96343,40.61556],[-73.96342,40.61553],[-73.96337,40.61528],[-73.96336,40.6152]]}},{"type":"Feature","properties":{"c":2,"s":"seg_42489214_42489219"},"geometry":{"type":"LineString","coordinates":[[-73.96336,40.6152],[-73.96335,40.61514],[-73.96329,40.61483],[-73.96328,40.61477],[-73.9629,40.61275],[-73.96287,40.61263],[-73.96286,40.61255]]}},{"type":"Feature","properties":{"c":2,"s":"seg_42489214_42489219"},"geometry":{"type":"LineString","coordinates":[[-73.96286,40.61255],[-73.96285,40.61248],[-73.9628,40.61224],[-73.96277,40.61205],[-73.96266,40.61148],[-73.96248,40.61053],[-73.96247,40.61047],[-73.96245,40.61035],[-73.96241,40.61018],[-73.9624,40.6101],[-73.96238,40.60999]]}},{"type":"Feature","properties":{"c":1,"s":"seg_42489210_42528437"},"geometry":{"type":"LineString","coordinates":[[-73.96238,40.60999],[-73.96221,40.61001],[-73.96211,40.61002],[-73.96192,40.61004],[-73.96146,40.61009],[-73.96137,40.6101]]}},{"type":"Feature","properties":{"c":1,"s":"seg_42489210_42528437"},"geometry":{"type":"LineString","coordinates":[[-73.96238,40.60999],[-73.96254,40.60997],[-73.96329,40.60989],[-73.96337,40.60988]]}},{"type":"Feature","properties":{"c":2,"s":"seg_42489214_42489219"},"geometry":{"type":"LineString","coordinates":[[-73.9619,40.60735],[-73.96189,40.60724],[-73.96188,40.60711],[-73.96186,40.60683],[-73.96177,40.60585],[-73.96175,40.60563],[-73.96174,40.60545],[-73.96173,40.60537]]}},{"type":"Feature","properties":{"c":2,"s":"seg_42489678_42520476"},"geometry":{"type":"LineString","coordinates":[[-73.9619,40.60735],[-73.96173,40.60741],[-73.96152,40.60749],[-73.961,40.60768],[-73.96091,40.60771]]}},{"type":"Feature","properties":{"c":2,"s":"seg_42489214_42489219"},"geometry":{"type":"LineString","coordinates":[[-73.96173,40.60537],[-73.96173,40.60528],[-73.96171,40.60506],[-73.96168,40.60467]]}},{"type":"Feature","properties":{"c":2,"s":"seg_42489214_42489219"},"geometry":{"type":"LineString","coordinates":[[-73.96168,40.60467],[-73.96166,40.60439],[-73.96165,40.60424],[-73.96159,40.60352],[-73.96157,40.60331],[-73.96156,40.6031],[-73.96155,40.60301]]}},{"type":"Feature","properties":{"c":2,"s":"seg_42489236_42489240"},"geometry":{"type":"LineString","coordinates":[[-73.96155,40.60301],[-73.96155,40.60293],[-73.96153,40.60271],[-73.96151,40.60252],[-73.96149,40.60228]]}},{"type":"Feature","properties":{"c":2,"s":"seg_42489236_42489240"},"geometry":{"type":"LineString","coordinates":[[-73.96149,40.60228],[-73.96145,40.6017]]}},{"type":"Feature","properties":{"c":2,"s":"seg_42489236_42489240"},"geometry":{"type":"LineString","coordinates":[[-73.96145,40.6017],[-73.9614,40.60111],[-73.96138,40.60086],[-73.96137,40.60067],[-73.96136,40.60059]]}},{"type":"Feature","properties":{"c":2,"s":"seg_42489236_42489240"},"geometry":{"type":"LineString","coordinates":[[-73.96136,40.60059],[-73.96136,40.60051],[-73.96135,40.60043],[-73.96134,40.60029],[-73.96134,40.60024],[-73.96133,40.60011],[-73.96122,40.59882],[-73.9612,40.59845],[-73.96119,40.5984],[-73.96118,40.59831]]}},{"type":"Feature","properties":{"c":2,"s":"seg_42489236_42489240"},"geometry":{"type":"LineString","coordinates":[[-73.96118,40.59831],[-73.96118,40.59823],[-73.96117,40.59816],[-73.96116,40.598],[-73.96116,40.5979],[-73.96115,40.5978],[-73.96113,40.59753],[-73.96107,40.59669],[-73.96105,40.59644],[-73.96103,40.59625],[-73.96103,40.59616]]}},{"type":"Feature","properties":{"c":2,"s":"seg_42489258_42489260"},"geometry":{"type":"LineString","coordinates":[[-73.96103,40.59616],[-73.96102,40.59608],[-73.96102,40.59602],[-73.96101,40.59591],[-73.961,40.59584],[-73.961,40.59581],[-73.96099,40.59571],[-73.96098,40.5955],[-73.96097,40.59535],[-73.96093,40.59488],[-73.96091,40.59469],[-73.96091,40.59461],[-73.9609,40.59444],[-73.96089,40.59437]]}},{"type":"Feature","properties":{"c":2,"s":"seg_42489258_42489260"},"geometry":{"type":"LineString","coordinates":[[-73.96089,40.59437],[-73.96089,40.5943],[-73.96087,40.59413],[-73.96086,40.59402],[-73.96085,40.59383],[-73.96085,40.59374]]}},{"type":"Feature","properties":{"c":2,"s":"seg_42489258_42489260"},"geometry":{"type":"LineString","coordinates":[[-73.96085,40.59374],[-73.96084,40.59367],[-73.96083,40.59349],[-73.96083,40.59345],[-73.96082,40.59331],[-73.9608,40.59301]]}},{"type":"Feature","properties":{"c":2,"s":"seg_42489258_42489260"},"geometry":{"type":"LineString","coordinates":[[-73.96069,40.5916],[-73.96068,40.59151],[-73.96066,40.59132],[-73.96066,40.59123],[-73.96062,40.59086]]}},{"type":"Feature","properties":{"c":2,"s":"seg_42489258_42489260"},"geometry":{"type":"LineString","coordinates":[[-73.96052,40.58945],[-73.96051,40.58937],[-73.9605,40.58917],[-73.96046,40.58872]]}},{"type":"Feature","properties":{"c":2,"s":"seg_42489258_42489260"},"geometry":{"type":"LineString","coordinates":[[-73.96046,40.58872],[-73.96044,40.58848],[-73.96043,40.58837],[-73.96042,40.58816],[-73.96041,40.58803]]}},{"type":"Feature","properties":{"c":2,"s":"seg_42489278_455447250"},"geometry":{"type":"LineString","coordinates":[[-73.96041,40.58803],[-73.96039,40.58776],[-73.96037,40.5876],[-73.96036,40.5874],[-73.96035,40.58731]]}},{"type":"Feature","properties":{"c":2,"s":"seg_42489278_455447250"},"geometry":{"type":"LineString","coordinates":[[-73.96035,40.58731],[-73.96035,40.58722],[-73.96034,40.58707],[-73.96032,40.58685],[-73.96031,40.58674],[-73.96031,40.58668]]}},{"type":"Feature","properties":{"c":2,"s":"seg_42489278_455447250"},"geometry":{"type":"LineString","coordinates":[[-73.96032,40.5865],[-73.96031,40.58668]]}},{"type":"Feature","properties":{"c":2,"s":"seg_42489278_455447250"},"geometry":{"type":"LineString","coordinates":[[-73.96032,40.5865],[-73.96047,40.58638],[-73.96052,40.58617],[-73.9605,40.58579]]}},{"type":"Feature","properties":{"c":2,"s":"seg_42489278_455447250"},"geometry":{"type":"LineString","coordinates":[[-73.96032,40.5865],[-73.96035,40.58619],[-73.96028,40.58516],[-73.9602,40.58419],[-73.96014,40.58356],[-73.96012,40.58348],[-73.96008,40.58335]]}},{"type":"Feature","properties":{"c":2,"s":"seg_42489278_455447250"},"geometry":{"type":"LineString","coordinates":[[-73.96006,40.58327],[-73.96008,40.58335]]}},{"type":"Feature","properties":{"c":2,"s":"seg_42489278_455447250"},"geometry":{"type":"LineString","coordinates":[[-73.96006,40.58327],[-73.96004,40.58312],[-73.96002,40.58293],[-73.96,40.5827],[-73.96,40.58266],[-73.95999,40.58263]]}},{"type":"Feature","properties":{"c":2,"s":"seg_42489278_455447250"},"geometry":{"type":"LineString","coordinates":[[-73.95999,40.58263],[-73.95998,40.58247],[-73.95995,40.58211],[-73.95995,40.58205],[-73.95994,40.58196]]}},{"type":"Feature","properties":{"c":2,"s":"seg_42475079_42489331"},"geometry":{"type":"LineString","coordinates":[[-73.95988,40.58117],[-73.95986,40.58082]]}},{"type":"Feature","properties":{"c":2,"s":"seg_42475079_42489331"},"geometry":{"type":"LineString","coordinates":[[-73.95986,40.58082],[-73.95983,40.58048]]}},{"type":"Feature","properties":{"c":2,"s":"seg_42475079_42489331"},"geometry":{"type":"LineString","coordinates":[[-73.95983,40.58048],[-73.95983,40.58041],[-73.95981,40.5802],[-73.95981,40.58015],[-73.9598,40.58009]]}},{"type":"Feature","properties":{"c":2,"s":"seg_42475079_42489331"},"geometry":{"type":"LineString","coordinates":[[-73.9598,40.58009],[-73.9598,40.58002],[-73.95979,40.57998],[-73.95979,40.57996],[-73.95978,40.57983],[-73.95977,40.57975],[-73.95975,40.57937]]}},{"type":"Feature","properties":{"c":2,"s":"seg_42475079_42489331"},"geometry":{"type":"LineString","coordinates":[[-73.95975,40.57937],[-73.95966,40.57837],[-73.95966,40.5783],[-73.95964,40.57812],[-73.95963,40.57799]]}},{"type":"Feature","properties":{"c":2,"s":"seg_42475079_42489331"},"geometry":{"type":"LineString","coordinates":[[-73.95949,40.57588],[-73.95947,40.57552]]}},{"type":"Feature","properties":{"c":1,"s":"seg_42510734_42516074"},"geometry":{"type":"LineString","coordinates":[[-73.99329,40.66492],[-73.99323,40.66498],[-73.9928,40.66539],[-73.99274,40.66546]]}},{"type":"Feature","properties":{"c":1,"s":"seg_597728022_597728004"},"geometry":{"type":"LineString","coordinates":[[-73.91276,40.67651],[-73.91359,40.67656],[-73.91368,40.67656]]}},{"type":"Feature","properties":{"c":1,"s":"seg_42470889_42491895"},"geometry":{"type":"LineString","coordinates":[[-73.92843,40.61497],[-73.92857,40.6151],[-73.92862,40.61514],[-73.92878,40.61528],[-73.92883,40.61533],[-73.92894,40.61543],[-73.92899,40.61548],[-73.92921,40.61567],[-73.92933,40.61578],[-73.92939,40.61583],[-73.92946,40.6159]]}},{"type":"Feature","properties":{"c":1,"s":"seg_42510396_42510401"},"geometry":{"type":"LineString","coordinates":[[-73.93254,40.65368],[-73.93263,40.65368],[-73.93289,40.65366],[-73.93312,40.65365],[-73.93341,40.65363],[-73.93351,40.65363]]}},{"type":"Feature","properties":{"c":1,"s":"seg_42510396_42510401"},"geometry":{"type":"LineString","coordinates":[[-73.93254,40.65368],[-73.93246,40.65369],[-73.93211,40.65371],[-73.9317,40.65374],[-73.93161,40.65374]]}},{"type":"Feature","properties":{"c":1,"s":"seg_42489678_42520476"},"geometry":{"type":"LineString","coordinates":[[-73.94997,40.61232],[-73.95004,40.61226],[-73.95026,40.61207],[-73.9505,40.61185],[-73.95065,40.61171],[-73.9507,40.61168],[-73.95077,40.61163]]}},{"type":"Feature","properties":{"c":1,"s":"seg_42489678_42520476"},"geometry":{"type":"LineString","coordinates":[[-73.94997,40.61232],[-73.9499,40.61239],[-73.94948,40.61276],[-73.94943,40.6128],[-73.94935,40.61288],[-73.94922,40.61299],[-73.94912,40.61308]]}},{"type":"Feature","properties":{"c":1,"s":"seg_42467292_42491690"},"geometry":{"type":"LineString","coordinates":[[-73.95891,40.65121],[-73.95889,40.65114],[-73.95882,40.65084],[-73.95879,40.65074],[-73.95873,40.65048],[-73.95871,40.65038]]}},{"type":"Feature","properties":{"c":1,"s":"seg_42467292_42491690"},"geometry":{"type":"LineString","coordinates":[[-73.95891,40.65121],[-73.95892,40.65129],[-73.95903,40.6517],[-73.95913,40.65206],[-73.95915,40.65214]]}},{"type":"Feature","properties":{"c":2,"s":"seg_42526068_42526066"},"geometry":{"type":"LineString","coordinates":[[-73.95257,40.65154],[-73.95257,40.65161],[-73.95263,40.65219],[-73.95265,40.65239],[-73.95266,40.65249]]}},{"type":"Feature","properties":{"c":2,"s":"seg_42472449_42493786"},"geometry":{"type":"LineString","coordinates":[[-73.99058,40.58908],[-73.99033,40.58878],[-73.99011,40.58852],[-73.99006,40.58845]]}},{"type":"Feature","properties":{"c":1,"s":"seg_42472136_42481948"},"geometry":{"type":"LineString","coordinates":[[-73.96089,40.66091],[-73.96084,40.66084],[-73.96075,40.6607],[-73.96071,40.66063],[-73.96067,40.66055],[-73.96065,40.66048]]}},{"type":"Feature","properties":{"c":3,"s":"seg_42493279_42514760"},"geometry":{"type":"LineString","coordinates":[[-73.94783,40.66175],[-73.94773,40.66175],[-73.94569,40.66187],[-73.94557,40.66188]]}},{"type":"Feature","properties":{"c":1,"s":"seg_42521217_2620907651"},"geometry":{"type":"LineString","coordinates":[[-74.01601,40.64307],[-74.01596,40.64313],[-74.01556,40.6435],[-74.01548,40.64359],[-74.01543,40.64363]]}},{"type":"Feature","properties":{"c":2,"s":"seg_42517380_42530073"},"geometry":{"type":"LineString","coordinates":[[-73.99399,40.62978],[-73.99394,40.62983],[-73.99377,40.63],[-73.99346,40.63029],[-73.99341,40.63034]]}},{"type":"Feature","properties":{"c":1,"s":"seg_42504156_42504158"},"geometry":{"type":"LineString","coordinates":[[-73.93111,40.70379],[-73.93102,40.70383],[-73.93024,40.70413]]}},{"type":"Feature","properties":{"c":1,"s":"seg_42504156_42504158"},"geometry":{"type":"LineString","coordinates":[[-73.93111,40.70379],[-73.9312,40.70376],[-73.93193,40.70346]]}},{"type":"Feature","properties":{"c":1,"s":"seg_42490339_42524611"},"geometry":{"type":"LineString","coordinates":[[-73.93481,40.71339],[-73.93473,40.71341],[-73.93469,40.71342],[-73.93349,40.71371],[-73.93331,40.71376],[-73.93318,40.71379]]}},{"type":"Feature","properties":{"c":2,"s":"seg_42490584_42478936"},"geometry":{"type":"LineString","coordinates":[[-73.88206,40.68493],[-73.88186,40.68413],[-73.88166,40.68334],[-73.88165,40.68327]]}},{"type":"Feature","properties":{"c":3,"s":"seg_42490584_42478936"},"geometry":{"type":"LineString","coordinates":[[-73.88116,40.68136],[-73.88114,40.68131],[-73.8811,40.68114],[-73.88108,40.68108]]}},{"type":"Feature","properties":{"c":1,"s":"seg_42505549_42505552"},"geometry":{"type":"LineString","coordinates":[[-73.91605,40.68607],[-73.91611,40.68611],[-73.91657,40.68637]]}},{"type":"Feature","properties":{"c":1,"s":"seg_42505549_42505552"},"geometry":{"type":"LineString","coordinates":[[-73.91605,40.68607],[-73.91599,40.68604],[-73.9157,40.68588],[-73.91567,40.68586],[-73.91548,40.68575]]}},{"type":"Feature","properties":{"c":1,"s":"seg_42492107_42504068"},"geometry":{"type":"LineString","coordinates":[[-73.95518,40.69919],[-73.95514,40.6992],[-73.95436,40.69929],[-73.95429,40.6993]]}},{"type":"Feature","properties":{"c":1,"s":"seg_42492107_42504068"},"geometry":{"type":"LineString","coordinates":[[-73.95518,40.69919],[-73.95525,40.69919],[-73.95608,40.69909]]}},{"type":"Feature","properties":{"c":1,"s":"seg_42481534_42482227"},"geometry":{"type":"LineString","coordinates":[[-73.95431,40.69479],[-73.95424,40.6948],[-73.95349,40.69488],[-73.95341,40.69489]]}},{"type":"Feature","properties":{"c":1,"s":"seg_42481534_42482227"},"geometry":{"type":"LineString","coordinates":[[-73.95431,40.69479],[-73.95438,40.69478],[-73.95513,40.6947],[-73.9552,40.69469]]}},{"type":"Feature","properties":{"c":2,"s":"seg_42501872_42466432"},"geometry":{"type":"LineString","coordinates":[[-73.95357,40.69112],[-73.9544,40.69102],[-73.95446,40.69101]]}},{"type":"Feature","properties":{"c":2,"s":"seg_42490860_42501633"},"geometry":{"type":"LineString","coordinates":[[-73.99492,40.62199],[-73.99485,40.62195],[-73.99256,40.62057],[-73.99247,40.62051]]}},{"type":"Feature","properties":{"c":2,"s":"seg_42490860_42501633"},"geometry":{"type":"LineString","coordinates":[[-73.99492,40.62199],[-73.99502,40.62205],[-73.99576,40.6225],[-73.99627,40.6228],[-73.99704,40.62328],[-73.99712,40.62333]]}},{"type":"Feature","properties":{"c":2,"s":"seg_42490878_42509560"},"geometry":{"type":"LineString","coordinates":[[-74.00082,40.61631],[-74.00092,40.61637],[-74.00294,40.6176],[-74.00302,40.61765]]}},{"type":"Feature","properties":{"c":2,"s":"seg_42486209_42490890"},"geometry":{"type":"LineString","coordinates":[[-74.01237,40.60522],[-74.01247,40.60527],[-74.01272,40.6054],[-74.01279,40.60543],[-74.01316,40.60562]]}},{"type":"Feature","properties":{"c":1,"s":"seg_42488278_42491450"},"geometry":{"type":"LineString","coordinates":[[-73.9525,40.70657],[-73.95244,40.70655],[-73.95229,40.70649]]}},{"type":"Feature","properties":{"c":1,"s":"seg_42488278_42491450"},"geometry":{"type":"LineString","coordinates":[[-73.9525,40.70657],[-73.95258,40.7066],[-73.95285,40.70669],[-73.95291,40.70671]]}},{"type":"Feature","properties":{"c":1,"s":"seg_42488278_42491450"},"geometry":{"type":"LineString","coordinates":[[-73.95291,40.70671],[-73.95304,40.70675],[-73.95396,40.70707],[-73.95402,40.70709]]}},{"type":"Feature","properties":{"c":2,"s":"seg_42490980_42520773"},"geometry":{"type":"LineString","coordinates":[[-73.95335,40.57927],[-73.95337,40.57934],[-73.9534,40.57952],[-73.95357,40.58042],[-73.95379,40.58161],[-73.9538,40.58164],[-73.95383,40.58175]]}},{"type":"Feature","properties":{"c":2,"s":"seg_42472058_42500825"},"geometry":{"type":"LineString","coordinates":[[-73.90817,40.63881],[-73.90824,40.63877],[-73.90842,40.63865],[-73.90861,40.63853],[-73.90881,40.6384],[-73.90888,40.63835]]}},{"type":"Feature","properties":{"c":2,"s":"seg_42493957_42493960"},"geometry":{"type":"LineString","coordinates":[[-73.92048,40.6497],[-73.92047,40.6496],[-73.92038,40.64883],[-73.92038,40.64878]]}},{"type":"Feature","properties":{"c":1,"s":"seg_42488278_42491450"},"geometry":{"type":"LineString","coordinates":[[-73.94586,40.703],[-73.94545,40.70277]]}},{"type":"Feature","properties":{"c":1,"s":"seg_42488278_42491450"},"geometry":{"type":"LineString","coordinates":[[-73.94586,40.703],[-73.94616,40.70317],[-73.94624,40.70322]]}},{"type":"Feature","properties":{"c":1,"s":"seg_42520579_42527647"},"geometry":{"type":"LineString","coordinates":[[-73.94724,40.71132],[-73.94733,40.71132],[-73.94849,40.71121],[-73.9488,40.71118],[-73.94889,40.71117]]}},{"type":"Feature","properties":{"c":1,"s":"seg_42520579_42527647"},"geometry":{"type":"LineString","coordinates":[[-73.94724,40.71132],[-73.94716,40.71133],[-73.94711,40.71134],[-73.94599,40.71144],[-73.94572,40.71147],[-73.94568,40.71147],[-73.9456,40.71148]]}},{"type":"Feature","properties":{"c":2,"s":"seg_42514448_42514451"},"geometry":{"type":"LineString","coordinates":[[-73.95346,40.73028],[-73.95351,40.73028],[-73.95415,40.73022],[-73.95425,40.73021]]}},{"type":"Feature","properties":{"c":2,"s":"seg_42514448_42514451"},"geometry":{"type":"LineString","coordinates":[[-73.95346,40.73028],[-73.95308,40.73032],[-73.95251,40.73037]]}},{"type":"Feature","properties":{"c":2,"s":"seg_42469540_42503083"},"geometry":{"type":"LineString","coordinates":[[-73.98468,40.59366],[-73.98464,40.59355]]}},{"type":"Feature","properties":{"c":2,"s":"seg_42491331_42522525"},"geometry":{"type":"LineString","coordinates":[[-74.01348,40.61104],[-74.01355,40.61098],[-74.01364,40.61088],[-74.01438,40.61017],[-74.01515,40.60943],[-74.01522,40.60936]]}},{"type":"Feature","properties":{"c":0,"s":"seg_598043784_598043787"},"geometry":{"type":"LineString","coordinates":[[-73.98459,40.69597],[-73.98438,40.69596]]}},{"type":"Feature","properties":{"c":1,"s":"seg_42465230_4207763060"},"geometry":{"type":"LineString","coordinates":[[-73.97748,40.68406],[-73.9772,40.68396],[-73.9771,40.68392],[-73.97666,40.68375]]}},{"type":"Feature","properties":{"c":1,"s":"seg_42481948_544352735"},"geometry":{"type":"LineString","coordinates":[[-73.9714,40.67572],[-73.97137,40.67568],[-73.9711,40.67532],[-73.97105,40.67525]]}},{"type":"Feature","properties":{"c":1,"s":"seg_42481948_544352735"},"geometry":{"type":"LineString","coordinates":[[-73.97105,40.67525],[-73.97098,40.67515],[-73.97097,40.67513],[-73.97083,40.67493]]}},{"type":"Feature","properties":{"c":1,"s":"seg_42491730_42491734"},"geometry":{"type":"LineString","coordinates":[[-73.95404,40.63888],[-73.95423,40.63907],[-73.95427,40.63911]]}},{"type":"Feature","properties":{"c":1,"s":"seg_42491730_42491734"},"geometry":{"type":"LineString","coordinates":[[-73.95404,40.63888],[-73.95401,40.63885],[-73.95395,40.63878],[-73.95374,40.63857]]}},{"type":"Feature","properties":{"c":1,"s":"seg_42472136_42481948"},"geometry":{"type":"LineString","coordinates":[[-73.9605,40.65878],[-73.96046,40.6584]]}},{"type":"Feature","properties":{"c":1,"s":"seg_42467292_42491690"},"geometry":{"type":"LineString","coordinates":[[-73.96046,40.6584],[-73.96044,40.6582],[-73.96043,40.65814],[-73.96041,40.65805]]}},{"type":"Feature","properties":{"c":1,"s":"seg_42467292_42491690"},"geometry":{"type":"LineString","coordinates":[[-73.96041,40.65805],[-73.9604,40.65798],[-73.96031,40.65757],[-73.96024,40.65723]]}},{"type":"Feature","properties":{"c":1,"s":"seg_42467292_42491690"},"geometry":{"type":"LineString","coordinates":[[-73.96024,40.65723],[-73.96013,40.65676]]}},{"type":"Feature","properties":{"c":1,"s":"seg_42467292_42491690"},"geometry":{"type":"LineString","coordinates":[[-73.96013,40.65676],[-73.96009,40.65657],[-73.96007,40.65649]]}},{"type":"Feature","properties":{"c":1,"s":"seg_42467292_42491690"},"geometry":{"type":"LineString","coordinates":[[-73.96007,40.65649],[-73.96006,40.65643],[-73.95994,40.65596],[-73.95988,40.65573],[-73.95986,40.65564]]}},{"type":"Feature","properties":{"c":1,"s":"seg_42467292_42491690"},"geometry":{"type":"LineString","coordinates":[[-73.95986,40.65564],[-73.95984,40.65555],[-73.95981,40.6554],[-73.95979,40.65529],[-73.95971,40.65492],[-73.9597,40.65484]]}},{"type":"Feature","properties":{"c":2,"s":"seg_42484796_42510355"},"geometry":{"type":"LineString","coordinates":[[-73.95915,40.65214],[-73.95903,40.65215],[-73.95902,40.65215],[-73.95853,40.65218],[-73.95729,40.65225],[-73.95665,40.65226],[-73.95659,40.65226],[-73.95643,40.65227]]}},{"type":"Feature","properties":{"c":1,"s":"seg_42467292_42491690"},"geometry":{"type":"LineString","coordinates":[[-73.95871,40.65038],[-73.95869,40.65031],[-73.95861,40.65],[-73.95855,40.64979],[-73.95844,40.64931],[-73.95827,40.6486],[-73.95826,40.64853]]}},{"type":"Feature","properties":{"c":1,"s":"seg_42491730_42491734"},"geometry":{"type":"LineString","coordinates":[[-73.95804,40.6453],[-73.95803,40.64517],[-73.95802,40.64507]]}},{"type":"Feature","properties":{"c":1,"s":"seg_42491730_42491734"},"geometry":{"type":"LineString","coordinates":[[-73.95802,40.64507],[-73.95801,40.645],[-73.95798,40.64466],[-73.95797,40.6446],[-73.95797,40.64457]]}},{"type":"Feature","properties":{"c":1,"s":"seg_42491730_42491734"},"geometry":{"type":"LineString","coordinates":[[-73.95797,40.64457],[-73.95796,40.6445],[-73.95794,40.64433],[-73.95793,40.6442],[-73.9579,40.64405]]}},{"type":"Feature","properties":{"c":1,"s":"seg_42491730_42491734"},"geometry":{"type":"LineString","coordinates":[[-73.95764,40.64269],[-73.95766,40.64278],[-73.95771,40.64308],[-73.9578,40.64353],[-73.95783,40.64366],[-73.95789,40.64398],[-73.9579,40.64405]]}},{"type":"Feature","properties":{"c":1,"s":"seg_42491730_42491734"},"geometry":{"type":"LineString","coordinates":[[-73.95707,40.64196],[-73.95592,40.64079],[-73.95576,40.64063],[-73.95573,40.6406],[-73.95566,40.64053]]}},{"type":"Feature","properties":{"c":1,"s":"seg_42491730_42491734"},"geometry":{"type":"LineString","coordinates":[[-73.95566,40.64053],[-73.95559,40.64046],[-73.95547,40.64033],[-73.95539,40.64025],[-73.95503,40.63989],[-73.95485,40.63971],[-73.9548,40.63966],[-73.95475,40.6396]]}},{"type":"Feature","properties":{"c":1,"s":"seg_42491730_42491734"},"geometry":{"type":"LineString","coordinates":[[-73.95427,40.63911],[-73.95434,40.63919],[-73.95439,40.63923],[-73.95465,40.6395],[-73.95469,40.63954],[-73.95475,40.6396]]}},{"type":"Feature","properties":{"c":1,"s":"seg_42491730_42491734"},"geometry":{"type":"LineString","coordinates":[[-73.95374,40.63857],[-73.95361,40.63843]]}},{"type":"Feature","properties":{"c":1,"s":"seg_9258552694_9258589444"},"geometry":{"type":"LineString","coordinates":[[-73.94995,40.63498],[-73.94957,40.63463],[-73.94953,40.63459],[-73.94945,40.63451]]}},{"type":"Feature","properties":{"c":1,"s":"seg_9258552694_9258589444"},"geometry":{"type":"LineString","coordinates":[[-73.94995,40.63498],[-73.95086,40.63584],[-73.95097,40.63595],[-73.95102,40.636],[-73.95111,40.63608]]}},{"type":"Feature","properties":{"c":1,"s":"seg_42464439_42491799"},"geometry":{"type":"LineString","coordinates":[[-73.94481,40.63012],[-73.94457,40.6299],[-73.94455,40.62988],[-73.94454,40.62987]]}},{"type":"Feature","properties":{"c":1,"s":"seg_42464439_42491799"},"geometry":{"type":"LineString","coordinates":[[-73.94454,40.62987],[-73.94425,40.62959],[-73.94417,40.62952]]}},{"type":"Feature","properties":{"c":1,"s":"seg_42464439_42491799"},"geometry":{"type":"LineString","coordinates":[[-73.94417,40.62952],[-73.94408,40.62944],[-73.94393,40.6293],[-73.94333,40.62873]]}},{"type":"Feature","properties":{"c":1,"s":"seg_42464439_42491799"},"geometry":{"type":"LineString","coordinates":[[-73.94333,40.62873],[-73.9427,40.62814],[-73.94234,40.62779]]}},{"type":"Feature","properties":{"c":1,"s":"seg_42491841_7960202505"},"geometry":{"type":"LineString","coordinates":[[-73.94184,40.62732],[-73.94177,40.62725],[-73.9412,40.62671]]}},{"type":"Feature","properties":{"c":1,"s":"seg_42491841_7960202505"},"geometry":{"type":"LineString","coordinates":[[-73.9412,40.62671],[-73.94118,40.6267],[-73.94101,40.62654]]}},{"type":"Feature","properties":{"c":1,"s":"seg_42491841_7960202505"},"geometry":{"type":"LineString","coordinates":[[-73.94101,40.62654],[-73.94011,40.62568]]}},{"type":"Feature","properties":{"c":1,"s":"seg_42491841_7960202505"},"geometry":{"type":"LineString","coordinates":[[-73.94011,40.62568],[-73.94001,40.62559],[-73.93991,40.62549]]}},{"type":"Feature","properties":{"c":1,"s":"seg_42491841_7960202505"},"geometry":{"type":"LineString","coordinates":[[-73.93991,40.62549],[-73.93986,40.62544]]}},{"type":"Feature","properties":{"c":1,"s":"seg_42491841_7960202505"},"geometry":{"type":"LineString","coordinates":[[-73.93986,40.62544],[-73.93975,40.62534],[-73.93961,40.62521]]}},{"type":"Feature","properties":{"c":1,"s":"seg_42491841_7960202505"},"geometry":{"type":"LineString","coordinates":[[-73.93961,40.62521],[-73.93952,40.62513],[-73.93923,40.62485],[-73.93864,40.62429],[-73.93857,40.62423]]}},{"type":"Feature","properties":{"c":1,"s":"seg_42491841_7960202505"},"geometry":{"type":"LineString","coordinates":[[-73.93798,40.62368],[-73.93817,40.62385],[-73.93846,40.62412],[-73.93857,40.62423]]}},{"type":"Feature","properties":{"c":1,"s":"seg_42491841_7960202505"},"geometry":{"type":"LineString","coordinates":[[-73.93798,40.62368],[-73.93737,40.62309],[-73.93729,40.62302]]}},{"type":"Feature","properties":{"c":1,"s":"seg_42491841_7960202505"},"geometry":{"type":"LineString","coordinates":[[-73.93729,40.62302],[-73.93721,40.62295],[-73.93709,40.62283],[-73.93708,40.62282],[-73.93702,40.62276],[-73.93691,40.62266],[-73.93679,40.62254],[-73.93673,40.62249]]}},{"type":"Feature","properties":{"c":1,"s":"seg_42491841_7960202505"},"geometry":{"type":"LineString","coordinates":[[-73.93664,40.6224],[-73.93673,40.62249]]}},{"type":"Feature","properties":{"c":1,"s":"seg_42491841_7960202505"},"geometry":{"type":"LineString","coordinates":[[-73.93664,40.6224],[-73.93654,40.62231]]}},{"type":"Feature","properties":{"c":1,"s":"seg_42491856_42511753"},"geometry":{"type":"LineString","coordinates":[[-73.93664,40.6224],[-73.93681,40.62234],[-73.93689,40.62231],[-73.93718,40.62221],[-73.93734,40.62215],[-73.93742,40.62212],[-73.93751,40.62209]]}},{"type":"Feature","properties":{"c":1,"s":"seg_42491856_42511753"},"geometry":{"type":"LineString","coordinates":[[-73.93664,40.6224],[-73.93651,40.62247],[-73.93601,40.62279],[-73.93599,40.6228],[-73.93591,40.6229],[-73.93562,40.62357]]}},{"type":"Feature","properties":{"c":1,"s":"seg_42491841_7960202505"},"geometry":{"type":"LineString","coordinates":[[-73.93613,40.62192],[-73.93622,40.62201],[-73.93635,40.62213],[-73.93644,40.62221],[-73.93649,40.62226],[-73.93654,40.62231]]}},{"type":"Feature","properties":{"c":1,"s":"seg_42491841_7960202505"},"geometry":{"type":"LineString","coordinates":[[-73.93613,40.62192],[-73.9357,40.62152],[-73.93546,40.62129],[-73.93538,40.62122]]}},{"type":"Feature","properties":{"c":1,"s":"seg_42491841_7960202505"},"geometry":{"type":"LineString","coordinates":[[-73.93538,40.62122],[-73.93531,40.62116],[-73.93499,40.62087]]}},{"type":"Feature","properties":{"c":1,"s":"seg_42470889_42491895"},"geometry":{"type":"LineString","coordinates":[[-73.93499,40.62087],[-73.93497,40.62085],[-73.93487,40.62076],[-73.93463,40.62054],[-73.93462,40.62054],[-73.93417,40.62013]]}},{"type":"Feature","properties":{"c":1,"s":"seg_42470889_42491895"},"geometry":{"type":"LineString","coordinates":[[-73.93417,40.62013],[-73.93362,40.61964],[-73.93354,40.61957]]}},{"type":"Feature","properties":{"c":1,"s":"seg_42470889_42491895"},"geometry":{"type":"LineString","coordinates":[[-73.93354,40.61957],[-73.93347,40.61951],[-73.93325,40.61931],[-73.93315,40.61922],[-73.93292,40.61901]]}},{"type":"Feature","properties":{"c":1,"s":"seg_42470889_42491895"},"geometry":{"type":"LineString","coordinates":[[-73.93292,40.61901],[-73.93266,40.61878],[-73.93249,40.61863],[-73.93242,40.61856]]}},{"type":"Feature","properties":{"c":1,"s":"seg_42470889_42491895"},"geometry":{"type":"LineString","coordinates":[[-73.9306,40.61692],[-73.93058,40.6169],[-73.93054,40.61687],[-73.93035,40.6167],[-73.93024,40.6166],[-73.92999,40.61637],[-73.9299,40.61629]]}},{"type":"Feature","properties":{"c":1,"s":"seg_42470889_42491895"},"geometry":{"type":"LineString","coordinates":[[-73.9299,40.61629],[-73.92984,40.61624],[-73.92965,40.61607],[-73.92946,40.6159]]}},{"type":"Feature","properties":{"c":1,"s":"seg_12726268810_3527276336"},"geometry":{"type":"LineString","coordinates":[[-73.92735,40.61401],[-73.92727,40.61394],[-73.92718,40.61386],[-73.92715,40.61384],[-73.92703,40.61373],[-73.92694,40.61365],[-73.92677,40.6135],[-73.92665,40.61339]]}},{"type":"Feature","properties":{"c":1,"s":"seg_12726268810_3527276336"},"geometry":{"type":"LineString","coordinates":[[-73.92665,40.61339],[-73.92652,40.61323],[-73.9265,40.61321],[-73.92647,40.61317],[-73.92637,40.61308],[-73.9263,40.61301]]}},{"type":"Feature","properties":{"c":1,"s":"seg_12726268810_3527276336"},"geometry":{"type":"LineString","coordinates":[[-73.92517,40.61228],[-73.92535,40.61243],[-73.92564,40.61266],[-73.92596,40.61291],[-73.92602,40.61295],[-73.92612,40.61304]]}},{"type":"Feature","properties":{"c":1,"s":"seg_12726268810_3527276336"},"geometry":{"type":"LineString","coordinates":[[-73.92425,40.61153],[-73.92436,40.61162],[-73.92503,40.61217],[-73.92517,40.61228]]}},{"type":"Feature","properties":{"c":1,"s":"seg_3527276331_3527276327"},"geometry":{"type":"LineString","coordinates":[[-73.92234,40.60985],[-73.92245,40.60995]]}},{"type":"Feature","properties":{"c":3,"s":"seg_42524489_42531283"},"geometry":{"type":"LineString","coordinates":[[-73.92234,40.60985],[-73.92223,40.60992],[-73.92193,40.61011],[-73.92107,40.61066],[-73.92068,40.61092],[-73.92051,40.61103],[-73.92043,40.61108],[-73.92041,40.6111],[-73.92036,40.61113],[-73.92002,40.61134],[-73.91982,40.61147],[-73.91979,40.6115],[-73.91971,40.61161]]}},{"type":"Feature","properties":{"c":1,"s":"seg_3527276331_3527276327"},"geometry":{"type":"LineString","coordinates":[[-73.9206,40.60827],[-73.92069,40.60835],[-73.92077,40.60841],[-73.92082,40.60846],[-73.921,40.60863],[-73.92107,40.6087],[-73.9215,40.60909]]}},{"type":"Feature","properties":{"c":2,"s":"seg_42492091_2473602887"},"geometry":{"type":"LineString","coordinates":[[-73.95317,40.73822],[-73.95328,40.73821],[-73.95379,40.73816],[-73.95452,40.7381],[-73.9552,40.73803],[-73.95528,40.73802],[-73.95531,40.73802],[-73.95534,40.73801],[-73.95537,40.738]]}},{"type":"Feature","properties":{"c":2,"s":"seg_2987758879_7725544404"},"geometry":{"type":"LineString","coordinates":[[-73.95317,40.73822],[-73.95321,40.73813],[-73.95323,40.73807],[-73.95325,40.73802],[-73.95326,40.73797],[-73.95326,40.73792],[-73.95326,40.73788],[-73.95321,40.73757],[-73.9532,40.7375]]}},{"type":"Feature","properties":{"c":1,"s":"seg_42492107_42504068"},"geometry":{"type":"LineString","coordinates":[[-73.95796,40.69882],[-73.95789,40.69883],[-73.95759,40.69888],[-73.95714,40.69895],[-73.95702,40.69897]]}},{"type":"Feature","properties":{"c":1,"s":"seg_42492107_42504068"},"geometry":{"type":"LineString","coordinates":[[-73.95796,40.69882],[-73.95803,40.69881],[-73.95878,40.69869],[-73.95886,40.69868]]}},{"type":"Feature","properties":{"c":1,"s":"seg_42481534_42482227"},"geometry":{"type":"LineString","coordinates":[[-73.95709,40.69447],[-73.95702,40.69448],[-73.95673,40.69451],[-73.95625,40.69457],[-73.95614,40.69458]]}},{"type":"Feature","properties":{"c":1,"s":"seg_42481534_42482227"},"geometry":{"type":"LineString","coordinates":[[-73.95709,40.69447],[-73.95716,40.69446],[-73.95791,40.69438],[-73.958,40.69437]]}},{"type":"Feature","properties":{"c":2,"s":"seg_42501872_42466432"},"geometry":{"type":"LineString","coordinates":[[-73.95636,40.6908],[-73.95643,40.69079],[-73.95714,40.69071],[-73.95718,40.69071],[-73.95727,40.69069]]}},{"type":"Feature","properties":{"c":2,"s":"seg_42520247_42481558"},"geometry":{"type":"LineString","coordinates":[[-73.95607,40.68934],[-73.95524,40.68944],[-73.95513,40.68945]]}},{"type":"Feature","properties":{"c":1,"s":"seg_42466454_42497784"},"geometry":{"type":"LineString","coordinates":[[-73.98917,40.68861],[-73.98909,40.68858],[-73.98878,40.68846],[-73.98809,40.6882],[-73.98726,40.68787],[-73.98707,40.6878],[-73.987,40.68777]]}},{"type":"Feature","properties":{"c":1,"s":"seg_42466454_42497784"},"geometry":{"type":"LineString","coordinates":[[-73.98917,40.68861],[-73.98926,40.68865],[-73.98994,40.68889],[-73.99034,40.68903],[-73.9904,40.68905],[-73.99048,40.68907]]}},{"type":"Feature","properties":{"c":1,"s":"seg_42501277_42505519"},"geometry":{"type":"LineString","coordinates":[[-73.93314,40.6958],[-73.93304,40.69574],[-73.93245,40.69541],[-73.93237,40.69536]]}},{"type":"Feature","properties":{"c":1,"s":"seg_42501277_42505519"},"geometry":{"type":"LineString","coordinates":[[-73.93314,40.6958],[-73.93323,40.69585],[-73.93383,40.69618]]}},{"type":"Feature","properties":{"c":1,"s":"seg_42477890_42517070"},"geometry":{"type":"LineString","coordinates":[[-73.93131,40.69742],[-73.93212,40.69733],[-73.93227,40.69732]]}},{"type":"Feature","properties":{"c":1,"s":"seg_42477890_42517070"},"geometry":{"type":"LineString","coordinates":[[-73.93131,40.69742],[-73.93122,40.69743],[-73.93115,40.69744]]}},{"type":"Feature","properties":{"c":0,"s":"seg_598043784_598043787"},"geometry":{"type":"LineString","coordinates":[[-73.98888,40.69612],[-73.98875,40.69612],[-73.98865,40.69611]]}},{"type":"Feature","properties":{"c":2,"s":"seg_42470780_42508104"},"geometry":{"type":"LineString","coordinates":[[-74.03283,40.62633],[-74.03285,40.62627],[-74.03287,40.62623],[-74.03295,40.62604],[-74.03308,40.62571],[-74.03311,40.62565]]}},{"type":"Feature","properties":{"c":2,"s":"seg_42470780_42508104"},"geometry":{"type":"LineString","coordinates":[[-74.03283,40.62633],[-74.0328,40.6264],[-74.03258,40.62696],[-74.03256,40.62701]]}},{"type":"Feature","properties":{"c":1,"s":"seg_42477666_42485203"},"geometry":{"type":"LineString","coordinates":[[-74.02744,40.62502],[-74.02747,40.62496],[-74.0277,40.62438],[-74.02773,40.62431]]}},{"type":"Feature","properties":{"c":1,"s":"seg_42477666_42485203"},"geometry":{"type":"LineString","coordinates":[[-74.02744,40.62502],[-74.02741,40.62509],[-74.02718,40.62567],[-74.02715,40.62573]]}},{"type":"Feature","properties":{"c":2,"s":"seg_42487939_42491331"},"geometry":{"type":"LineString","coordinates":[[-74.00992,40.61446],[-74.00997,40.61441],[-74.01045,40.61395],[-74.0105,40.6139]]}},{"type":"Feature","properties":{"c":2,"s":"seg_42487939_42491331"},"geometry":{"type":"LineString","coordinates":[[-74.00992,40.61446],[-74.00987,40.61451],[-74.00938,40.61497],[-74.00934,40.61501]]}},{"type":"Feature","properties":{"c":2,"s":"seg_42474631_42491304"},"geometry":{"type":"LineString","coordinates":[[-73.98588,40.59996],[-73.98593,40.60024],[-73.98594,40.60033]]}},{"type":"Feature","properties":{"c":1,"s":"seg_42489210_42528437"},"geometry":{"type":"LineString","coordinates":[[-73.95574,40.61073],[-73.95583,40.61072],[-73.95659,40.61063],[-73.95671,40.61062]]}},{"type":"Feature","properties":{"c":2,"s":"seg_42489678_42520476"},"geometry":{"type":"LineString","coordinates":[[-73.9556,40.60995],[-73.95569,40.60992],[-73.95641,40.60959],[-73.9565,40.60954]]}},{"type":"Feature","properties":{"c":1,"s":"seg_597728043_597728029"},"geometry":{"type":"LineString","coordinates":[[-73.91739,40.67677],[-73.91821,40.67682],[-73.9183,40.67683]]}},{"type":"Feature","properties":{"c":1,"s":"seg_42473012_42521198"},"geometry":{"type":"LineString","coordinates":[[-74.01135,40.64755],[-74.01129,40.64761],[-74.01092,40.64797],[-74.01082,40.64807],[-74.01077,40.64811]]}},{"type":"Feature","properties":{"c":2,"s":"seg_42473045_42526708"},"geometry":{"type":"LineString","coordinates":[[-73.98933,40.63426],[-73.98928,40.63431],[-73.9888,40.63477],[-73.98875,40.63482]]}},{"type":"Feature","properties":{"c":2,"s":"seg_42506224_42506228"},"geometry":{"type":"LineString","coordinates":[[-74.01797,40.65155],[-74.01788,40.65163],[-74.01759,40.65191],[-74.01738,40.65211]]}},{"type":"Feature","properties":{"c":1,"s":"seg_1372888841_1372888679"},"geometry":{"type":"LineString","coordinates":[[-73.99737,40.661],[-73.99731,40.66105],[-73.99684,40.6615],[-73.99678,40.66156]]}},{"type":"Feature","properties":{"c":1,"s":"seg_42493127_42530659"},"geometry":{"type":"LineString","coordinates":[[-73.93342,40.6257],[-73.93353,40.62561],[-73.93358,40.62557],[-73.93367,40.62549],[-73.93396,40.62524],[-73.93428,40.62495]]}},{"type":"Feature","properties":{"c":1,"s":"seg_42493127_42530659"},"geometry":{"type":"LineString","coordinates":[[-73.93342,40.6257],[-73.93333,40.6258],[-73.93329,40.62583],[-73.93305,40.6261],[-73.9326,40.6266],[-73.93252,40.6267],[-73.93245,40.62682],[-73.93241,40.62693],[-73.93238,40.62708],[-73.93237,40.62723],[-73.93239,40.62738],[-73.93242,40.62754],[-73.93245,40.62773],[-73.93247,40.62781],[-73.93248,40.62788]]}},{"type":"Feature","properties":{"c":1,"s":"seg_42510396_42510401"},"geometry":{"type":"LineString","coordinates":[[-73.93639,40.65344],[-73.9365,40.65344],[-73.93728,40.65339],[-73.93736,40.65339]]}},{"type":"Feature","properties":{"c":1,"s":"seg_597728103_597728036"},"geometry":{"type":"LineString","coordinates":[[-73.93584,40.6778],[-73.93595,40.6778],[-73.93606,40.67781]]}},{"type":"Feature","properties":{"c":2,"s":"seg_42493279_42514760"},"geometry":{"type":"LineString","coordinates":[[-73.93734,40.6624],[-73.93724,40.6624],[-73.93491,40.66255],[-73.9346,40.66257],[-73.93447,40.66257]]}},{"type":"Feature","properties":{"c":2,"s":"seg_42474631_42491304"},"geometry":{"type":"LineString","coordinates":[[-73.9852,40.5964],[-73.98517,40.59624],[-73.9851,40.59587],[-73.98508,40.59577],[-73.98506,40.59568]]}},{"type":"Feature","properties":{"c":2,"s":"seg_42472449_42493786"},"geometry":{"type":"LineString","coordinates":[[-73.9916,40.59036],[-73.99155,40.59029],[-73.99136,40.59005],[-73.99121,40.58986],[-73.99116,40.5898]]}},{"type":"Feature","properties":{"c":2,"s":"seg_42493380_598202954"},"geometry":{"type":"LineString","coordinates":[[-73.99502,40.70249],[-73.99504,40.70245],[-73.99521,40.70217],[-73.99537,40.7019],[-73.99539,40.70187],[-73.99543,40.70179],[-73.99558,40.70149],[-73.99571,40.70123],[-73.99584,40.70096],[-73.99591,40.70082],[-73.99605,40.70052],[-73.99631,40.69998],[-73.99688,40.69884],[-73.99702,40.69853],[-73.9971,40.69837],[-73.99735,40.69783],[-73.99794,40.69661],[-73.99823,40.69599]]}},{"type":"Feature","properties":{"c":2,"s":"seg_42493380_598202954"},"geometry":{"type":"LineString","coordinates":[[-73.99502,40.70249],[-73.99482,40.70281],[-73.99481,40.70283],[-73.99478,40.70288]]}},{"type":"Feature","properties":{"c":2,"s":"seg_42493403_598202957"},"geometry":{"type":"LineString","coordinates":[[-73.99921,40.6939],[-73.99924,40.69383],[-73.99925,40.69381],[-74.00001,40.69221]]}},{"type":"Feature","properties":{"c":2,"s":"seg_42493403_598202957"},"geometry":{"type":"LineString","coordinates":[[-73.99921,40.6939],[-73.99918,40.69396],[-73.99916,40.69401],[-73.9991,40.69414],[-73.99897,40.69442],[-73.99888,40.69462],[-73.99884,40.69469],[-73.99854,40.69534],[-73.99833,40.69578]]}},{"type":"Feature","properties":{"c":3,"s":"seg_42497773_42497777"},"geometry":{"type":"LineString","coordinates":[[-74.00017,40.69189],[-74.00013,40.69188],[-74.00006,40.69185]]}},{"type":"Feature","properties":{"c":3,"s":"seg_42497773_42497777"},"geometry":{"type":"LineString","coordinates":[[-74.00017,40.69189],[-74.00026,40.69192],[-74.00046,40.69199],[-74.00049,40.692],[-74.00052,40.69201],[-74.00054,40.69202],[-74.00057,40.69203],[-74.00063,40.69205],[-74.0006,40.69213],[-74.00058,40.69218],[-74.0004,40.69255]]}},{"type":"Feature","properties":{"c":2,"s":"seg_42493957_42493960"},"geometry":{"type":"LineString","coordinates":[[-73.91917,40.63747],[-73.91918,40.6376],[-73.91921,40.63786],[-73.91925,40.63823],[-73.91929,40.6386]]}},{"type":"Feature","properties":{"c":2,"s":"seg_42512632_42512641"},"geometry":{"type":"LineString","coordinates":[[-73.90399,40.64662],[-73.90407,40.64669],[-73.9051,40.64761]]}},{"type":"Feature","properties":{"c":2,"s":"seg_42493506_3514016522"},"geometry":{"type":"LineString","coordinates":[[-73.95821,40.6353],[-73.95823,40.63538],[-73.95827,40.63561],[-73.95834,40.63598],[-73.95839,40.63624],[-73.9584,40.63633]]}},{"type":"Feature","properties":{"c":2,"s":"seg_42493506_3514016522"},"geometry":{"type":"LineString","coordinates":[[-73.95821,40.6353],[-73.95819,40.63522],[-73.95813,40.63488],[-73.95786,40.63343],[-73.95778,40.63299],[-73.95777,40.63294]]}},{"type":"Feature","properties":{"c":1,"s":"seg_42493581_42530731"},"geometry":{"type":"LineString","coordinates":[[-73.92602,40.63855],[-73.92589,40.63902],[-73.92583,40.63963],[-73.9258,40.63984],[-73.92579,40.63991],[-73.92578,40.63999]]}},{"type":"Feature","properties":{"c":2,"s":"seg_42493581_42530731"},"geometry":{"type":"LineString","coordinates":[[-73.92602,40.63855],[-73.92581,40.63874],[-73.92573,40.63902],[-73.92564,40.63991],[-73.92563,40.63998]]}},{"type":"Feature","properties":{"c":1,"s":"seg_42493581_42530731"},"geometry":{"type":"LineString","coordinates":[[-73.92602,40.63855],[-73.92604,40.63842],[-73.92609,40.63801]]}},{"type":"Feature","properties":{"c":2,"s":"seg_42486209_42490890"},"geometry":{"type":"LineString","coordinates":[[-74.01623,40.60724],[-74.01638,40.60733],[-74.01667,40.6075]]}},{"type":"Feature","properties":{"c":2,"s":"seg_42486209_42490890"},"geometry":{"type":"LineString","coordinates":[[-74.01074,40.60436],[-74.01065,40.60431]]}},{"type":"Feature","properties":{"c":2,"s":"seg_42486209_42490890"},"geometry":{"type":"LineString","coordinates":[[-74.01065,40.60431],[-74.01023,40.60409],[-74.00987,40.60391],[-74.00978,40.60386]]}},{"type":"Feature","properties":{"c":2,"s":"seg_42467247_42488485"},"geometry":{"type":"LineString","coordinates":[[-74.00824,40.60306],[-74.00798,40.60292],[-74.00788,40.60287],[-74.00784,40.60285],[-74.00755,40.6027],[-74.00746,40.60265]]}},{"type":"Feature","properties":{"c":2,"s":"seg_42467247_42488485"},"geometry":{"type":"LineString","coordinates":[[-74.00282,40.60021],[-74.00275,40.60016],[-74.00251,40.59999],[-74.00219,40.59977],[-74.00212,40.59972]]}},{"type":"Feature","properties":{"c":2,"s":"seg_42467247_42488485"},"geometry":{"type":"LineString","coordinates":[[-74.00074,40.59877],[-74.00066,40.59872],[-74.0001,40.59833],[-74.00004,40.5983]]}},{"type":"Feature","properties":{"c":2,"s":"seg_42467247_42488485"},"geometry":{"type":"LineString","coordinates":[[-74.00004,40.5983],[-73.99997,40.59825],[-73.99971,40.59807]]}},{"type":"Feature","properties":{"c":2,"s":"seg_42472449_42493786"},"geometry":{"type":"LineString","coordinates":[[-73.9968,40.59561],[-73.99673,40.59555],[-73.99639,40.59528],[-73.99622,40.59514],[-73.99616,40.59509]]}},{"type":"Feature","properties":{"c":2,"s":"seg_42472449_42493786"},"geometry":{"type":"LineString","coordinates":[[-73.99554,40.59456],[-73.99547,40.59451],[-73.99541,40.59445],[-73.99535,40.5944]]}},{"type":"Feature","properties":{"c":2,"s":"seg_42472449_42493786"},"geometry":{"type":"LineString","coordinates":[[-73.9937,40.59296],[-73.99322,40.59238],[-73.99316,40.59231]]}},{"type":"Feature","properties":{"c":2,"s":"seg_42472449_42493786"},"geometry":{"type":"LineString","coordinates":[[-73.99213,40.59103],[-73.99167,40.59045],[-73.9916,40.59036]]}},{"type":"Feature","properties":{"c":2,"s":"seg_42472449_42493786"},"geometry":{"type":"LineString","coordinates":[[-73.9896,40.58786],[-73.98955,40.58781],[-73.98936,40.58758],[-73.98911,40.58726],[-73.98906,40.5872]]}},{"type":"Feature","properties":{"c":2,"s":"seg_42493852_42493860"},"geometry":{"type":"LineString","coordinates":[[-73.98906,40.5872],[-73.98901,40.58714],[-73.98899,40.58711],[-73.98877,40.58684],[-73.98858,40.5866],[-73.98853,40.58654]]}},{"type":"Feature","properties":{"c":2,"s":"seg_42493852_42493860"},"geometry":{"type":"LineString","coordinates":[[-73.98802,40.58591],[-73.98797,40.58585],[-73.98764,40.58543],[-73.98762,40.58539],[-73.98756,40.58528]]}},{"type":"Feature","properties":{"c":2,"s":"seg_42493852_42493860"},"geometry":{"type":"LineString","coordinates":[[-73.98642,40.58297],[-73.98639,40.58288],[-73.98636,40.58275],[-73.98631,40.5826],[-73.98629,40.58253],[-73.98627,40.58244],[-73.98625,40.58237],[-73.98621,40.58227]]}},{"type":"Feature","properties":{"c":2,"s":"seg_42493852_42493860"},"geometry":{"type":"LineString","coordinates":[[-73.98567,40.5807],[-73.9856,40.58082],[-73.98562,40.58096],[-73.98563,40.58104],[-73.9857,40.58125],[-73.98591,40.58193],[-73.98595,40.58208],[-73.986,40.58222],[-73.98602,40.58229]]}},{"type":"Feature","properties":{"c":2,"s":"seg_42493852_42493860"},"geometry":{"type":"LineString","coordinates":[[-73.98567,40.5807],[-73.98565,40.58062],[-73.98559,40.58031],[-73.98549,40.57982],[-73.98533,40.57907],[-73.98526,40.57893]]}},{"type":"Feature","properties":{"c":2,"s":"seg_42505018_42498990"},"geometry":{"type":"LineString","coordinates":[[-73.98526,40.57893],[-73.98514,40.57895],[-73.985,40.57896],[-73.98491,40.57897],[-73.98477,40.57899],[-73.9845,40.57901],[-73.98423,40.57904],[-73.98414,40.57905]]}},{"type":"Feature","properties":{"c":2,"s":"seg_42505018_42498990"},"geometry":{"type":"LineString","coordinates":[[-73.98526,40.57893],[-73.98534,40.57892],[-73.98542,40.57892],[-73.98576,40.57888],[-73.98612,40.57884],[-73.98627,40.57882]]}},{"type":"Feature","properties":{"c":3,"s":"seg_42493852_42493860"},"geometry":{"type":"LineString","coordinates":[[-73.98675,40.58461],[-73.98719,40.58516],[-73.98735,40.58529]]}},{"type":"Feature","properties":{"c":1,"s":"seg_42501277_42505519"},"geometry":{"type":"LineString","coordinates":[[-73.92423,40.69073],[-73.92432,40.69079],[-73.92439,40.69083]]}},{"type":"Feature","properties":{"c":1,"s":"seg_42501277_42505519"},"geometry":{"type":"LineString","coordinates":[[-73.92423,40.69073],[-73.92406,40.69064],[-73.92364,40.6904]]}},{"type":"Feature","properties":{"c":2,"s":"seg_42493957_42493960"},"geometry":{"type":"LineString","coordinates":[[-73.92077,40.65255],[-73.92076,40.65247],[-73.92075,40.65227]]}},{"type":"Feature","properties":{"c":2,"s":"seg_42493957_42493960"},"geometry":{"type":"LineString","coordinates":[[-73.92075,40.65227],[-73.92074,40.6522]]}},{"type":"Feature","properties":{"c":2,"s":"seg_42493957_42493960"},"geometry":{"type":"LineString","coordinates":[[-73.92038,40.64878],[-73.92037,40.64869],[-73.92036,40.64861]]}},{"type":"Feature","properties":{"c":2,"s":"seg_42493957_42493960"},"geometry":{"type":"LineString","coordinates":[[-73.92036,40.64861],[-73.9202,40.64714],[-73.92019,40.64701]]}},{"type":"Feature","properties":{"c":2,"s":"seg_42493957_42493960"},"geometry":{"type":"LineString","coordinates":[[-73.92019,40.64701],[-73.92018,40.64693],[-73.92014,40.64655],[-73.92009,40.64616]]}},{"type":"Feature","properties":{"c":2,"s":"seg_42493957_42493960"},"geometry":{"type":"LineString","coordinates":[[-73.91995,40.6447],[-73.91991,40.64435],[-73.9199,40.64429]]}},{"type":"Feature","properties":{"c":2,"s":"seg_42493957_42493960"},"geometry":{"type":"LineString","coordinates":[[-73.9199,40.64429],[-73.91989,40.64422],[-73.91984,40.64377],[-73.91977,40.64322],[-73.91974,40.64295],[-73.91972,40.64279],[-73.9197,40.64259],[-73.91966,40.6421]]}},{"type":"Feature","properties":{"c":2,"s":"seg_42493957_42493960"},"geometry":{"type":"LineString","coordinates":[[-73.91946,40.64018],[-73.91947,40.6403]]}},{"type":"Feature","properties":{"c":2,"s":"seg_42493957_42493960"},"geometry":{"type":"LineString","coordinates":[[-73.91946,40.64018],[-73.91945,40.64009],[-73.91942,40.6398],[-73.91942,40.63978]]}},{"type":"Feature","properties":{"c":2,"s":"seg_42493957_42493960"},"geometry":{"type":"LineString","coordinates":[[-73.91942,40.63978],[-73.91937,40.63934],[-73.91936,40.63927],[-73.91935,40.6392],[-73.91932,40.63887],[-73.91929,40.6386]]}},{"type":"Feature","properties":{"c":2,"s":"seg_42493972_11899662283"},"geometry":{"type":"LineString","coordinates":[[-73.91901,40.63589],[-73.91899,40.63574],[-73.91899,40.63571],[-73.91894,40.63533],[-73.91892,40.63514],[-73.91887,40.63461],[-73.91885,40.63448]]}},{"type":"Feature","properties":{"c":2,"s":"seg_42493972_11899662283"},"geometry":{"type":"LineString","coordinates":[[-73.91901,40.63589],[-73.91902,40.636],[-73.91909,40.63666],[-73.9191,40.63682],[-73.91914,40.63714]]}},{"type":"Feature","properties":{"c":2,"s":"seg_42493972_11899662283"},"geometry":{"type":"LineString","coordinates":[[-73.91885,40.63448],[-73.91884,40.63438],[-73.91884,40.63435],[-73.9188,40.63393],[-73.91876,40.63353],[-73.91872,40.63322],[-73.91871,40.63307],[-73.91867,40.63267],[-73.91864,40.63239]]}},{"type":"Feature","properties":{"c":2,"s":"seg_42493972_42508200"},"geometry":{"type":"LineString","coordinates":[[-73.91861,40.63207],[-73.91844,40.63218],[-73.9184,40.6322],[-73.91821,40.63233],[-73.91814,40.63237],[-73.91811,40.63239],[-73.91794,40.6325],[-73.91726,40.63294],[-73.91707,40.63305],[-73.91662,40.63335],[-73.91634,40.63353],[-73.91629,40.63356],[-73.91623,40.6336]]}},{"type":"Feature","properties":{"c":2,"s":"seg_42493972_11899662283"},"geometry":{"type":"LineString","coordinates":[[-73.91861,40.63207],[-73.91859,40.63193],[-73.91856,40.6317],[-73.91854,40.63149],[-73.91851,40.63124],[-73.91844,40.63055],[-73.91839,40.63012],[-73.91835,40.62974]]}},{"type":"Feature","properties":{"c":2,"s":"seg_42493972_11899662283"},"geometry":{"type":"LineString","coordinates":[[-73.91861,40.63207],[-73.91863,40.63225],[-73.91864,40.63239]]}},{"type":"Feature","properties":{"c":2,"s":"seg_42493972_11899662283"},"geometry":{"type":"LineString","coordinates":[[-73.91824,40.62877],[-73.91826,40.62888],[-73.91829,40.62917],[-73.91831,40.62935],[-73.91833,40.62953],[-73.91835,40.62974]]}},{"type":"Feature","properties":{"c":2,"s":"seg_42493987_42493995"},"geometry":{"type":"LineString","coordinates":[[-73.918,40.62646],[-73.91799,40.6264],[-73.91796,40.62615],[-73.91795,40.62608],[-73.91792,40.62585],[-73.91791,40.62573],[-73.91791,40.62568],[-73.91788,40.62549],[-73.91788,40.62541],[-73.91787,40.62533],[-73.91786,40.62528],[-73.91784,40.62504],[-73.91783,40.62497],[-73.91783,40.62495],[-73.91782,40.62487],[-73.91781,40.62477],[-73.9178,40.62464],[-73.91776,40.62432],[-73.91775,40.62416]]}},{"type":"Feature","properties":{"c":2,"s":"seg_42493987_42493995"},"geometry":{"type":"LineString","coordinates":[[-73.91775,40.62416],[-73.91774,40.62411],[-73.91771,40.62372]]}},{"type":"Feature","properties":{"c":2,"s":"seg_42493987_42493995"},"geometry":{"type":"LineString","coordinates":[[-73.91771,40.62372],[-73.91758,40.62254],[-73.91752,40.62201],[-73.91751,40.62194]]}},{"type":"Feature","properties":{"c":2,"s":"seg_42493987_42493995"},"geometry":{"type":"LineString","coordinates":[[-73.91751,40.62194],[-73.9175,40.62185],[-73.9175,40.62177],[-73.91747,40.62151]]}},{"type":"Feature","properties":{"c":2,"s":"seg_42493987_42493995"},"geometry":{"type":"LineString","coordinates":[[-73.91714,40.61839],[-73.91717,40.61827],[-73.91716,40.61812],[-73.91715,40.61809],[-73.91709,40.61793]]}},{"type":"Feature","properties":{"c":2,"s":"seg_42493987_42493995"},"geometry":{"type":"LineString","coordinates":[[-73.91701,40.61721],[-73.91709,40.61793]]}},{"type":"Feature","properties":{"c":1,"s":"seg_597728043_597728029"},"geometry":{"type":"LineString","coordinates":[[-73.92181,40.67703],[-73.92192,40.67704],[-73.92198,40.67704],[-73.92241,40.67707],[-73.92262,40.67708]]}},{"type":"Feature","properties":{"c":2,"s":"seg_42493279_42514760"},"geometry":{"type":"LineString","coordinates":[[-73.92275,40.6671],[-73.92285,40.66705],[-73.92298,40.667],[-73.92328,40.66687],[-73.92393,40.66658],[-73.92411,40.6665],[-73.92424,40.66645]]}},{"type":"Feature","properties":{"c":2,"s":"seg_42493279_42514760"},"geometry":{"type":"LineString","coordinates":[[-73.92638,40.66551],[-73.9263,40.66555],[-73.92606,40.66565],[-73.92602,40.66567],[-73.92592,40.66571]]}},{"type":"Feature","properties":{"c":2,"s":"seg_42493279_42514760"},"geometry":{"type":"LineString","coordinates":[[-73.92638,40.66551],[-73.92645,40.66549],[-73.92671,40.66537],[-73.92733,40.6651],[-73.92739,40.66508]]}},{"type":"Feature","properties":{"c":2,"s":"seg_42482069_42521887"},"geometry":{"type":"LineString","coordinates":[[-73.9084,40.64939],[-73.90834,40.64943],[-73.90773,40.64982],[-73.90762,40.6499]]}},{"type":"Feature","properties":{"c":2,"s":"seg_42482069_42521887"},"geometry":{"type":"LineString","coordinates":[[-73.9084,40.64939],[-73.90848,40.64934],[-73.90922,40.64886],[-73.90929,40.64882]]}},{"type":"Feature","properties":{"c":1,"s":"seg_42464409_42490339"},"geometry":{"type":"LineString","coordinates":[[-73.93847,40.7125],[-73.94002,40.71213],[-73.94058,40.71199],[-73.94069,40.71196]]}},{"type":"Feature","properties":{"c":2,"s":"seg_42494257_451664576"},"geometry":{"type":"LineString","coordinates":[[-74.02218,40.63724],[-74.02209,40.63715]]}},{"type":"Feature","properties":{"c":1,"s":"seg_42521235_42521238"},"geometry":{"type":"LineString","coordinates":[[-74.02218,40.63724],[-74.02204,40.63738],[-74.02195,40.63746]]}},{"type":"Feature","properties":{"c":1,"s":"seg_42494257_451664576"},"geometry":{"type":"LineString","coordinates":[[-74.02218,40.63724],[-74.02228,40.63732],[-74.02241,40.63739],[-74.02253,40.63744],[-74.02264,40.63749],[-74.02275,40.63754],[-74.02289,40.63759],[-74.02317,40.6377],[-74.02327,40.63775],[-74.02338,40.63779],[-74.02356,40.63787],[-74.02375,40.63795],[-74.02393,40.63803],[-74.02412,40.63812],[-74.0243,40.63821],[-74.02443,40.63828],[-74.02446,40.6383],[-74.02457,40.63837],[-74.02463,40.63841],[-74.02466,40.63843],[-74.02476,40.63849],[-74.02484,40.63856],[-74.02491,40.63861],[-74.02496,40.63865],[-74.02504,40.63869],[-74.02511,40.63873],[-74.02522,40.63878],[-74.02546,40.63889],[-74.02554,40.63893],[-74.0256,40.63897],[-74.02566,40.639],[-74.02572,40.63905],[-74.02579,40.6391],[-74.02585,40.63916],[-74.02604,40.63934],[-74.0261,40.6394],[-74.02616,40.63945],[-74.02623,40.6395],[-74.02631,40.63957],[-74.02642,40.63964],[-74.02652,40.6397],[-74.02673,40.63982]]}},{"type":"Feature","properties":{"c":1,"s":"seg_42521235_42521238"},"geometry":{"type":"LineString","coordinates":[[-74.02218,40.63724],[-74.02228,40.63714],[-74.02248,40.63695]]}},{"type":"Feature","properties":{"c":1,"s":"seg_42467024_42469614"},"geometry":{"type":"LineString","coordinates":[[-73.96016,40.69412],[-73.96022,40.69411],[-73.96101,40.69402],[-73.96109,40.69401]]}},{"type":"Feature","properties":{"c":2,"s":"seg_42501872_42466432"},"geometry":{"type":"LineString","coordinates":[[-73.95943,40.69045],[-73.95955,40.69043],[-73.96021,40.69036],[-73.96029,40.69035]]}},{"type":"Feature","properties":{"c":2,"s":"seg_42505380_9990599496"},"geometry":{"type":"LineString","coordinates":[[-73.96767,40.7107],[-73.96689,40.71061],[-73.96678,40.7106]]}},{"type":"Feature","properties":{"c":1,"s":"seg_42467024_42469614"},"geometry":{"type":"LineString","coordinates":[[-73.97782,40.69344],[-73.97774,40.69344],[-73.97725,40.69342],[-73.97713,40.69341],[-73.97663,40.69339],[-73.97594,40.69337],[-73.97584,40.69336]]}},{"type":"Feature","properties":{"c":1,"s":"seg_42477666_42485203"},"geometry":{"type":"LineString","coordinates":[[-74.02657,40.62719],[-74.02659,40.62713],[-74.02683,40.62653],[-74.02686,40.62646]]}},{"type":"Feature","properties":{"c":1,"s":"seg_42477666_42485203"},"geometry":{"type":"LineString","coordinates":[[-74.02657,40.62719],[-74.02654,40.62726],[-74.02629,40.62786],[-74.02626,40.62792]]}},{"type":"Feature","properties":{"c":2,"s":"seg_42487939_42491331"},"geometry":{"type":"LineString","coordinates":[[-74.00818,40.61613],[-74.00823,40.61609],[-74.0087,40.61563],[-74.00876,40.61558]]}},{"type":"Feature","properties":{"c":2,"s":"seg_42487939_42491331"},"geometry":{"type":"LineString","coordinates":[[-74.00818,40.61613],[-74.00812,40.61619],[-74.00765,40.61665],[-74.0076,40.61669]]}},{"type":"Feature","properties":{"c":2,"s":"seg_42474631_42491304"},"geometry":{"type":"LineString","coordinates":[[-73.98646,40.60301],[-73.98664,40.60404]]}},{"type":"Feature","properties":{"c":2,"s":"seg_42474631_42491304"},"geometry":{"type":"LineString","coordinates":[[-73.98646,40.60301],[-73.98645,40.60296],[-73.98641,40.6028],[-73.98641,40.60277],[-73.9864,40.60273],[-73.98639,40.60265]]}},{"type":"Feature","properties":{"c":2,"s":"seg_8400869517_9387171045"},"geometry":{"type":"LineString","coordinates":[[-73.97788,40.57544],[-73.97798,40.57545],[-73.97833,40.57547],[-73.9788,40.5755],[-73.97956,40.57554],[-73.97965,40.57554]]}},{"type":"Feature","properties":{"c":2,"s":"seg_8400869517_9387171045"},"geometry":{"type":"LineString","coordinates":[[-73.97788,40.57544],[-73.97778,40.57543],[-73.9777,40.57543],[-73.97737,40.5754],[-73.97729,40.57539],[-73.97723,40.57538],[-73.97698,40.57536],[-73.97682,40.57534],[-73.9766,40.57532]]}},{"type":"Feature","properties":{"c":1,"s":"seg_42505549_42505552"},"geometry":{"type":"LineString","coordinates":[[-73.92097,40.68888],[-73.92062,40.68868],[-73.92055,40.68864]]}},{"type":"Feature","properties":{"c":1,"s":"seg_42482591_42533770"},"geometry":{"type":"LineString","coordinates":[[-73.97191,40.60894],[-73.972,40.60893],[-73.97284,40.60884],[-73.973,40.60882]]}},{"type":"Feature","properties":{"c":1,"s":"seg_42482591_42533770"},"geometry":{"type":"LineString","coordinates":[[-73.97191,40.60894],[-73.97183,40.60895],[-73.97098,40.60905],[-73.9709,40.60906]]}},{"type":"Feature","properties":{"c":1,"s":"seg_42521235_42521238"},"geometry":{"type":"LineString","coordinates":[[-74.02425,40.63285],[-74.02422,40.63292],[-74.02392,40.63367],[-74.02389,40.63374]]}},{"type":"Feature","properties":{"c":2,"s":"seg_42469540_42503083"},"geometry":{"type":"LineString","coordinates":[[-73.98426,40.59157],[-73.9842,40.59116]]}},{"type":"Feature","properties":{"c":2,"s":"seg_42469540_42503083"},"geometry":{"type":"LineString","coordinates":[[-73.98426,40.59157],[-73.98443,40.5925]]}},{"type":"Feature","properties":{"c":1,"s":"seg_42495632_42495636"},"geometry":{"type":"LineString","coordinates":[[-73.89651,40.6744],[-73.89649,40.67434],[-73.89621,40.67323],[-73.89619,40.67315]]}},{"type":"Feature","properties":{"c":1,"s":"seg_42495632_42495636"},"geometry":{"type":"LineString","coordinates":[[-73.89651,40.6744],[-73.89653,40.67448],[-73.89658,40.67466],[-73.89662,40.67484],[-73.89664,40.6749],[-73.89665,40.67493],[-73.89682,40.67559],[-73.89684,40.67567]]}},{"type":"Feature","properties":{"c":1,"s":"seg_42495632_42495636"},"geometry":{"type":"LineString","coordinates":[[-73.89619,40.67315],[-73.89618,40.6731],[-73.89611,40.67284],[-73.89596,40.67224],[-73.89589,40.67199],[-73.89587,40.67189]]}},{"type":"Feature","properties":{"c":1,"s":"seg_42495632_42495636"},"geometry":{"type":"LineString","coordinates":[[-73.89522,40.66937],[-73.8952,40.6693],[-73.89517,40.66917],[-73.89491,40.66815],[-73.89485,40.66792],[-73.89483,40.66783]]}},{"type":"Feature","properties":{"c":1,"s":"seg_42495632_42495636"},"geometry":{"type":"LineString","coordinates":[[-73.89483,40.66783],[-73.89481,40.66777],[-73.89476,40.66754],[-73.89471,40.66734],[-73.89452,40.66661],[-73.89449,40.66651],[-73.89446,40.66637],[-73.89444,40.6663]]}},{"type":"Feature","properties":{"c":1,"s":"seg_42477821_42495641"},"geometry":{"type":"LineString","coordinates":[[-73.89365,40.66322],[-73.89363,40.66316],[-73.89362,40.66309],[-73.89358,40.66296],[-73.89341,40.66231],[-73.89335,40.66219],[-73.89331,40.66212],[-73.89327,40.66208],[-73.89315,40.6619],[-73.8931,40.66183]]}},{"type":"Feature","properties":{"c":1,"s":"seg_5314096947_5314096946"},"geometry":{"type":"LineString","coordinates":[[-73.88631,40.65266],[-73.88628,40.65261],[-73.8858,40.65198],[-73.88572,40.65186],[-73.88568,40.65181],[-73.88524,40.65122],[-73.88494,40.65082],[-73.88487,40.65073]]}},{"type":"Feature","properties":{"c":1,"s":"seg_5314096934_5314096947"},"geometry":{"type":"LineString","coordinates":[[-73.88487,40.65073],[-73.88481,40.65066],[-73.88462,40.65037],[-73.88447,40.65019],[-73.88418,40.6499]]}},{"type":"Feature","properties":{"c":1,"s":"seg_5314096934_5314096947"},"geometry":{"type":"LineString","coordinates":[[-73.88418,40.6499],[-73.88378,40.64956]]}},{"type":"Feature","properties":{"c":1,"s":"seg_5314096934_5314096947"},"geometry":{"type":"LineString","coordinates":[[-73.88378,40.64956],[-73.88367,40.64946],[-73.88358,40.64937]]}},{"type":"Feature","properties":{"c":1,"s":"seg_5314096934_5314096947"},"geometry":{"type":"LineString","coordinates":[[-73.88358,40.64937],[-73.88351,40.64929],[-73.88302,40.64886],[-73.88285,40.64871],[-73.88282,40.64868],[-73.88258,40.64847],[-73.88255,40.64845],[-73.88249,40.64839]]}},{"type":"Feature","properties":{"c":1,"s":"seg_5314096934_5314096947"},"geometry":{"type":"LineString","coordinates":[[-73.88249,40.64839],[-73.88241,40.64832],[-73.88217,40.64811],[-73.88197,40.64793],[-73.88164,40.64763],[-73.88155,40.64755]]}},{"type":"Feature","properties":{"c":1,"s":"seg_5314096934_5314096947"},"geometry":{"type":"LineString","coordinates":[[-73.88155,40.64755],[-73.88148,40.64748],[-73.88141,40.64742],[-73.88106,40.64711],[-73.88088,40.64695],[-73.88079,40.64687]]}},{"type":"Feature","properties":{"c":1,"s":"seg_452382143_4335349964"},"geometry":{"type":"LineString","coordinates":[[-73.88079,40.64687],[-73.88074,40.64682],[-73.88065,40.64675],[-73.88025,40.64638],[-73.88021,40.64635]]}},{"type":"Feature","properties":{"c":1,"s":"seg_452382143_4335349964"},"geometry":{"type":"LineString","coordinates":[[-73.87994,40.64611],[-73.87987,40.64605],[-73.87979,40.64597],[-73.87966,40.64586],[-73.87914,40.64539],[-73.8791,40.64535],[-73.87903,40.6453]]}},{"type":"Feature","properties":{"c":1,"s":"seg_597728043_597728029"},"geometry":{"type":"LineString","coordinates":[[-73.9228,40.67709],[-73.92378,40.67714]]}},{"type":"Feature","properties":{"c":3,"s":"seg_622232007_622232010"},"geometry":{"type":"LineString","coordinates":[[-73.94284,40.73279],[-73.94278,40.7328],[-73.94273,40.73281],[-73.9427,40.73282],[-73.94265,40.73284],[-73.9413,40.73332],[-73.94124,40.73334],[-73.94119,40.73334],[-73.94114,40.73335],[-73.94105,40.73335]]}},{"type":"Feature","properties":{"c":1,"s":"seg_42501277_42505519"},"geometry":{"type":"LineString","coordinates":[[-73.93051,40.69432],[-73.92987,40.69396],[-73.9297,40.69386]]}},{"type":"Feature","properties":{"c":2,"s":"seg_42477768_42516713"},"geometry":{"type":"LineString","coordinates":[[-73.90852,40.66101],[-73.90851,40.66095],[-73.90828,40.66007],[-73.90815,40.65956],[-73.90813,40.65948]]}},{"type":"Feature","properties":{"c":1,"s":"seg_42510734_42516074"},"geometry":{"type":"LineString","coordinates":[[-73.99387,40.66436],[-73.99381,40.66442],[-73.99349,40.66472],[-73.99334,40.66487],[-73.99329,40.66492]]}},{"type":"Feature","properties":{"c":1,"s":"seg_597728154_597728157"},"geometry":{"type":"LineString","coordinates":[[-73.94691,40.6784],[-73.947,40.67841],[-73.94756,40.67844],[-73.94959,40.67855],[-73.94968,40.67855]]}},{"type":"Feature","properties":{"c":1,"s":"seg_42481699_42496563"},"geometry":{"type":"LineString","coordinates":[[-73.94687,40.6528],[-73.94677,40.6528],[-73.94633,40.65283],[-73.946,40.65285],[-73.9459,40.65286]]}},{"type":"Feature","properties":{"c":1,"s":"seg_42464505_42481782"},"geometry":{"type":"LineString","coordinates":[[-73.94242,40.61859],[-73.9425,40.6185],[-73.94272,40.61824],[-73.94319,40.6177],[-73.94335,40.61752],[-73.94338,40.61749],[-73.94347,40.61738]]}},{"type":"Feature","properties":{"c":1,"s":"seg_42464505_42481782"},"geometry":{"type":"LineString","coordinates":[[-73.94242,40.61859],[-73.94234,40.61863],[-73.94222,40.61876],[-73.9418,40.61924],[-73.94162,40.61943],[-73.94153,40.61951],[-73.94147,40.61954],[-73.94133,40.61959]]}},{"type":"Feature","properties":{"c":1,"s":"seg_42471595_42509643"},"geometry":{"type":"LineString","coordinates":[[-73.92177,40.69845],[-73.92189,40.69844],[-73.92265,40.69836],[-73.92275,40.69835]]}},{"type":"Feature","properties":{"c":1,"s":"seg_42471595_42509643"},"geometry":{"type":"LineString","coordinates":[[-73.92177,40.69845],[-73.92162,40.69847],[-73.92147,40.69848]]}},{"type":"Feature","properties":{"c":1,"s":"seg_1372888646_1372888890"},"geometry":{"type":"LineString","coordinates":[[-74.00378,40.65484],[-74.00372,40.6549],[-74.00348,40.65512],[-74.00324,40.65535],[-74.0032,40.65539]]}},{"type":"Feature","properties":{"c":1,"s":"seg_42510734_42516074"},"geometry":{"type":"LineString","coordinates":[[-73.98965,40.66912],[-73.9896,40.66918],[-73.9892,40.66967],[-73.98915,40.66972]]}},{"type":"Feature","properties":{"c":1,"s":"seg_42496975_42475971"},"geometry":{"type":"LineString","coordinates":[[-73.98665,40.67273],[-73.9861,40.67341],[-73.98578,40.6738],[-73.9857,40.67388],[-73.98565,40.67394]]}},{"type":"Feature","properties":{"c":3,"s":"seg_42518929_42525105"},"geometry":{"type":"LineString","coordinates":[[-73.88197,40.66815],[-73.88203,40.66814],[-73.88271,40.66804],[-73.88278,40.66803]]}},{"type":"Feature","properties":{"c":0,"s":"seg_1942053995_1942053917"},"geometry":{"type":"LineString","coordinates":[[-73.91749,40.65437],[-73.91767,40.65438],[-73.9182,40.6544],[-73.91843,40.6544],[-73.91909,40.65441],[-73.91921,40.65441]]}},{"type":"Feature","properties":{"c":2,"s":"seg_42478859_42497275"},"geometry":{"type":"LineString","coordinates":[[-73.97944,40.6428],[-73.97943,40.64271],[-73.97908,40.64095]]}},{"type":"Feature","properties":{"c":3,"s":"seg_42479945_42508600"},"geometry":{"type":"LineString","coordinates":[[-73.97465,40.6448],[-73.97463,40.64468],[-73.9745,40.64398],[-73.97439,40.64337],[-73.97437,40.64328]]}},{"type":"Feature","properties":{"c":1,"s":"seg_42479945_42508600"},"geometry":{"type":"LineString","coordinates":[[-73.97448,40.64487],[-73.97446,40.64475],[-73.97445,40.64472],[-73.9744,40.64461],[-73.9743,40.64441]]}},{"type":"Feature","properties":{"c":3,"s":"seg_42479945_42508600"},"geometry":{"type":"LineString","coordinates":[[-73.97414,40.64502],[-73.97417,40.64516],[-73.97464,40.64767],[-73.97466,40.64777]]}},{"type":"Feature","properties":{"c":2,"s":"seg_42526068_42526066"},"geometry":{"type":"LineString","coordinates":[[-73.95247,40.65067],[-73.95248,40.65076],[-73.95256,40.65149],[-73.95257,40.65154]]}},{"type":"Feature","properties":{"c":1,"s":"seg_42467702_10694159060"},"geometry":{"type":"LineString","coordinates":[[-73.92286,40.65246],[-73.92283,40.65255],[-73.92272,40.65283],[-73.92256,40.65325]]}},{"type":"Feature","properties":{"c":1,"s":"seg_42467702_10694159060"},"geometry":{"type":"LineString","coordinates":[[-73.92286,40.65246],[-73.92289,40.65238],[-73.92292,40.65232],[-73.92299,40.65212],[-73.92309,40.65186],[-73.92324,40.65145]]}},{"type":"Feature","properties":{"c":1,"s":"seg_42497773_42497777"},"geometry":{"type":"LineString","coordinates":[[-73.99237,40.68969],[-73.99247,40.68972],[-73.99326,40.68994],[-73.99335,40.68996],[-73.99344,40.68999],[-73.99429,40.69022],[-73.99436,40.69024]]}},{"type":"Feature","properties":{"c":1,"s":"seg_42497773_42497777"},"geometry":{"type":"LineString","coordinates":[[-73.99237,40.68969],[-73.99228,40.68966],[-73.99207,40.6896],[-73.99156,40.68943],[-73.99144,40.68939],[-73.99085,40.6892],[-73.99079,40.68917],[-73.99068,40.68914]]}},{"type":"Feature","properties":{"c":3,"s":"seg_598050847_42481022"},"geometry":{"type":"LineString","coordinates":[[-73.98693,40.70019],[-73.98705,40.70019],[-73.98768,40.70021],[-73.98777,40.70021]]}},{"type":"Feature","properties":{"c":0,"s":"seg_598043784_598043787"},"geometry":{"type":"LineString","coordinates":[[-73.98711,40.69606],[-73.98698,40.69605],[-73.98601,40.69601],[-73.98542,40.69599],[-73.98511,40.69598],[-73.98477,40.69597],[-73.9847,40.69597],[-73.98459,40.69597]]}},{"type":"Feature","properties":{"c":1,"s":"seg_42497773_42497777"},"geometry":{"type":"LineString","coordinates":[[-73.99623,40.69076],[-73.99618,40.69074],[-73.99556,40.69057],[-73.99542,40.69053],[-73.99532,40.69051],[-73.99444,40.69026],[-73.99436,40.69024]]}},{"type":"Feature","properties":{"c":1,"s":"seg_42497773_42497777"},"geometry":{"type":"LineString","coordinates":[[-73.99068,40.68914],[-73.99048,40.68907]]}},{"type":"Feature","properties":{"c":1,"s":"seg_597728149_597728151"},"geometry":{"type":"LineString","coordinates":[[-73.96657,40.68164],[-73.96669,40.68166],[-73.96696,40.68172],[-73.96734,40.6818],[-73.96743,40.68182],[-73.96756,40.68184]]}},{"type":"Feature","properties":{"c":1,"s":"seg_248606379_597728152"},"geometry":{"type":"LineString","coordinates":[[-73.95827,40.6799],[-73.95839,40.67992],[-73.95959,40.68017],[-73.96047,40.68036],[-73.96122,40.68052],[-73.96132,40.68054]]}},{"type":"Feature","properties":{"c":1,"s":"seg_248606379_597728152"},"geometry":{"type":"LineString","coordinates":[[-73.95529,40.67927],[-73.95542,40.6793],[-73.95582,40.67938],[-73.95594,40.6794],[-73.95607,40.67943],[-73.95736,40.6797],[-73.95747,40.67972],[-73.95758,40.67974],[-73.95769,40.67977],[-73.95781,40.67979],[-73.9581,40.67986],[-73.95817,40.67988],[-73.95827,40.6799]]}},{"type":"Feature","properties":{"c":1,"s":"seg_597728154_597728157"},"geometry":{"type":"LineString","coordinates":[[-73.95417,40.67904],[-73.95451,40.67911],[-73.95519,40.67925],[-73.95529,40.67927]]}},{"type":"Feature","properties":{"c":1,"s":"seg_597728154_597728157"},"geometry":{"type":"LineString","coordinates":[[-73.953,40.6788],[-73.95312,40.67883],[-73.95317,40.67883],[-73.95343,40.67889],[-73.95379,40.67896],[-73.95417,40.67904]]}},{"type":"Feature","properties":{"c":1,"s":"seg_597728154_597728157"},"geometry":{"type":"LineString","coordinates":[[-73.95205,40.67868],[-73.95216,40.67869],[-73.95233,40.6787],[-73.9524,40.67871],[-73.95246,40.67871],[-73.95253,40.67872],[-73.95289,40.67878],[-73.953,40.6788]]}},{"type":"Feature","properties":{"c":1,"s":"seg_597728063_597728082"},"geometry":{"type":"LineString","coordinates":[[-73.94415,40.67825],[-73.94425,40.67826],[-73.94433,40.67826],[-73.94468,40.67828],[-73.94682,40.6784],[-73.94691,40.6784]]}},{"type":"Feature","properties":{"c":1,"s":"seg_597728063_597728082"},"geometry":{"type":"LineString","coordinates":[[-73.94056,40.67806],[-73.94129,40.67809],[-73.94138,40.6781]]}},{"type":"Feature","properties":{"c":1,"s":"seg_597728103_597728036"},"geometry":{"type":"LineString","coordinates":[[-73.93307,40.67765],[-73.93317,40.67765],[-73.93574,40.67779],[-73.93584,40.6778]]}},{"type":"Feature","properties":{"c":1,"s":"seg_597728103_597728036"},"geometry":{"type":"LineString","coordinates":[[-73.9303,40.6775],[-73.93041,40.6775],[-73.93054,40.67751],[-73.93102,40.67754]]}},{"type":"Feature","properties":{"c":1,"s":"seg_597728043_597728029"},"geometry":{"type":"LineString","coordinates":[[-73.92754,40.67734],[-73.92764,40.67735],[-73.92781,40.67736]]}},{"type":"Feature","properties":{"c":1,"s":"seg_597728043_597728029"},"geometry":{"type":"LineString","coordinates":[[-73.92659,40.67729],[-73.92744,40.67734],[-73.92754,40.67734]]}},{"type":"Feature","properties":{"c":1,"s":"seg_597728043_597728029"},"geometry":{"type":"LineString","coordinates":[[-73.92476,40.6772],[-73.92487,40.6772],[-73.92507,40.67721]]}},{"type":"Feature","properties":{"c":1,"s":"seg_597728043_597728029"},"geometry":{"type":"LineString","coordinates":[[-73.92011,40.67693],[-73.92095,40.67698]]}},{"type":"Feature","properties":{"c":1,"s":"seg_597728043_597728029"},"geometry":{"type":"LineString","coordinates":[[-73.9183,40.67683],[-73.91838,40.67684],[-73.91922,40.67689]]}},{"type":"Feature","properties":{"c":1,"s":"seg_597728022_597728004"},"geometry":{"type":"LineString","coordinates":[[-73.91463,40.67662],[-73.91552,40.67667]]}},{"type":"Feature","properties":{"c":1,"s":"seg_597728022_597728004"},"geometry":{"type":"LineString","coordinates":[[-73.91368,40.67656],[-73.9138,40.67657],[-73.91463,40.67662]]}},{"type":"Feature","properties":{"c":1,"s":"seg_597728022_597728004"},"geometry":{"type":"LineString","coordinates":[[-73.91092,40.67641],[-73.91103,40.67641],[-73.91185,40.67645]]}},{"type":"Feature","properties":{"c":1,"s":"seg_597728004_597748756"},"geometry":{"type":"LineString","coordinates":[[-73.90908,40.6763],[-73.90957,40.67633],[-73.91,40.67636]]}},{"type":"Feature","properties":{"c":1,"s":"seg_598622272_598622278"},"geometry":{"type":"LineString","coordinates":[[-73.89788,40.67575],[-73.8983,40.67573]]}},{"type":"Feature","properties":{"c":1,"s":"seg_42488967_42464054"},"geometry":{"type":"LineString","coordinates":[[-73.86978,40.68212],[-73.8697,40.68214],[-73.8689,40.68238]]}},{"type":"Feature","properties":{"c":1,"s":"seg_42488967_42464054"},"geometry":{"type":"LineString","coordinates":[[-73.8689,40.68238],[-73.86814,40.68259],[-73.86807,40.68261]]}},{"type":"Feature","properties":{"c":1,"s":"seg_42498568_42501930"},"geometry":{"type":"LineString","coordinates":[[-73.98145,40.65342],[-73.98148,40.65352],[-73.98155,40.65391],[-73.98158,40.6541],[-73.98177,40.65516],[-73.98181,40.65527]]}},{"type":"Feature","properties":{"c":3,"s":"seg_42487613_42477334"},"geometry":{"type":"LineString","coordinates":[[-73.97993,40.654],[-73.97998,40.65408],[-73.98004,40.65417],[-73.98013,40.65425],[-73.98167,40.65518],[-73.98181,40.65527]]}},{"type":"Feature","properties":{"c":1,"s":"seg_42501277_42505519"},"geometry":{"type":"LineString","coordinates":[[-73.93383,40.69618],[-73.93414,40.69634]]}},{"type":"Feature","properties":{"c":1,"s":"seg_42477890_42517070"},"geometry":{"type":"LineString","coordinates":[[-73.93283,40.69725],[-73.93269,40.69726],[-73.93241,40.6973],[-73.93227,40.69732]]}},{"type":"Feature","properties":{"c":1,"s":"seg_42466929_42516233"},"geometry":{"type":"LineString","coordinates":[[-73.93283,40.69725],[-73.93294,40.69724],[-73.93401,40.69712]]}},{"type":"Feature","properties":{"c":1,"s":"seg_42481534_42482227"},"geometry":{"type":"LineString","coordinates":[[-73.9552,40.69469],[-73.95528,40.69468],[-73.95604,40.69459],[-73.95614,40.69458]]}},{"type":"Feature","properties":{"c":2,"s":"seg_42501872_42466432"},"geometry":{"type":"LineString","coordinates":[[-73.95446,40.69101],[-73.95455,40.691],[-73.95528,40.69092],[-73.9553,40.69092],[-73.95541,40.69091]]}},{"type":"Feature","properties":{"c":1,"s":"seg_42489210_42528437"},"geometry":{"type":"LineString","coordinates":[[-73.96997,40.60916],[-73.97006,40.60915],[-73.97082,40.60906],[-73.9709,40.60906]]}},{"type":"Feature","properties":{"c":1,"s":"seg_42489210_42528437"},"geometry":{"type":"LineString","coordinates":[[-73.96997,40.60916],[-73.96989,40.60917],[-73.96913,40.60925],[-73.96904,40.60926]]}},{"type":"Feature","properties":{"c":1,"s":"seg_42501277_42505519"},"geometry":{"type":"LineString","coordinates":[[-73.92131,40.68907],[-73.92135,40.6891],[-73.92157,40.68922],[-73.9216,40.68924],[-73.92183,40.68937],[-73.92201,40.68947],[-73.92211,40.68953]]}},{"type":"Feature","properties":{"c":1,"s":"seg_42501277_42505519"},"geometry":{"type":"LineString","coordinates":[[-73.92316,40.69013],[-73.92281,40.68993]]}},{"type":"Feature","properties":{"c":1,"s":"seg_42501277_42505519"},"geometry":{"type":"LineString","coordinates":[[-73.92316,40.69013],[-73.92339,40.69025]]}},{"type":"Feature","properties":{"c":2,"s":"seg_42498990_42505026"},"geometry":{"type":"LineString","coordinates":[[-73.99477,40.57794],[-73.99488,40.57793],[-73.99688,40.5777]]}},{"type":"Feature","properties":{"c":1,"s":"seg_42504102_7711304351"},"geometry":{"type":"LineString","coordinates":[[-73.94042,40.70108],[-73.94059,40.70103],[-73.94178,40.70076],[-73.94193,40.70072]]}},{"type":"Feature","properties":{"c":1,"s":"seg_42504102_7711304351"},"geometry":{"type":"LineString","coordinates":[[-73.94042,40.70108],[-73.94038,40.70109],[-73.93957,40.70127],[-73.93946,40.70129]]}},{"type":"Feature","properties":{"c":1,"s":"seg_42488278_42491450"},"geometry":{"type":"LineString","coordinates":[[-73.94907,40.70479],[-73.94866,40.70457],[-73.94856,40.70451]]}},{"type":"Feature","properties":{"c":1,"s":"seg_42488278_42491450"},"geometry":{"type":"LineString","coordinates":[[-73.94907,40.70479],[-73.94942,40.70499],[-73.94947,40.70502]]}},{"type":"Feature","properties":{"c":1,"s":"seg_42466929_42516233"},"geometry":{"type":"LineString","coordinates":[[-73.94353,40.69603],[-73.94345,40.69604],[-73.94274,40.69612],[-73.94232,40.69617],[-73.94184,40.69622],[-73.94153,40.69626],[-73.94123,40.69629],[-73.94108,40.69631],[-73.94089,40.69633],[-73.94082,40.69634],[-73.94071,40.69635]]}},{"type":"Feature","properties":{"c":1,"s":"seg_42466929_42516233"},"geometry":{"type":"LineString","coordinates":[[-73.94353,40.69603],[-73.94364,40.69602],[-73.94427,40.69595],[-73.94542,40.69581],[-73.94544,40.69581],[-73.94556,40.6958],[-73.94564,40.69579],[-73.94595,40.69575],[-73.94598,40.69575],[-73.94629,40.69571],[-73.94637,40.6957]]}},{"type":"Feature","properties":{"c":3,"s":"seg_42520247_42481558"},"geometry":{"type":"LineString","coordinates":[[-73.94251,40.69089],[-73.94243,40.6909],[-73.94212,40.69094],[-73.93979,40.69121],[-73.93968,40.69122]]}},{"type":"Feature","properties":{"c":1,"s":"seg_42505549_42505552"},"geometry":{"type":"LineString","coordinates":[[-73.92055,40.68864],[-73.92049,40.68861],[-73.92013,40.6884],[-73.92005,40.68835]]}},{"type":"Feature","properties":{"c":2,"s":"seg_42469382_42504062"},"geometry":{"type":"LineString","coordinates":[[-73.96488,40.69771],[-73.96395,40.69786]]}},{"type":"Feature","properties":{"c":2,"s":"seg_42469382_42504062"},"geometry":{"type":"LineString","coordinates":[[-73.96488,40.69771],[-73.96543,40.69763],[-73.96578,40.69764]]}},{"type":"Feature","properties":{"c":1,"s":"seg_42467024_42469614"},"geometry":{"type":"LineString","coordinates":[[-73.96406,40.69367],[-73.96399,40.69367],[-73.96314,40.69377]]}},{"type":"Feature","properties":{"c":1,"s":"seg_42467024_42469614"},"geometry":{"type":"LineString","coordinates":[[-73.96406,40.69367],[-73.96417,40.69365],[-73.96499,40.69356]]}},{"type":"Feature","properties":{"c":2,"s":"seg_42520247_42481558"},"geometry":{"type":"LineString","coordinates":[[-73.96284,40.68856],[-73.96275,40.68856],[-73.96245,40.6886],[-73.96195,40.68866],[-73.96128,40.68874],[-73.96121,40.68874],[-73.96115,40.68875],[-73.96054,40.68882],[-73.9601,40.68887],[-73.96002,40.68888]]}},{"type":"Feature","properties":{"c":1,"s":"seg_42501277_42505519"},"geometry":{"type":"LineString","coordinates":[[-73.93121,40.69471],[-73.93125,40.69474],[-73.93144,40.69484]]}},{"type":"Feature","properties":{"c":3,"s":"seg_42518929_42525105"},"geometry":{"type":"LineString","coordinates":[[-73.86684,40.67033],[-73.86675,40.67035],[-73.86606,40.67045],[-73.866,40.67045],[-73.86589,40.67047]]}},{"type":"Feature","properties":{"c":3,"s":"seg_42518929_42525105"},"geometry":{"type":"LineString","coordinates":[[-73.86684,40.67033],[-73.86693,40.67032],[-73.86767,40.67021],[-73.86776,40.6702]]}},{"type":"Feature","properties":{"c":3,"s":"seg_42518929_42525105"},"geometry":{"type":"LineString","coordinates":[[-73.88618,40.66752],[-73.88625,40.66751],[-73.88701,40.6674],[-73.88708,40.66739]]}},{"type":"Feature","properties":{"c":1,"s":"seg_42504156_42504158"},"geometry":{"type":"LineString","coordinates":[[-73.93395,40.70267],[-73.93403,40.70266],[-73.93501,40.7024],[-73.93534,40.70231]]}},{"type":"Feature","properties":{"c":1,"s":"seg_42477890_42517070"},"geometry":{"type":"LineString","coordinates":[[-73.92932,40.69765],[-73.92943,40.69763],[-73.92954,40.69762],[-73.9298,40.69759]]}},{"type":"Feature","properties":{"c":1,"s":"seg_1372888841_1372888679"},"geometry":{"type":"LineString","coordinates":[[-73.99912,40.65932],[-73.99906,40.65937],[-73.99858,40.65983],[-73.99854,40.65987]]}},{"type":"Feature","properties":{"c":2,"s":"seg_42469382_42504062"},"geometry":{"type":"LineString","coordinates":[[-73.96973,40.69781],[-73.96963,40.69781],[-73.96872,40.69777]]}},{"type":"Feature","properties":{"c":2,"s":"seg_42520247_42481558"},"geometry":{"type":"LineString","coordinates":[[-73.96779,40.68798],[-73.96769,40.688],[-73.96691,40.68808],[-73.96682,40.68809]]}},{"type":"Feature","properties":{"c":2,"s":"seg_42482069_42521887"},"geometry":{"type":"LineString","coordinates":[[-73.91072,40.64789],[-73.91065,40.64793],[-73.91007,40.64831],[-73.91,40.64836]]}},{"type":"Feature","properties":{"c":2,"s":"seg_42482069_42521887"},"geometry":{"type":"LineString","coordinates":[[-73.91072,40.64789],[-73.91079,40.64784],[-73.91168,40.64727],[-73.91175,40.64722]]}},{"type":"Feature","properties":{"c":2,"s":"seg_42472058_42500825"},"geometry":{"type":"LineString","coordinates":[[-73.90377,40.64165],[-73.9037,40.6417],[-73.90353,40.64181],[-73.90333,40.64194],[-73.90312,40.64207],[-73.90306,40.64211]]}},{"type":"Feature","properties":{"c":2,"s":"seg_42472058_42500825"},"geometry":{"type":"LineString","coordinates":[[-73.90377,40.64165],[-73.90384,40.64161],[-73.90431,40.6413],[-73.90444,40.64122],[-73.90455,40.64115],[-73.90463,40.6411]]}},{"type":"Feature","properties":{"c":1,"s":"seg_42467702_10694159060"},"geometry":{"type":"LineString","coordinates":[[-73.92106,40.65717],[-73.92103,40.65724],[-73.92078,40.65793],[-73.92075,40.658]]}},{"type":"Feature","properties":{"c":1,"s":"seg_42467702_10694159060"},"geometry":{"type":"LineString","coordinates":[[-73.92106,40.65717],[-73.92109,40.65709],[-73.92119,40.65685],[-73.92125,40.65667],[-73.9213,40.65656]]}},{"type":"Feature","properties":{"c":2,"s":"seg_42493279_42514760"},"geometry":{"type":"LineString","coordinates":[[-73.92907,40.66434],[-73.929,40.66437],[-73.92878,40.66447],[-73.92871,40.6645]]}},{"type":"Feature","properties":{"c":2,"s":"seg_42493972_42508200"},"geometry":{"type":"LineString","coordinates":[[-73.92042,40.6309],[-73.92061,40.63077],[-73.92074,40.63069],[-73.92106,40.63049],[-73.92121,40.6304],[-73.9213,40.63034]]}},{"type":"Feature","properties":{"c":1,"s":"seg_42503269_42510419"},"geometry":{"type":"LineString","coordinates":[[-73.92292,40.65428],[-73.923,40.65427],[-73.92323,40.65426],[-73.92349,40.65424],[-73.92355,40.65424],[-73.92363,40.65423],[-73.92377,40.65423],[-73.92385,40.65422]]}},{"type":"Feature","properties":{"c":1,"s":"seg_1942053995_1942053917"},"geometry":{"type":"LineString","coordinates":[[-73.92292,40.65428],[-73.92285,40.65428],[-73.92246,40.65431],[-73.92238,40.65431],[-73.92232,40.65432]]}},{"type":"Feature","properties":{"c":1,"s":"seg_42504102_7711304351"},"geometry":{"type":"LineString","coordinates":[[-73.93534,40.70231],[-73.93687,40.70194],[-73.93699,40.70191]]}},{"type":"Feature","properties":{"c":2,"s":"seg_42524489_42531283"},"geometry":{"type":"LineString","coordinates":[[-73.92916,40.60553],[-73.92951,40.60531],[-73.92981,40.60511],[-73.92987,40.60508]]}},{"type":"Feature","properties":{"c":1,"s":"seg_42489210_42528437"},"geometry":{"type":"LineString","coordinates":[[-73.96337,40.60988],[-73.96346,40.60987],[-73.96422,40.60979],[-73.9643,40.60978]]}},{"type":"Feature","properties":{"c":2,"s":"seg_42472058_42500825"},"geometry":{"type":"LineString","coordinates":[[-73.91251,40.63601],[-73.91244,40.63605],[-73.91225,40.63617],[-73.91209,40.63628],[-73.91204,40.63631],[-73.91191,40.63639],[-73.91185,40.63643],[-73.91179,40.63647]]}},{"type":"Feature","properties":{"c":1,"s":"seg_42485251_42502758"},"geometry":{"type":"LineString","coordinates":[[-74.02929,40.62051],[-74.02927,40.62055],[-74.0292,40.62071]]}},{"type":"Feature","properties":{"c":1,"s":"seg_42485251_42502758"},"geometry":{"type":"LineString","coordinates":[[-74.02929,40.62051],[-74.02931,40.62046],[-74.02933,40.62041],[-74.02934,40.62039],[-74.02954,40.61989],[-74.02956,40.61983]]}},{"type":"Feature","properties":{"c":2,"s":"seg_42517380_42530073"},"geometry":{"type":"LineString","coordinates":[[-73.99995,40.62405],[-73.99989,40.62411],[-73.9994,40.62458],[-73.99932,40.62466]]}},{"type":"Feature","properties":{"c":1,"s":"seg_42488278_42491450"},"geometry":{"type":"LineString","coordinates":[[-73.94815,40.70428],[-73.94856,40.70451]]}},{"type":"Feature","properties":{"c":1,"s":"seg_42488278_42491450"},"geometry":{"type":"LineString","coordinates":[[-73.94815,40.70428],[-73.94797,40.70418],[-73.94789,40.70414]]}},{"type":"Feature","properties":{"c":1,"s":"seg_42477549_42517097"},"geometry":{"type":"LineString","coordinates":[[-73.91884,40.69876],[-73.91862,40.69878],[-73.91849,40.6988],[-73.91844,40.6988],[-73.91839,40.69881]]}},{"type":"Feature","properties":{"c":1,"s":"seg_42501277_42505519"},"geometry":{"type":"LineString","coordinates":[[-73.92533,40.69136],[-73.92439,40.69083]]}},{"type":"Feature","properties":{"c":1,"s":"seg_42501277_42505519"},"geometry":{"type":"LineString","coordinates":[[-73.92533,40.69136],[-73.9255,40.69146],[-73.92555,40.69149]]}},{"type":"Feature","properties":{"c":1,"s":"seg_42501277_42505519"},"geometry":{"type":"LineString","coordinates":[[-73.92555,40.69149],[-73.92561,40.69152],[-73.92625,40.69189],[-73.92632,40.69193]]}},{"type":"Feature","properties":{"c":1,"s":"seg_42482591_42533770"},"geometry":{"type":"LineString","coordinates":[[-73.97778,40.6083],[-73.97786,40.60829],[-73.97862,40.6082],[-73.9787,40.6082]]}},{"type":"Feature","properties":{"c":1,"s":"seg_42482591_42533770"},"geometry":{"type":"LineString","coordinates":[[-73.97778,40.6083],[-73.97769,40.60831],[-73.97693,40.60839],[-73.97685,40.6084]]}},{"type":"Feature","properties":{"c":2,"s":"seg_42498990_42505026"},"geometry":{"type":"LineString","coordinates":[[-74.00322,40.5769],[-74.00315,40.57691],[-74.00307,40.57692],[-74.00234,40.577],[-74.00217,40.57702]]}},{"type":"Feature","properties":{"c":1,"s":"seg_42503024_2321627891"},"geometry":{"type":"LineString","coordinates":[[-73.98626,40.60736],[-73.98619,40.60736],[-73.98618,40.60737],[-73.98542,40.60746],[-73.98533,40.60747]]}},{"type":"Feature","properties":{"c":1,"s":"seg_42503024_2321627891"},"geometry":{"type":"LineString","coordinates":[[-73.98626,40.60736],[-73.98635,40.60735],[-73.98679,40.6073],[-73.98711,40.60726],[-73.98726,40.60725]]}},{"type":"Feature","properties":{"c":2,"s":"seg_42490860_42501633"},"geometry":{"type":"LineString","coordinates":[[-73.99247,40.62051],[-73.99239,40.62047],[-73.99028,40.61919],[-73.99018,40.61913]]}},{"type":"Feature","properties":{"c":2,"s":"seg_42501645_42509571"},"geometry":{"type":"LineString","coordinates":[[-73.99837,40.61483],[-73.99829,40.61478],[-73.99799,40.6146],[-73.99616,40.6135],[-73.99607,40.61345],[-73.99598,40.6134]]}},{"type":"Feature","properties":{"c":1,"s":"seg_42467024_42469614"},"geometry":{"type":"LineString","coordinates":[[-73.98174,40.69359],[-73.98183,40.69362],[-73.98244,40.69365],[-73.98251,40.69365]]}},{"type":"Feature","properties":{"c":1,"s":"seg_42467024_42469614"},"geometry":{"type":"LineString","coordinates":[[-73.96109,40.69401],[-73.96118,40.694],[-73.96214,40.69389],[-73.96221,40.69388]]}},{"type":"Feature","properties":{"c":2,"s":"seg_42501872_42466432"},"geometry":{"type":"LineString","coordinates":[[-73.96029,40.69035],[-73.96039,40.69033],[-73.96063,40.69031],[-73.96153,40.6902],[-73.96173,40.69018],[-73.96201,40.69015],[-73.96209,40.69014],[-73.96225,40.69012],[-73.96335,40.69],[-73.96359,40.68997],[-73.96364,40.68996],[-73.96367,40.68996],[-73.96404,40.68991],[-73.96425,40.68989],[-73.96452,40.68986],[-73.96459,40.68985],[-73.96478,40.68983],[-73.96509,40.68979],[-73.96519,40.68978]]}},{"type":"Feature","properties":{"c":2,"s":"seg_42520247_42481558"},"geometry":{"type":"LineString","coordinates":[[-73.96002,40.68888],[-73.95992,40.68889],[-73.9596,40.68893],[-73.95939,40.68895],[-73.95818,40.6891],[-73.95746,40.68918],[-73.95733,40.6892],[-73.9572,40.68921]]}},{"type":"Feature","properties":{"c":2,"s":"seg_42487613_42477334"},"geometry":{"type":"LineString","coordinates":[[-73.98181,40.65527],[-73.98185,40.6553],[-73.98189,40.65532],[-73.98243,40.65564],[-73.98393,40.65654],[-73.98402,40.65659]]}},{"type":"Feature","properties":{"c":1,"s":"seg_42498568_42501930"},"geometry":{"type":"LineString","coordinates":[[-73.98111,40.65159],[-73.98103,40.65118],[-73.98073,40.64963],[-73.98072,40.64953]]}},{"type":"Feature","properties":{"c":2,"s":"seg_42478859_42497275"},"geometry":{"type":"LineString","coordinates":[[-73.97908,40.64095],[-73.97915,40.6408],[-73.97925,40.64038],[-73.97925,40.6403]]}},{"type":"Feature","properties":{"c":2,"s":"seg_42478859_42497275"},"geometry":{"type":"LineString","coordinates":[[-73.97892,40.64034],[-73.97893,40.64042],[-73.97902,40.64081],[-73.97908,40.64095]]}},{"type":"Feature","properties":{"c":2,"s":"seg_42501950_42501956"},"geometry":{"type":"LineString","coordinates":[[-73.97807,40.63555],[-73.97806,40.63548],[-73.97762,40.63325],[-73.97761,40.63316]]}},{"type":"Feature","properties":{"c":2,"s":"seg_42501950_42501956"},"geometry":{"type":"LineString","coordinates":[[-73.97807,40.63555],[-73.97808,40.63563],[-73.97842,40.63758]]}},{"type":"Feature","properties":{"c":2,"s":"seg_42501950_42501956"},"geometry":{"type":"LineString","coordinates":[[-73.97761,40.63316],[-73.97759,40.63307],[-73.97718,40.63085],[-73.97716,40.63074]]}},{"type":"Feature","properties":{"c":2,"s":"seg_42501950_42501956"},"geometry":{"type":"LineString","coordinates":[[-73.97685,40.62909],[-73.97684,40.62903],[-73.97671,40.62842],[-73.9767,40.62835]]}},{"type":"Feature","properties":{"c":2,"s":"seg_42501976_42501978"},"geometry":{"type":"LineString","coordinates":[[-73.9767,40.62835],[-73.97669,40.62829],[-73.97658,40.62768],[-73.97656,40.62761]]}},{"type":"Feature","properties":{"c":2,"s":"seg_42501976_42501978"},"geometry":{"type":"LineString","coordinates":[[-73.97656,40.62761],[-73.97655,40.62752],[-73.97653,40.62743]]}},{"type":"Feature","properties":{"c":2,"s":"seg_42501976_42501978"},"geometry":{"type":"LineString","coordinates":[[-73.97645,40.62701],[-73.97646,40.62707],[-73.97649,40.62723],[-73.97652,40.62738],[-73.97653,40.62743]]}},{"type":"Feature","properties":{"c":2,"s":"seg_42501976_42501978"},"geometry":{"type":"LineString","coordinates":[[-73.97645,40.62701],[-73.97644,40.62695],[-73.97628,40.62607],[-73.97626,40.62599]]}},{"type":"Feature","properties":{"c":2,"s":"seg_42501976_42501978"},"geometry":{"type":"LineString","coordinates":[[-73.97626,40.62599],[-73.97625,40.62591],[-73.97582,40.62369],[-73.9758,40.6236]]}},{"type":"Feature","properties":{"c":1,"s":"seg_42482591_42533770"},"geometry":{"type":"LineString","coordinates":[[-73.973,40.60882],[-73.97315,40.60881],[-73.97321,40.6088]]}},{"type":"Feature","properties":{"c":2,"s":"seg_42524489_42531283"},"geometry":{"type":"LineString","coordinates":[[-73.92483,40.60835],[-73.92489,40.6083],[-73.92511,40.60816],[-73.92517,40.60812],[-73.92547,40.60793],[-73.92554,40.60788]]}},{"type":"Feature","properties":{"c":3,"s":"seg_42518929_42525105"},"geometry":{"type":"LineString","coordinates":[[-73.87849,40.66866],[-73.87858,40.66864],[-73.87933,40.66853],[-73.87941,40.66852]]}},{"type":"Feature","properties":{"c":3,"s":"seg_42518929_42525105"},"geometry":{"type":"LineString","coordinates":[[-73.8836,40.6679],[-73.88367,40.66789],[-73.88435,40.66779],[-73.88441,40.66779]]}},{"type":"Feature","properties":{"c":1,"s":"seg_42505571_42505573"},"geometry":{"type":"LineString","coordinates":[[-73.91331,40.68451],[-73.91311,40.68441],[-73.91304,40.68437]]}},{"type":"Feature","properties":{"c":1,"s":"seg_42505571_42505573"},"geometry":{"type":"LineString","coordinates":[[-73.91331,40.68451],[-73.91357,40.68467],[-73.9138,40.6848]]}},{"type":"Feature","properties":{"c":1,"s":"seg_42489678_42520476"},"geometry":{"type":"LineString","coordinates":[[-73.94657,40.6148],[-73.94665,40.61474],[-73.94735,40.61428],[-73.94742,40.61424]]}},{"type":"Feature","properties":{"c":2,"s":"seg_42524489_42531283"},"geometry":{"type":"LineString","coordinates":[[-73.94382,40.60022],[-73.94389,40.60021],[-73.94465,40.60012],[-73.94474,40.60011]]}},{"type":"Feature","properties":{"c":2,"s":"seg_42526068_42526066"},"geometry":{"type":"LineString","coordinates":[[-73.95227,40.64879],[-73.95228,40.64887],[-73.95236,40.64961],[-73.95236,40.64967]]}},{"type":"Feature","properties":{"c":1,"s":"seg_42467702_10694159060"},"geometry":{"type":"LineString","coordinates":[[-73.92359,40.65053],[-73.92355,40.65061],[-73.92347,40.65083],[-73.92345,40.65088],[-73.92336,40.65114]]}},{"type":"Feature","properties":{"c":1,"s":"seg_42467702_10694159060"},"geometry":{"type":"LineString","coordinates":[[-73.92359,40.65053],[-73.92361,40.65044],[-73.92364,40.65039],[-73.92373,40.65015],[-73.92394,40.64962]]}},{"type":"Feature","properties":{"c":2,"s":"seg_42467702_10694159060"},"geometry":{"type":"LineString","coordinates":[[-73.92342,40.65054],[-73.92339,40.65063],[-73.92304,40.65157],[-73.92301,40.65165]]}},{"type":"Feature","properties":{"c":2,"s":"seg_42471906_42487870"},"geometry":{"type":"LineString","coordinates":[[-74.0123,40.67786],[-74.01235,40.67782],[-74.01287,40.67738],[-74.01292,40.67733]]}},{"type":"Feature","properties":{"c":2,"s":"seg_42471906_42487870"},"geometry":{"type":"LineString","coordinates":[[-74.0123,40.67786],[-74.01224,40.67792],[-74.01173,40.67835],[-74.01168,40.67839]]}},{"type":"Feature","properties":{"c":1,"s":"seg_42502920_2987758901"},"geometry":{"type":"LineString","coordinates":[[-73.94439,40.72024],[-73.94443,40.72034],[-73.94444,40.72036],[-73.94448,40.72041],[-73.9445,40.72044],[-73.94456,40.7205],[-73.94467,40.72062],[-73.94471,40.72066],[-73.94487,40.7208],[-73.94491,40.72084]]}},{"type":"Feature","properties":{"c":2,"s":"seg_42476536_42476545"},"geometry":{"type":"LineString","coordinates":[[-73.94439,40.72024],[-73.94452,40.72017],[-73.9455,40.71957],[-73.94556,40.71953]]}},{"type":"Feature","properties":{"c":1,"s":"seg_42464409_42490339"},"geometry":{"type":"LineString","coordinates":[[-73.94223,40.7118],[-73.94215,40.71181],[-73.94128,40.7119],[-73.9408,40.71195],[-73.94069,40.71196]]}},{"type":"Feature","properties":{"c":1,"s":"seg_42471463_42521324"},"geometry":{"type":"LineString","coordinates":[[-74.03317,40.61341],[-74.03312,40.61346],[-74.03309,40.6135],[-74.0327,40.61395],[-74.03264,40.61402]]}},{"type":"Feature","properties":{"c":1,"s":"seg_42471463_42521324"},"geometry":{"type":"LineString","coordinates":[[-74.03317,40.61341],[-74.03321,40.61336],[-74.0334,40.61314],[-74.03362,40.61289],[-74.03365,40.61284]]}},{"type":"Feature","properties":{"c":1,"s":"seg_42503024_2321627891"},"geometry":{"type":"LineString","coordinates":[[-73.98726,40.60725],[-73.9874,40.60723],[-73.98777,40.60719],[-73.98823,40.60714],[-73.98841,40.60712]]}},{"type":"Feature","properties":{"c":2,"s":"seg_42474631_42491304"},"geometry":{"type":"LineString","coordinates":[[-73.98609,40.60107],[-73.98607,40.60098],[-73.98603,40.60077],[-73.986,40.60063],[-73.98596,40.6004],[-73.98594,40.60033]]}},{"type":"Feature","properties":{"c":2,"s":"seg_42474631_42491304"},"geometry":{"type":"LineString","coordinates":[[-73.98568,40.59891],[-73.98564,40.59871],[-73.98561,40.59857],[-73.98555,40.59825],[-73.98552,40.59805],[-73.98549,40.59794]]}},{"type":"Feature","properties":{"c":2,"s":"seg_42469540_42503083"},"geometry":{"type":"LineString","coordinates":[[-73.98401,40.59015],[-73.9839,40.58957]]}},{"type":"Feature","properties":{"c":2,"s":"seg_42469540_42503083"},"geometry":{"type":"LineString","coordinates":[[-73.9839,40.58957],[-73.98382,40.58913],[-73.9838,40.58904]]}},{"type":"Feature","properties":{"c":2,"s":"seg_42505018_42498990"},"geometry":{"type":"LineString","coordinates":[[-73.98194,40.57919],[-73.9821,40.57919],[-73.983,40.57917],[-73.98308,40.57916]]}},{"type":"Feature","properties":{"c":2,"s":"seg_42480200_42503137"},"geometry":{"type":"LineString","coordinates":[[-73.98194,40.57919],[-73.98192,40.57907],[-73.98188,40.57884],[-73.98187,40.57879],[-73.98183,40.57857],[-73.9816,40.57735],[-73.98156,40.57719],[-73.98154,40.57709],[-73.98152,40.57699]]}},{"type":"Feature","properties":{"c":2,"s":"seg_42505018_42498990"},"geometry":{"type":"LineString","coordinates":[[-73.98194,40.57919],[-73.98177,40.57921],[-73.98152,40.57923],[-73.98139,40.57924],[-73.98127,40.57926],[-73.98118,40.57927],[-73.98089,40.5793],[-73.98079,40.57931],[-73.97992,40.57941],[-73.97981,40.57943],[-73.97975,40.57943],[-73.97972,40.57944],[-73.97961,40.57945]]}},{"type":"Feature","properties":{"c":2,"s":"seg_42480200_42503137"},"geometry":{"type":"LineString","coordinates":[[-73.98152,40.57699],[-73.9815,40.5769],[-73.98142,40.57643],[-73.98126,40.57569],[-73.98122,40.57557]]}},{"type":"Feature","properties":{"c":2,"s":"seg_8400869517_9387171045"},"geometry":{"type":"LineString","coordinates":[[-73.98122,40.57557],[-73.98108,40.57557],[-73.98099,40.57557],[-73.98062,40.57556],[-73.98057,40.57556],[-73.98045,40.57556],[-73.97973,40.57554],[-73.97965,40.57554]]}},{"type":"Feature","properties":{"c":3,"s":"seg_42480200_42503137"},"geometry":{"type":"LineString","coordinates":[[-73.98122,40.57557],[-73.98118,40.57543],[-73.98112,40.57503],[-73.98108,40.57481],[-73.98098,40.57417]]}},{"type":"Feature","properties":{"c":2,"s":"seg_8400869517_9387171045"},"geometry":{"type":"LineString","coordinates":[[-73.98122,40.57557],[-73.98136,40.57557],[-73.98176,40.57556],[-73.98224,40.57553],[-73.98232,40.57553]]}},{"type":"Feature","properties":{"c":2,"s":"seg_42493972_42508200"},"geometry":{"type":"LineString","coordinates":[[-73.92671,40.62682],[-73.92721,40.6265],[-73.92752,40.62631],[-73.92766,40.62622]]}},{"type":"Feature","properties":{"c":2,"s":"seg_42493972_42508200"},"geometry":{"type":"LineString","coordinates":[[-73.92671,40.62682],[-73.92646,40.62698],[-73.92609,40.62722],[-73.92583,40.62739]]}},{"type":"Feature","properties":{"c":1,"s":"seg_42503269_42510419"},"geometry":{"type":"LineString","coordinates":[[-73.92959,40.65386],[-73.92952,40.65387],[-73.92877,40.65392],[-73.92866,40.65392]]}},{"type":"Feature","properties":{"c":1,"s":"seg_42503269_42510419"},"geometry":{"type":"LineString","coordinates":[[-73.92959,40.65386],[-73.92967,40.65386],[-73.92991,40.65384],[-73.93023,40.65383],[-73.93046,40.65381],[-73.9306,40.6538]]}},{"type":"Feature","properties":{"c":2,"s":"seg_42475193_42927436"},"geometry":{"type":"LineString","coordinates":[[-73.89093,40.68341],[-73.89044,40.68372],[-73.8903,40.68381],[-73.89017,40.68389],[-73.88963,40.68424],[-73.88949,40.68434],[-73.88879,40.68485]]}},{"type":"Feature","properties":{"c":2,"s":"seg_8400869517_9387171045"},"geometry":{"type":"LineString","coordinates":[[-73.98232,40.57553],[-73.98245,40.57552],[-73.98293,40.57548],[-73.983,40.57547],[-73.98315,40.57546],[-73.98335,40.57544],[-73.98342,40.57543]]}},{"type":"Feature","properties":{"c":2,"s":"seg_8400869517_9387171045"},"geometry":{"type":"LineString","coordinates":[[-73.98342,40.57543],[-73.9835,40.57542],[-73.98431,40.57532],[-73.98443,40.57531],[-73.98452,40.5753]]}},{"type":"Feature","properties":{"c":2,"s":"seg_8400869517_9387171045"},"geometry":{"type":"LineString","coordinates":[[-73.98452,40.5753],[-73.98462,40.57529],[-73.9849,40.57526],[-73.98496,40.57525],[-73.98547,40.57517],[-73.98557,40.57516]]}},{"type":"Feature","properties":{"c":2,"s":"seg_8400869517_9387171045"},"geometry":{"type":"LineString","coordinates":[[-73.98557,40.57516],[-73.98565,40.57514],[-73.98607,40.57504],[-73.98651,40.57492],[-73.9866,40.5749]]}},{"type":"Feature","properties":{"c":2,"s":"seg_8400869517_9387171045"},"geometry":{"type":"LineString","coordinates":[[-73.98869,40.5743],[-73.98961,40.57403],[-73.98969,40.57401]]}},{"type":"Feature","properties":{"c":2,"s":"seg_42493279_42514760"},"geometry":{"type":"LineString","coordinates":[[-73.92592,40.66571],[-73.92567,40.66583],[-73.92562,40.66585],[-73.92546,40.66592]]}},{"type":"Feature","properties":{"c":3,"s":"seg_42518929_42525105"},"geometry":{"type":"LineString","coordinates":[[-73.86131,40.67113],[-73.86142,40.67111],[-73.86147,40.6711],[-73.86223,40.671]]}},{"type":"Feature","properties":{"c":2,"s":"seg_42469382_42504062"},"geometry":{"type":"LineString","coordinates":[[-73.96395,40.69786],[-73.96297,40.69802],[-73.96284,40.69804]]}},{"type":"Feature","properties":{"c":1,"s":"seg_42492107_42504068"},"geometry":{"type":"LineString","coordinates":[[-73.95702,40.69897],[-73.95692,40.69899],[-73.95608,40.69909]]}},{"type":"Feature","properties":{"c":1,"s":"seg_42481529_42482215"},"geometry":{"type":"LineString","coordinates":[[-73.94813,40.70001],[-73.9498,40.69981]]}},{"type":"Feature","properties":{"c":1,"s":"seg_42481529_42482215"},"geometry":{"type":"LineString","coordinates":[[-73.94813,40.70001],[-73.94733,40.7001],[-73.94722,40.70011]]}},{"type":"Feature","properties":{"c":1,"s":"seg_42504102_7711304351"},"geometry":{"type":"LineString","coordinates":[[-73.94722,40.70011],[-73.94712,40.70012],[-73.94632,40.70022]]}},{"type":"Feature","properties":{"c":1,"s":"seg_42504102_7711304351"},"geometry":{"type":"LineString","coordinates":[[-73.94193,40.70072],[-73.94212,40.7007],[-73.9424,40.70067],[-73.94363,40.70052],[-73.94376,40.7005],[-73.94426,40.70044],[-73.94439,40.70043]]}},{"type":"Feature","properties":{"c":1,"s":"seg_42504156_42504158"},"geometry":{"type":"LineString","coordinates":[[-73.9327,40.70317],[-73.93263,40.7032],[-73.93193,40.70346]]}},{"type":"Feature","properties":{"c":1,"s":"seg_42504156_42504158"},"geometry":{"type":"LineString","coordinates":[[-73.92874,40.70472],[-73.92862,40.70477],[-73.92811,40.70496]]}},{"type":"Feature","properties":{"c":1,"s":"seg_42504156_42504158"},"geometry":{"type":"LineString","coordinates":[[-73.92811,40.70496],[-73.92659,40.70556]]}},{"type":"Feature","properties":{"c":1,"s":"seg_42504156_42504158"},"geometry":{"type":"LineString","coordinates":[[-73.92659,40.70556],[-73.92636,40.70564],[-73.92622,40.70569]]}},{"type":"Feature","properties":{"c":1,"s":"seg_42504156_42504158"},"geometry":{"type":"LineString","coordinates":[[-73.92514,40.70657],[-73.92604,40.70576]]}},{"type":"Feature","properties":{"c":1,"s":"seg_42504181_1275778402"},"geometry":{"type":"LineString","coordinates":[[-73.92514,40.70657],[-73.92485,40.70682],[-73.92423,40.70734],[-73.92417,40.70739]]}},{"type":"Feature","properties":{"c":1,"s":"seg_42504181_1275778402"},"geometry":{"type":"LineString","coordinates":[[-73.92417,40.70739],[-73.9241,40.70745],[-73.924,40.70754]]}},{"type":"Feature","properties":{"c":1,"s":"seg_42504181_1275778402"},"geometry":{"type":"LineString","coordinates":[[-73.92302,40.70842],[-73.92312,40.70834],[-73.92375,40.70778]]}},{"type":"Feature","properties":{"c":2,"s":"seg_42501872_42466432"},"geometry":{"type":"LineString","coordinates":[[-73.97411,40.68966],[-73.97419,40.68967],[-73.97502,40.6897],[-73.97506,40.6897],[-73.97511,40.6897]]}},{"type":"Feature","properties":{"c":3,"s":"seg_42518929_42525105"},"geometry":{"type":"LineString","coordinates":[[-73.8853,40.66765],[-73.88537,40.66764],[-73.88611,40.66753],[-73.88618,40.66752]]}},{"type":"Feature","properties":{"c":2,"s":"seg_42515240_42535318"},"geometry":{"type":"LineString","coordinates":[[-73.93637,40.60292],[-73.93674,40.60326],[-73.93677,40.60329],[-73.93685,40.60336]]}},{"type":"Feature","properties":{"c":2,"s":"seg_42515240_42535318"},"geometry":{"type":"LineString","coordinates":[[-73.93637,40.60292],[-73.9358,40.60241],[-73.93534,40.602],[-73.93512,40.6018],[-73.93504,40.60173]]}},{"type":"Feature","properties":{"c":3,"s":"seg_42524489_42531283"},"geometry":{"type":"LineString","coordinates":[[-73.9362,40.60106],[-73.9361,40.60106],[-73.9356,40.60111],[-73.93526,40.60114]]}},{"type":"Feature","properties":{"c":2,"s":"seg_42524489_42531283"},"geometry":{"type":"LineString","coordinates":[[-73.9362,40.60106],[-73.93629,40.60104],[-73.93641,40.60103],[-73.93705,40.60096],[-73.93715,40.60095]]}},{"type":"Feature","properties":{"c":2,"s":"seg_42524489_42531283"},"geometry":{"type":"LineString","coordinates":[[-73.9362,40.60106],[-73.93611,40.6011],[-73.93585,40.60122],[-73.93534,40.60154]]}},{"type":"Feature","properties":{"c":2,"s":"seg_42477768_42516713"},"geometry":{"type":"LineString","coordinates":[[-73.91107,40.67095],[-73.91134,40.67199],[-73.91134,40.67208]]}},{"type":"Feature","properties":{"c":2,"s":"seg_42477768_42516713"},"geometry":{"type":"LineString","coordinates":[[-73.91107,40.67095],[-73.91091,40.67036],[-73.91089,40.67025],[-73.91081,40.66995],[-73.91076,40.66978],[-73.91074,40.66969]]}},{"type":"Feature","properties":{"c":1,"s":"seg_42521235_42521238"},"geometry":{"type":"LineString","coordinates":[[-74.02389,40.63374],[-74.02386,40.6338],[-74.02356,40.63455],[-74.02353,40.63463]]}},{"type":"Feature","properties":{"c":2,"s":"seg_42517380_42530073"},"geometry":{"type":"LineString","coordinates":[[-74.0012,40.62284],[-74.00125,40.6228],[-74.00164,40.62243],[-74.00169,40.62237]]}},{"type":"Feature","properties":{"c":2,"s":"seg_2356694563_42480221"},"geometry":{"type":"LineString","coordinates":[[-73.9676,40.58036],[-73.96764,40.58023],[-73.96765,40.58017],[-73.96774,40.57978]]}},{"type":"Feature","properties":{"c":2,"s":"seg_42505018_42498990"},"geometry":{"type":"LineString","coordinates":[[-73.98308,40.57916],[-73.98318,40.57915],[-73.98407,40.57906],[-73.98414,40.57905]]}},{"type":"Feature","properties":{"c":2,"s":"seg_42505018_42498990"},"geometry":{"type":"LineString","coordinates":[[-73.98733,40.5787],[-73.98727,40.57871],[-73.9872,40.57871],[-73.98693,40.57874],[-73.98673,40.57877],[-73.98667,40.57878],[-73.98653,40.57879],[-73.98639,40.57881],[-73.98635,40.57881],[-73.98627,40.57882]]}},{"type":"Feature","properties":{"c":2,"s":"seg_42505018_42498990"},"geometry":{"type":"LineString","coordinates":[[-73.99052,40.57835],[-73.99043,40.57836],[-73.98954,40.57846],[-73.98945,40.57847]]}},{"type":"Feature","properties":{"c":2,"s":"seg_42505018_42498990"},"geometry":{"type":"LineString","coordinates":[[-73.99264,40.57817],[-73.99273,40.57816],[-73.99304,40.57812],[-73.99468,40.57794],[-73.99477,40.57794]]}},{"type":"Feature","properties":{"c":2,"s":"seg_42498990_42505026"},"geometry":{"type":"LineString","coordinates":[[-73.99688,40.5777],[-73.99773,40.57761],[-73.99779,40.57761]]}},{"type":"Feature","properties":{"c":2,"s":"seg_42498990_42505026"},"geometry":{"type":"LineString","coordinates":[[-73.99899,40.57743],[-73.99938,40.57735],[-73.9995,40.57733]]}},{"type":"Feature","properties":{"c":2,"s":"seg_42498990_42505026"},"geometry":{"type":"LineString","coordinates":[[-74.00003,40.57726],[-73.99991,40.57728],[-73.9995,40.57733]]}},{"type":"Feature","properties":{"c":2,"s":"seg_42518929_42525105"},"geometry":{"type":"LineString","coordinates":[[-73.87381,40.66935],[-73.87395,40.66931],[-73.87397,40.66931],[-73.87435,40.66926],[-73.87471,40.66921],[-73.87479,40.6692]]}},{"type":"Feature","properties":{"c":2,"s":"seg_6463799134_42505118"},"geometry":{"type":"LineString","coordinates":[[-73.87064,40.66503],[-73.87058,40.66494],[-73.86977,40.66385],[-73.86961,40.66364],[-73.86948,40.66356]]}},{"type":"Feature","properties":{"c":2,"s":"seg_6463799134_42505118"},"geometry":{"type":"LineString","coordinates":[[-73.86948,40.66356],[-73.86948,40.66367],[-73.8696,40.66383],[-73.87034,40.66482],[-73.87043,40.66493],[-73.87051,40.66504]]}},{"type":"Feature","properties":{"c":2,"s":"seg_6463799134_42505118"},"geometry":{"type":"LineString","coordinates":[[-73.86719,40.66046],[-73.86713,40.66033],[-73.8671,40.66026],[-73.86695,40.66006],[-73.8669,40.66],[-73.86685,40.65993],[-73.86662,40.65962],[-73.86651,40.65948]]}},{"type":"Feature","properties":{"c":2,"s":"seg_6463799134_42505118"},"geometry":{"type":"LineString","coordinates":[[-73.86607,40.65888],[-73.86601,40.6588]]}},{"type":"Feature","properties":{"c":1,"s":"seg_42485251_42502758"},"geometry":{"type":"LineString","coordinates":[[-74.02956,40.61983],[-74.02959,40.61977],[-74.02981,40.61922],[-74.02984,40.61915]]}},{"type":"Feature","properties":{"c":2,"s":"seg_42470780_42508104"},"geometry":{"type":"LineString","coordinates":[[-74.03487,40.62133],[-74.0349,40.62127],[-74.03513,40.62071],[-74.03516,40.62064]]}},{"type":"Feature","properties":{"c":2,"s":"seg_42470780_42508104"},"geometry":{"type":"LineString","coordinates":[[-74.03487,40.62133],[-74.03485,40.62139],[-74.0348,40.62151],[-74.03462,40.62194],[-74.03459,40.622]]}},{"type":"Feature","properties":{"c":2,"s":"seg_42505675_42505677"},"geometry":{"type":"LineString","coordinates":[[-73.93447,40.72441],[-73.93444,40.72435],[-73.93432,40.72407]]}},{"type":"Feature","properties":{"c":2,"s":"seg_42505675_42505677"},"geometry":{"type":"LineString","coordinates":[[-73.93447,40.72441],[-73.9345,40.72448],[-73.93476,40.7251],[-73.93491,40.72548]]}},{"type":"Feature","properties":{"c":2,"s":"seg_42505380_9990599496"},"geometry":{"type":"LineString","coordinates":[[-73.96678,40.7106],[-73.96671,40.71059],[-73.96623,40.71054],[-73.96606,40.71052],[-73.96565,40.71047],[-73.9656,40.71047],[-73.9655,40.71046]]}},{"type":"Feature","properties":{"c":2,"s":"seg_42505380_9990599496"},"geometry":{"type":"LineString","coordinates":[[-73.9655,40.71046],[-73.96541,40.71045],[-73.96399,40.71028],[-73.96388,40.71027]]}},{"type":"Feature","properties":{"c":2,"s":"seg_42505380_9990599496"},"geometry":{"type":"LineString","coordinates":[[-73.9633,40.71024],[-73.96317,40.71021],[-73.96311,40.7102],[-73.96236,40.70995],[-73.96228,40.70991]]}},{"type":"Feature","properties":{"c":2,"s":"seg_42505380_9990599496"},"geometry":{"type":"LineString","coordinates":[[-73.9633,40.71024],[-73.96378,40.71034],[-73.96386,40.71035]]}},{"type":"Feature","properties":{"c":2,"s":"seg_42505380_9990599496"},"geometry":{"type":"LineString","coordinates":[[-73.96228,40.70991],[-73.96222,40.70989],[-73.96166,40.7097],[-73.9614,40.70961],[-73.96117,40.70953]]}},{"type":"Feature","properties":{"c":2,"s":"seg_42505380_9990599496"},"geometry":{"type":"LineString","coordinates":[[-73.96074,40.70939],[-73.96081,40.70941]]}},{"type":"Feature","properties":{"c":1,"s":"seg_42505380_9990599496"},"geometry":{"type":"LineString","coordinates":[[-73.96074,40.70939],[-73.96063,40.70935],[-73.96052,40.70931],[-73.96011,40.70917]]}},{"type":"Feature","properties":{"c":1,"s":"seg_42488278_42491450"},"geometry":{"type":"LineString","coordinates":[[-73.95107,40.70592],[-73.95102,40.70588],[-73.95086,40.7058]]}},{"type":"Feature","properties":{"c":1,"s":"seg_42488278_42491450"},"geometry":{"type":"LineString","coordinates":[[-73.94545,40.70277],[-73.94471,40.70236],[-73.94464,40.70232]]}},{"type":"Feature","properties":{"c":1,"s":"seg_42488278_42491450"},"geometry":{"type":"LineString","coordinates":[[-73.94464,40.70232],[-73.94455,40.70227],[-73.94437,40.70217]]}},{"type":"Feature","properties":{"c":1,"s":"seg_42488278_42491450"},"geometry":{"type":"LineString","coordinates":[[-73.94437,40.70217],[-73.94403,40.70197]]}},{"type":"Feature","properties":{"c":1,"s":"seg_42488278_42491450"},"geometry":{"type":"LineString","coordinates":[[-73.94403,40.70197],[-73.94394,40.70193],[-73.94385,40.70188]]}},{"type":"Feature","properties":{"c":1,"s":"seg_42501277_42505519"},"geometry":{"type":"LineString","coordinates":[[-73.93648,40.69768],[-73.93638,40.69762],[-73.93608,40.69743],[-73.93603,40.6974]]}},{"type":"Feature","properties":{"c":1,"s":"seg_42501277_42505519"},"geometry":{"type":"LineString","coordinates":[[-73.93603,40.6974],[-73.93596,40.69736],[-73.9354,40.69705],[-73.93529,40.69699]]}},{"type":"Feature","properties":{"c":1,"s":"seg_42466929_42516233"},"geometry":{"type":"LineString","coordinates":[[-73.93529,40.69699],[-73.93508,40.69701],[-73.93401,40.69712]]}},{"type":"Feature","properties":{"c":1,"s":"seg_42501277_42505519"},"geometry":{"type":"LineString","coordinates":[[-73.9297,40.69386],[-73.92967,40.69385],[-73.92887,40.69337],[-73.92881,40.69334]]}},{"type":"Feature","properties":{"c":1,"s":"seg_42501277_42505519"},"geometry":{"type":"LineString","coordinates":[[-73.92864,40.69324],[-73.92859,40.69321]]}},{"type":"Feature","properties":{"c":1,"s":"seg_42501277_42505519"},"geometry":{"type":"LineString","coordinates":[[-73.92864,40.69324],[-73.92881,40.69334]]}},{"type":"Feature","properties":{"c":1,"s":"seg_42501277_42505519"},"geometry":{"type":"LineString","coordinates":[[-73.92859,40.69321],[-73.92855,40.69319],[-73.92847,40.69315],[-73.92804,40.6929],[-73.9279,40.69283],[-73.92783,40.69279]]}},{"type":"Feature","properties":{"c":1,"s":"seg_42501277_42505519"},"geometry":{"type":"LineString","coordinates":[[-73.92783,40.69279],[-73.92776,40.69275],[-73.92751,40.6926]]}},{"type":"Feature","properties":{"c":1,"s":"seg_42501277_42505519"},"geometry":{"type":"LineString","coordinates":[[-73.92751,40.6926],[-73.92707,40.69235]]}},{"type":"Feature","properties":{"c":1,"s":"seg_42501277_42505519"},"geometry":{"type":"LineString","coordinates":[[-73.92707,40.69235],[-73.92661,40.69209]]}},{"type":"Feature","properties":{"c":1,"s":"seg_42501277_42505519"},"geometry":{"type":"LineString","coordinates":[[-73.92643,40.69199],[-73.92661,40.69209]]}},{"type":"Feature","properties":{"c":1,"s":"seg_42501277_42505519"},"geometry":{"type":"LineString","coordinates":[[-73.92643,40.69199],[-73.92639,40.69197],[-73.92632,40.69193]]}},{"type":"Feature","properties":{"c":1,"s":"seg_42501277_42505519"},"geometry":{"type":"LineString","coordinates":[[-73.92364,40.6904],[-73.92339,40.69025]]}},{"type":"Feature","properties":{"c":1,"s":"seg_42501277_42505519"},"geometry":{"type":"LineString","coordinates":[[-73.92281,40.68993],[-73.92221,40.68958],[-73.92211,40.68953]]}},{"type":"Feature","properties":{"c":1,"s":"seg_42505549_42505552"},"geometry":{"type":"LineString","coordinates":[[-73.91762,40.68698],[-73.91753,40.68694],[-73.91686,40.68653],[-73.91679,40.68649]]}},{"type":"Feature","properties":{"c":1,"s":"seg_42505549_42505552"},"geometry":{"type":"LineString","coordinates":[[-73.91679,40.68649],[-73.91674,40.68646],[-73.91657,40.68637]]}},{"type":"Feature","properties":{"c":1,"s":"seg_42505549_42505552"},"geometry":{"type":"LineString","coordinates":[[-73.91548,40.68575],[-73.91529,40.68565]]}},{"type":"Feature","properties":{"c":1,"s":"seg_42505549_42505552"},"geometry":{"type":"LineString","coordinates":[[-73.91529,40.68565],[-73.91526,40.68563],[-73.91514,40.68556],[-73.9148,40.68537],[-73.9147,40.68532]]}},{"type":"Feature","properties":{"c":1,"s":"seg_42505571_42505573"},"geometry":{"type":"LineString","coordinates":[[-73.9147,40.68532],[-73.91454,40.68523]]}},{"type":"Feature","properties":{"c":1,"s":"seg_42505571_42505573"},"geometry":{"type":"LineString","coordinates":[[-73.91454,40.68523],[-73.91453,40.68522],[-73.9138,40.6848]]}},{"type":"Feature","properties":{"c":1,"s":"seg_42505571_42505573"},"geometry":{"type":"LineString","coordinates":[[-73.91304,40.68437],[-73.91297,40.68433],[-73.91239,40.68398],[-73.9123,40.68393]]}},{"type":"Feature","properties":{"c":1,"s":"seg_42505571_42505573"},"geometry":{"type":"LineString","coordinates":[[-73.9123,40.68393],[-73.91222,40.68388],[-73.91186,40.68369],[-73.9116,40.68355],[-73.91152,40.68351]]}},{"type":"Feature","properties":{"c":1,"s":"seg_42505571_42505573"},"geometry":{"type":"LineString","coordinates":[[-73.91007,40.68268],[-73.90998,40.68264],[-73.90981,40.68254],[-73.90927,40.68223]]}},{"type":"Feature","properties":{"c":1,"s":"seg_42505571_42505573"},"geometry":{"type":"LineString","coordinates":[[-73.90882,40.68197],[-73.90878,40.68195],[-73.90869,40.6819]]}},{"type":"Feature","properties":{"c":1,"s":"seg_42505571_42505573"},"geometry":{"type":"LineString","coordinates":[[-73.90852,40.6818],[-73.9086,40.68185],[-73.90869,40.6819]]}},{"type":"Feature","properties":{"c":3,"s":"seg_42505675_42505677"},"geometry":{"type":"LineString","coordinates":[[-73.93403,40.7234],[-73.934,40.72334]]}},{"type":"Feature","properties":{"c":2,"s":"seg_42505675_42505677"},"geometry":{"type":"LineString","coordinates":[[-73.93403,40.7234],[-73.93405,40.72346],[-73.93407,40.7235],[-73.93432,40.72407]]}},{"type":"Feature","properties":{"c":1,"s":"seg_42509758_42516166"},"geometry":{"type":"LineString","coordinates":[[-73.9296,40.71472],[-73.93007,40.71464],[-73.93027,40.71459],[-73.93033,40.71457],[-73.9304,40.71454],[-73.93058,40.71444]]}},{"type":"Feature","properties":{"c":1,"s":"seg_42509758_42516166"},"geometry":{"type":"LineString","coordinates":[[-73.9296,40.71472],[-73.92861,40.71497],[-73.92851,40.715]]}},{"type":"Feature","properties":{"c":2,"s":"seg_42524489_42531283"},"geometry":{"type":"LineString","coordinates":[[-73.94089,40.60054],[-73.94082,40.60055],[-73.94007,40.60063],[-73.93997,40.60064]]}},{"type":"Feature","properties":{"c":2,"s":"seg_42524489_42531283"},"geometry":{"type":"LineString","coordinates":[[-73.94089,40.60054],[-73.94099,40.60053],[-73.94117,40.60051]]}},{"type":"Feature","properties":{"c":1,"s":"seg_42505791_42510369"},"geometry":{"type":"LineString","coordinates":[[-73.94303,40.65303],[-73.94312,40.65303],[-73.94335,40.65301],[-73.94365,40.65299],[-73.9439,40.65298],[-73.944,40.65297]]}},{"type":"Feature","properties":{"c":1,"s":"seg_42505791_42510369"},"geometry":{"type":"LineString","coordinates":[[-73.94303,40.65303],[-73.94296,40.65304],[-73.94219,40.65308],[-73.9421,40.65309]]}},{"type":"Feature","properties":{"c":2,"s":"seg_42524489_42531283"},"geometry":{"type":"LineString","coordinates":[[-73.92697,40.60696],[-73.92689,40.60701],[-73.92633,40.60737],[-73.92625,40.60742]]}},{"type":"Feature","properties":{"c":2,"s":"seg_42524489_42531283"},"geometry":{"type":"LineString","coordinates":[[-73.92697,40.60696],[-73.92703,40.60692],[-73.92708,40.60689],[-73.92725,40.60678],[-73.92762,40.60653],[-73.92771,40.60648]]}},{"type":"Feature","properties":{"c":1,"s":"seg_42491856_42511753"},"geometry":{"type":"LineString","coordinates":[[-73.93912,40.62156],[-73.93904,40.62159],[-73.93894,40.62163],[-73.93833,40.62184],[-73.93823,40.62187]]}},{"type":"Feature","properties":{"c":1,"s":"seg_42491856_42511753"},"geometry":{"type":"LineString","coordinates":[[-73.93912,40.62156],[-73.93921,40.62154],[-73.9393,40.62151],[-73.93944,40.62146],[-73.93954,40.62141],[-73.93969,40.62134],[-73.93991,40.62121],[-73.93999,40.62116]]}},{"type":"Feature","properties":{"c":1,"s":"seg_42496975_42475971"},"geometry":{"type":"LineString","coordinates":[[-73.98463,40.67514],[-73.98458,40.6752],[-73.98417,40.67569],[-73.98413,40.67573]]}},{"type":"Feature","properties":{"c":2,"s":"seg_42470780_42508104"},"geometry":{"type":"LineString","coordinates":[[-74.03256,40.62701],[-74.03253,40.62708],[-74.03228,40.62768],[-74.03226,40.62774]]}},{"type":"Feature","properties":{"c":1,"s":"seg_42477666_42485203"},"geometry":{"type":"LineString","coordinates":[[-74.02715,40.62573],[-74.02713,40.62579],[-74.02688,40.6264],[-74.02686,40.62646]]}},{"type":"Feature","properties":{"c":2,"s":"seg_42487939_42491331"},"geometry":{"type":"LineString","coordinates":[[-74.00934,40.61501],[-74.00928,40.61507],[-74.00881,40.61553],[-74.00876,40.61558]]}},{"type":"Feature","properties":{"c":1,"s":"seg_42489210_42528437"},"geometry":{"type":"LineString","coordinates":[[-73.96044,40.6102],[-73.96053,40.61019],[-73.96129,40.61011],[-73.96137,40.6101]]}},{"type":"Feature","properties":{"c":1,"s":"seg_42489210_42528437"},"geometry":{"type":"LineString","coordinates":[[-73.96044,40.6102],[-73.96035,40.61021],[-73.9596,40.6103],[-73.95952,40.6103]]}},{"type":"Feature","properties":{"c":2,"s":"seg_42506224_42506228"},"geometry":{"type":"LineString","coordinates":[[-74.01273,40.6566],[-74.01279,40.65654],[-74.01282,40.65651],[-74.01283,40.6565],[-74.0135,40.65586]]}},{"type":"Feature","properties":{"c":2,"s":"seg_42506224_42506228"},"geometry":{"type":"LineString","coordinates":[[-74.0139,40.65547],[-74.01408,40.65529],[-74.01424,40.65514],[-74.01443,40.65496],[-74.01448,40.65492]]}},{"type":"Feature","properties":{"c":2,"s":"seg_42506224_42506228"},"geometry":{"type":"LineString","coordinates":[[-74.0139,40.65547],[-74.01365,40.65572],[-74.0135,40.65586]]}},{"type":"Feature","properties":{"c":2,"s":"seg_42506224_42506228"},"geometry":{"type":"LineString","coordinates":[[-74.01448,40.65492],[-74.01453,40.65487],[-74.01505,40.65436]]}},{"type":"Feature","properties":{"c":2,"s":"seg_42506224_42506228"},"geometry":{"type":"LineString","coordinates":[[-74.01505,40.65436],[-74.01512,40.65429],[-74.01529,40.65413],[-74.01564,40.65379]]}},{"type":"Feature","properties":{"c":2,"s":"seg_42506224_42506228"},"geometry":{"type":"LineString","coordinates":[[-74.01564,40.65379],[-74.01609,40.65335],[-74.01645,40.65301],[-74.01668,40.65278],[-74.01675,40.65271],[-74.01705,40.65242],[-74.01738,40.65211]]}},{"type":"Feature","properties":{"c":2,"s":"seg_42506224_42506228"},"geometry":{"type":"LineString","coordinates":[[-74.02029,40.64931],[-74.02034,40.64925],[-74.02051,40.64909],[-74.02087,40.64875]]}},{"type":"Feature","properties":{"c":2,"s":"seg_42506224_42506228"},"geometry":{"type":"LineString","coordinates":[[-74.02087,40.64875],[-74.02146,40.64819]]}},{"type":"Feature","properties":{"c":2,"s":"seg_42506224_42506228"},"geometry":{"type":"LineString","coordinates":[[-74.02146,40.64819],[-74.0215,40.64814],[-74.02155,40.64809],[-74.02203,40.64763]]}},{"type":"Feature","properties":{"c":2,"s":"seg_42506224_42506228"},"geometry":{"type":"LineString","coordinates":[[-74.02203,40.64763],[-74.02255,40.64714],[-74.02262,40.64706]]}},{"type":"Feature","properties":{"c":2,"s":"seg_42506224_42506228"},"geometry":{"type":"LineString","coordinates":[[-74.02383,40.6459],[-74.02376,40.64597],[-74.02372,40.64601],[-74.02345,40.64627],[-74.0232,40.6465]]}},{"type":"Feature","properties":{"c":3,"s":"seg_42469534_42506291"},"geometry":{"type":"LineString","coordinates":[[-73.95628,40.72339],[-73.95622,40.72336],[-73.95489,40.72253],[-73.95486,40.72252],[-73.95476,40.72245]]}},{"type":"Feature","properties":{"c":1,"s":"seg_42473012_42521198"},"geometry":{"type":"LineString","coordinates":[[-74.0096,40.64923],[-74.00955,40.64929],[-74.00907,40.64975],[-74.00902,40.64979]]}},{"type":"Feature","properties":{"c":2,"s":"seg_42473045_42526708"},"geometry":{"type":"LineString","coordinates":[[-73.98758,40.63594],[-73.98753,40.636],[-73.98705,40.63645],[-73.987,40.6365]]}},{"type":"Feature","properties":{"c":2,"s":"seg_42488830_42509512"},"geometry":{"type":"LineString","coordinates":[[-74.03047,40.6321],[-74.03059,40.63213],[-74.03306,40.63271],[-74.03315,40.63273]]}},{"type":"Feature","properties":{"c":2,"s":"seg_42470780_42508104"},"geometry":{"type":"LineString","coordinates":[[-74.03311,40.62565],[-74.03313,40.6256],[-74.03336,40.62504],[-74.03339,40.62497]]}},{"type":"Feature","properties":{"c":2,"s":"seg_42470780_42508104"},"geometry":{"type":"LineString","coordinates":[[-74.03404,40.62336],[-74.03407,40.62331],[-74.03429,40.62275],[-74.03432,40.62269]]}},{"type":"Feature","properties":{"c":2,"s":"seg_42470780_42508104"},"geometry":{"type":"LineString","coordinates":[[-74.03432,40.62269],[-74.03434,40.62263],[-74.03457,40.62206],[-74.03459,40.622]]}},{"type":"Feature","properties":{"c":1,"s":"seg_42491856_42511753"},"geometry":{"type":"LineString","coordinates":[[-73.93751,40.62209],[-73.93759,40.62207],[-73.93787,40.62198],[-73.93815,40.62189],[-73.93823,40.62187]]}},{"type":"Feature","properties":{"c":2,"s":"seg_42524489_42531283"},"geometry":{"type":"LineString","coordinates":[[-73.92554,40.60788],[-73.92561,40.60784],[-73.92588,40.60766],[-73.92599,40.60759],[-73.92618,40.60747],[-73.92625,40.60742]]}},{"type":"Feature","properties":{"c":1,"s":"seg_42521331_2317301788"},"geometry":{"type":"LineString","coordinates":[[-74.03365,40.61284],[-74.03369,40.61279],[-74.03387,40.61259],[-74.03411,40.61231]]}},{"type":"Feature","properties":{"c":1,"s":"seg_42489678_42520476"},"geometry":{"type":"LineString","coordinates":[[-73.95077,40.61163],[-73.95085,40.61156],[-73.95086,40.61156],[-73.95114,40.61142],[-73.95128,40.61138],[-73.95141,40.61135],[-73.95141,40.61135],[-73.95158,40.61131],[-73.95167,40.6113]]}},{"type":"Feature","properties":{"c":1,"s":"seg_42508585_42508588"},"geometry":{"type":"LineString","coordinates":[[-73.97171,40.63075],[-73.9717,40.63069],[-73.97167,40.63053],[-73.97163,40.63032],[-73.97159,40.63009],[-73.97157,40.62999]]}},{"type":"Feature","properties":{"c":1,"s":"seg_42508585_42508588"},"geometry":{"type":"LineString","coordinates":[[-73.97216,40.63311],[-73.97218,40.63323],[-73.97229,40.63378],[-73.9726,40.63542],[-73.97263,40.63562],[-73.97271,40.63605],[-73.97273,40.63614]]}},{"type":"Feature","properties":{"c":1,"s":"seg_42479945_42508600"},"geometry":{"type":"LineString","coordinates":[[-73.97364,40.64092],[-73.97366,40.64101],[-73.97375,40.64148],[-73.97396,40.64257],[-73.974,40.64278],[-73.97408,40.64323],[-73.97409,40.64331]]}},{"type":"Feature","properties":{"c":1,"s":"seg_42479945_42508600"},"geometry":{"type":"LineString","coordinates":[[-73.97409,40.64331],[-73.97411,40.64339],[-73.97419,40.6438],[-73.9743,40.64441]]}},{"type":"Feature","properties":{"c":3,"s":"seg_42508585_42508588"},"geometry":{"type":"LineString","coordinates":[[-73.97145,40.63087],[-73.97146,40.63094],[-73.97157,40.6315],[-73.97158,40.63155],[-73.97159,40.63162]]}},{"type":"Feature","properties":{"c":3,"s":"seg_42508585_42508588"},"geometry":{"type":"LineString","coordinates":[[-73.97191,40.63323],[-73.97193,40.63335],[-73.97209,40.63423],[-73.97223,40.63498],[-73.97243,40.63604],[-73.97244,40.63609],[-73.97245,40.63617]]}},{"type":"Feature","properties":{"c":3,"s":"seg_42479945_42508600"},"geometry":{"type":"LineString","coordinates":[[-73.97245,40.63617],[-73.97247,40.63626],[-73.97289,40.63843],[-73.97289,40.63846],[-73.97291,40.63855]]}},{"type":"Feature","properties":{"c":3,"s":"seg_42479945_42508600"},"geometry":{"type":"LineString","coordinates":[[-73.97336,40.64095],[-73.97338,40.64104],[-73.9738,40.64327],[-73.97382,40.64334]]}},{"type":"Feature","properties":{"c":3,"s":"seg_42479945_42508600"},"geometry":{"type":"LineString","coordinates":[[-73.97382,40.64334],[-73.97384,40.64343],[-73.97397,40.64411],[-73.97412,40.6449],[-73.97414,40.64502]]}},{"type":"Feature","properties":{"c":3,"s":"seg_42479945_42508600"},"geometry":{"type":"LineString","coordinates":[[-73.9747,40.64799],[-73.97483,40.64861],[-73.97489,40.64887]]}},{"type":"Feature","properties":{"c":3,"s":"seg_42479945_42508600"},"geometry":{"type":"LineString","coordinates":[[-73.97489,40.64887],[-73.97497,40.64927],[-73.97498,40.64934],[-73.97497,40.64948],[-73.97495,40.64956],[-73.97491,40.64963],[-73.9748,40.64975],[-73.97472,40.64981],[-73.97465,40.64987],[-73.97456,40.64992],[-73.97382,40.65017]]}},{"type":"Feature","properties":{"c":3,"s":"seg_42479945_42508600"},"geometry":{"type":"LineString","coordinates":[[-73.97382,40.65017],[-73.97376,40.65019],[-73.97368,40.65023],[-73.97344,40.65032],[-73.97289,40.65053],[-73.97274,40.65057],[-73.9727,40.65059],[-73.97265,40.6506],[-73.97246,40.65063],[-73.97228,40.65066]]}},{"type":"Feature","properties":{"c":3,"s":"seg_42479945_42508600"},"geometry":{"type":"LineString","coordinates":[[-73.97437,40.64328],[-73.97436,40.64321],[-73.97393,40.64098],[-73.97391,40.64089]]}},{"type":"Feature","properties":{"c":3,"s":"seg_42479945_42508600"},"geometry":{"type":"LineString","coordinates":[[-73.97391,40.64089],[-73.97389,40.6408],[-73.97376,40.64009],[-73.9737,40.6398],[-73.97348,40.63863],[-73.97348,40.63859],[-73.97346,40.6385]]}},{"type":"Feature","properties":{"c":3,"s":"seg_42508585_42508588"},"geometry":{"type":"LineString","coordinates":[[-73.97301,40.63611],[-73.97299,40.63603],[-73.97284,40.63527],[-73.97268,40.63445],[-73.97256,40.63381],[-73.97254,40.63372]]}},{"type":"Feature","properties":{"c":3,"s":"seg_42508585_42508588"},"geometry":{"type":"LineString","coordinates":[[-73.97254,40.63372],[-73.97244,40.63315],[-73.97244,40.63311],[-73.97241,40.63299]]}},{"type":"Feature","properties":{"c":3,"s":"seg_42508585_42508588"},"geometry":{"type":"LineString","coordinates":[[-73.97241,40.63299],[-73.97239,40.63289],[-73.97227,40.63223],[-73.97226,40.63215]]}},{"type":"Feature","properties":{"c":3,"s":"seg_42508585_42508588"},"geometry":{"type":"LineString","coordinates":[[-73.97197,40.63062],[-73.97196,40.63057],[-73.97185,40.63001],[-73.97184,40.62996],[-73.97183,40.62987]]}},{"type":"Feature","properties":{"c":1,"s":"seg_42468913_42508786"},"geometry":{"type":"LineString","coordinates":[[-73.97157,40.62999],[-73.97155,40.6299],[-73.97147,40.62948],[-73.97143,40.62923],[-73.97137,40.62893]]}},{"type":"Feature","properties":{"c":1,"s":"seg_42468913_42508786"},"geometry":{"type":"LineString","coordinates":[[-73.97137,40.62893],[-73.97124,40.62828],[-73.97123,40.62819],[-73.97119,40.62797],[-73.97111,40.62759]]}},{"type":"Feature","properties":{"c":1,"s":"seg_42468913_42508786"},"geometry":{"type":"LineString","coordinates":[[-73.97111,40.62759],[-73.97105,40.62726],[-73.97105,40.62723],[-73.97102,40.6271],[-73.97094,40.62667],[-73.97092,40.62658]]}},{"type":"Feature","properties":{"c":1,"s":"seg_42508786_42508803"},"geometry":{"type":"LineString","coordinates":[[-73.97048,40.62419],[-73.97046,40.6241],[-73.97035,40.62355],[-73.97009,40.62216],[-73.96978,40.62052],[-73.96969,40.62005],[-73.96958,40.61949],[-73.96957,40.61941]]}},{"type":"Feature","properties":{"c":1,"s":"seg_42508786_42508803"},"geometry":{"type":"LineString","coordinates":[[-73.96957,40.61941],[-73.96955,40.61932],[-73.96944,40.61876],[-73.96924,40.61766],[-73.96913,40.61711],[-73.96911,40.61701]]}},{"type":"Feature","properties":{"c":1,"s":"seg_42508808_42508812"},"geometry":{"type":"LineString","coordinates":[[-73.96911,40.61701],[-73.9691,40.61693],[-73.96899,40.61637],[-73.96879,40.6153],[-73.96872,40.61497],[-73.96868,40.61471],[-73.96866,40.61462]]}},{"type":"Feature","properties":{"c":1,"s":"seg_42508808_42508812"},"geometry":{"type":"LineString","coordinates":[[-73.96866,40.61462],[-73.96864,40.61456],[-73.96861,40.61436],[-73.96856,40.61413],[-73.96825,40.61248],[-73.96817,40.61205],[-73.96815,40.61196]]}},{"type":"Feature","properties":{"c":1,"s":"seg_42508808_42508812"},"geometry":{"type":"LineString","coordinates":[[-73.96815,40.61196],[-73.96814,40.61188],[-73.96806,40.61145],[-73.9678,40.61008],[-73.96774,40.60981],[-73.96769,40.60952],[-73.96767,40.60941]]}},{"type":"Feature","properties":{"c":1,"s":"seg_42489210_42528437"},"geometry":{"type":"LineString","coordinates":[[-73.96767,40.60941],[-73.96786,40.60939],[-73.96794,40.60938]]}},{"type":"Feature","properties":{"c":1,"s":"seg_42489210_42528437"},"geometry":{"type":"LineString","coordinates":[[-73.96767,40.60941],[-73.96748,40.60943],[-73.9674,40.60944]]}},{"type":"Feature","properties":{"c":1,"s":"seg_42508841_42508845"},"geometry":{"type":"LineString","coordinates":[[-73.96696,40.60567],[-73.96694,40.60558],[-73.9669,40.60534],[-73.96686,40.60514],[-73.96681,40.60488],[-73.9668,40.6048]]}},{"type":"Feature","properties":{"c":1,"s":"seg_42508841_42508845"},"geometry":{"type":"LineString","coordinates":[[-73.96636,40.60249],[-73.96637,40.60257],[-73.96646,40.60302],[-73.96649,40.6032],[-73.96678,40.60472],[-73.9668,40.6048]]}},{"type":"Feature","properties":{"c":1,"s":"seg_42508841_42508845"},"geometry":{"type":"LineString","coordinates":[[-73.96636,40.60249],[-73.96634,40.6024],[-73.96626,40.60199],[-73.96622,40.60178],[-73.96603,40.60076],[-73.966,40.6006],[-73.96592,40.60018],[-73.9659,40.60009]]}},{"type":"Feature","properties":{"c":1,"s":"seg_42508845_42508849"},"geometry":{"type":"LineString","coordinates":[[-73.9659,40.60009],[-73.96589,40.60001],[-73.96581,40.59958],[-73.96578,40.59942],[-73.96558,40.59836],[-73.96549,40.59792],[-73.96548,40.59784]]}},{"type":"Feature","properties":{"c":1,"s":"seg_42508845_42508849"},"geometry":{"type":"LineString","coordinates":[[-73.96548,40.59784],[-73.96546,40.59776],[-73.96538,40.59735],[-73.96534,40.59712],[-73.9652,40.59638],[-73.96518,40.59624],[-73.96509,40.5958],[-73.96508,40.59572]]}},{"type":"Feature","properties":{"c":1,"s":"seg_42508867_42508875"},"geometry":{"type":"LineString","coordinates":[[-73.96508,40.59572],[-73.96506,40.59564],[-73.96498,40.5952],[-73.96495,40.59502],[-73.96488,40.5947],[-73.96483,40.59443]]}},{"type":"Feature","properties":{"c":1,"s":"seg_42508867_42508875"},"geometry":{"type":"LineString","coordinates":[[-73.96483,40.59443],[-73.96476,40.59407],[-73.96472,40.59386],[-73.96471,40.59378],[-73.96464,40.59342],[-73.96462,40.59333]]}},{"type":"Feature","properties":{"c":1,"s":"seg_42508867_42508875"},"geometry":{"type":"LineString","coordinates":[[-73.96462,40.59333],[-73.96464,40.59325],[-73.96473,40.59283],[-73.96478,40.59261],[-73.96496,40.59182],[-73.96501,40.59162],[-73.96511,40.59119],[-73.96513,40.59111]]}},{"type":"Feature","properties":{"c":1,"s":"seg_42508867_42508875"},"geometry":{"type":"LineString","coordinates":[[-73.96513,40.59111],[-73.96515,40.59103],[-73.96524,40.5906],[-73.9653,40.59038],[-73.96548,40.58959],[-73.96552,40.58941],[-73.96562,40.58897],[-73.96564,40.58889]]}},{"type":"Feature","properties":{"c":1,"s":"seg_2356694563_42480221"},"geometry":{"type":"LineString","coordinates":[[-73.96564,40.58889],[-73.96566,40.58881],[-73.96576,40.58838],[-73.96579,40.58822],[-73.96598,40.58739],[-73.96603,40.5872],[-73.96613,40.58676],[-73.96615,40.58667]]}},{"type":"Feature","properties":{"c":1,"s":"seg_2356694563_42480221"},"geometry":{"type":"LineString","coordinates":[[-73.96615,40.58667],[-73.96617,40.58659],[-73.96627,40.58617],[-73.9663,40.58602],[-73.96633,40.5859]]}},{"type":"Feature","properties":{"c":1,"s":"seg_2356694563_42480221"},"geometry":{"type":"LineString","coordinates":[[-73.96633,40.5859],[-73.96643,40.58579]]}},{"type":"Feature","properties":{"c":2,"s":"seg_2356694563_42480221"},"geometry":{"type":"LineString","coordinates":[[-73.96804,40.57846],[-73.96803,40.57853],[-73.96798,40.57873],[-73.96792,40.57898],[-73.96776,40.57969],[-73.96774,40.57978]]}},{"type":"Feature","properties":{"c":2,"s":"seg_2356694563_42480221"},"geometry":{"type":"LineString","coordinates":[[-73.96804,40.57846],[-73.96806,40.5784],[-73.96811,40.57818],[-73.96815,40.57798],[-73.96835,40.57711],[-73.96841,40.57688],[-73.9685,40.57646],[-73.96852,40.57638]]}},{"type":"Feature","properties":{"c":2,"s":"seg_2356694563_42480221"},"geometry":{"type":"LineString","coordinates":[[-73.96855,40.57626],[-73.96852,40.57638]]}},{"type":"Feature","properties":{"c":2,"s":"seg_2356694563_42480221"},"geometry":{"type":"LineString","coordinates":[[-73.96855,40.57626],[-73.96856,40.5762],[-73.96864,40.57587]]}},{"type":"Feature","properties":{"c":2,"s":"seg_2987758879_7725544404"},"geometry":{"type":"LineString","coordinates":[[-73.95309,40.7368],[-73.95307,40.73673],[-73.95297,40.73608]]}},{"type":"Feature","properties":{"c":2,"s":"seg_2987758879_7725544404"},"geometry":{"type":"LineString","coordinates":[[-73.95264,40.73684],[-73.95265,40.7369],[-73.95273,40.73739],[-73.95274,40.73744],[-73.95276,40.73752]]}},{"type":"Feature","properties":{"c":3,"s":"seg_42520579_42527647"},"geometry":{"type":"LineString","coordinates":[[-73.95981,40.71389],[-73.95973,40.71386],[-73.95845,40.71335],[-73.95833,40.7133]]}},{"type":"Feature","properties":{"c":3,"s":"seg_42520579_42527647"},"geometry":{"type":"LineString","coordinates":[[-73.95981,40.71389],[-73.95988,40.71392],[-73.96122,40.71447],[-73.96128,40.7145]]}},{"type":"Feature","properties":{"c":1,"s":"seg_42477666_42485203"},"geometry":{"type":"LineString","coordinates":[[-74.02507,40.63085],[-74.02502,40.63096],[-74.02483,40.63144],[-74.0248,40.63151]]}},{"type":"Feature","properties":{"c":2,"s":"seg_42460320_42509550"},"geometry":{"type":"LineString","coordinates":[[-74.01403,40.62429],[-74.01395,40.62425],[-74.01372,40.62411],[-74.01212,40.62314],[-74.01192,40.62302],[-74.01183,40.62297]]}},{"type":"Feature","properties":{"c":2,"s":"seg_42460320_42509550"},"geometry":{"type":"LineString","coordinates":[[-74.00743,40.6203],[-74.00735,40.62025],[-74.00726,40.6202],[-74.00705,40.62007],[-74.00554,40.61916],[-74.00533,40.61904],[-74.00523,40.61897]]}},{"type":"Feature","properties":{"c":2,"s":"seg_42487939_42491331"},"geometry":{"type":"LineString","coordinates":[[-74.00523,40.61897],[-74.00514,40.61905],[-74.00465,40.61953],[-74.0046,40.61958]]}},{"type":"Feature","properties":{"c":2,"s":"seg_42490878_42509560"},"geometry":{"type":"LineString","coordinates":[[-74.00523,40.61897],[-74.00515,40.61893],[-74.00495,40.6188],[-74.0033,40.61781],[-74.00323,40.61777],[-74.00313,40.61771],[-74.00302,40.61765]]}},{"type":"Feature","properties":{"c":2,"s":"seg_42501645_42509571"},"geometry":{"type":"LineString","coordinates":[[-73.99177,40.61085],[-73.99168,40.6108],[-73.99151,40.61069],[-73.98986,40.60969],[-73.98965,40.60957],[-73.98957,40.60952]]}},{"type":"Feature","properties":{"c":1,"s":"seg_42509758_42516166"},"geometry":{"type":"LineString","coordinates":[[-73.92693,40.7154],[-73.92703,40.71538],[-73.92745,40.71527],[-73.92779,40.71518],[-73.92784,40.71517],[-73.92806,40.71511],[-73.92825,40.71506],[-73.92851,40.715]]}},{"type":"Feature","properties":{"c":2,"s":"seg_42524489_42531283"},"geometry":{"type":"LineString","coordinates":[[-73.93534,40.60154],[-73.93531,40.60156],[-73.93519,40.60164],[-73.93515,40.60166],[-73.93504,40.60173]]}},{"type":"Feature","properties":{"c":3,"s":"seg_42524489_42531283"},"geometry":{"type":"LineString","coordinates":[[-73.93526,40.60114],[-73.93472,40.6012],[-73.93464,40.60122],[-73.93452,40.60127]]}},{"type":"Feature","properties":{"c":2,"s":"seg_42524489_42531283"},"geometry":{"type":"LineString","coordinates":[[-73.92331,40.6092],[-73.92324,40.60925],[-73.92317,40.6093],[-73.92301,40.6094],[-73.92297,40.60943],[-73.92268,40.60963],[-73.92257,40.6097]]}},{"type":"Feature","properties":{"c":2,"s":"seg_42473045_42526708"},"geometry":{"type":"LineString","coordinates":[[-73.98292,40.64042],[-73.98287,40.64047],[-73.98239,40.64093],[-73.98234,40.64098]]}},{"type":"Feature","properties":{"c":1,"s":"seg_1372888646_1372888890"},"geometry":{"type":"LineString","coordinates":[[-74.00495,40.65371],[-74.00489,40.65377],[-74.00441,40.65423],[-74.00436,40.65428]]}},{"type":"Feature","properties":{"c":1,"s":"seg_42510734_42516074"},"geometry":{"type":"LineString","coordinates":[[-73.99066,40.66791],[-73.99061,40.66797],[-73.9903,40.66835],[-73.9902,40.66846],[-73.99016,40.66851]]}},{"type":"Feature","properties":{"c":1,"s":"seg_42467024_42469614"},"geometry":{"type":"LineString","coordinates":[[-73.96221,40.69388],[-73.9623,40.69387],[-73.96314,40.69377]]}},{"type":"Feature","properties":{"c":1,"s":"seg_42510396_42510401"},"geometry":{"type":"LineString","coordinates":[[-73.93448,40.65356],[-73.9344,40.65357],[-73.93414,40.65358],[-73.93389,40.6536],[-73.93362,40.65362],[-73.93351,40.65363]]}},{"type":"Feature","properties":{"c":1,"s":"seg_42503269_42510419"},"geometry":{"type":"LineString","coordinates":[[-73.93161,40.65374],[-73.93153,40.65375],[-73.93131,40.65376],[-73.93098,40.65378],[-73.93076,40.6538],[-73.9306,40.6538]]}},{"type":"Feature","properties":{"c":1,"s":"seg_42503269_42510419"},"geometry":{"type":"LineString","coordinates":[[-73.92672,40.65404],[-73.92664,40.65405],[-73.9264,40.65406],[-73.9261,40.65408],[-73.92588,40.6541],[-73.92579,40.6541]]}},{"type":"Feature","properties":{"c":0,"s":"seg_1942054630_1942054285"},"geometry":{"type":"LineString","coordinates":[[-73.90315,40.65525],[-73.90304,40.6553],[-73.90295,40.65534],[-73.90279,40.65542],[-73.90258,40.65554],[-73.90231,40.65572],[-73.90128,40.65637],[-73.90113,40.65648],[-73.90097,40.65664],[-73.90063,40.65697],[-73.90047,40.65709],[-73.90031,40.65715],[-73.90011,40.65719]]}},{"type":"Feature","properties":{"c":2,"s":"seg_42488411_42496172"},"geometry":{"type":"LineString","coordinates":[[-73.98865,40.67032],[-73.98878,40.67038]]}},{"type":"Feature","properties":{"c":1,"s":"seg_42496975_42475971"},"geometry":{"type":"LineString","coordinates":[[-73.98865,40.67032],[-73.98859,40.6704],[-73.98829,40.67076],[-73.98819,40.67087],[-73.98815,40.67093]]}},{"type":"Feature","properties":{"c":1,"s":"seg_42510734_42516074"},"geometry":{"type":"LineString","coordinates":[[-73.99274,40.66546],[-73.99266,40.66554],[-73.9924,40.66582],[-73.99221,40.66604],[-73.99216,40.6661]]}},{"type":"Feature","properties":{"c":1,"s":"seg_42467702_10694159060"},"geometry":{"type":"LineString","coordinates":[[-73.9246,40.64664],[-73.92458,40.64674],[-73.92457,40.64683],[-73.92453,40.64702]]}},{"type":"Feature","properties":{"c":1,"s":"seg_42467702_10694159060"},"geometry":{"type":"LineString","coordinates":[[-73.9246,40.64664],[-73.92461,40.64657],[-73.92463,40.6465],[-73.92467,40.64628],[-73.9247,40.64611],[-73.92471,40.64606]]}},{"type":"Feature","properties":{"c":2,"s":"seg_42472058_42500825"},"geometry":{"type":"LineString","coordinates":[[-73.90962,40.63787],[-73.90955,40.63792],[-73.90938,40.63803],[-73.90936,40.63804],[-73.90922,40.63814],[-73.90895,40.63831],[-73.90888,40.63835]]}},{"type":"Feature","properties":{"c":2,"s":"seg_42472058_42500825"},"geometry":{"type":"LineString","coordinates":[[-73.90962,40.63787],[-73.90971,40.63782],[-73.90985,40.63772],[-73.9099,40.63769],[-73.91012,40.63755],[-73.9102,40.6375],[-73.9103,40.63744],[-73.91037,40.63739]]}},{"type":"Feature","properties":{"c":2,"s":"seg_42501872_42466432"},"geometry":{"type":"LineString","coordinates":[[-73.97313,40.68962],[-73.97324,40.68963],[-73.97404,40.68966],[-73.97411,40.68966]]}},{"type":"Feature","properties":{"c":1,"s":"seg_42467024_42469614"},"geometry":{"type":"LineString","coordinates":[[-73.97385,40.69328],[-73.97395,40.69329],[-73.97422,40.69329],[-73.97497,40.69332],[-73.97574,40.69336],[-73.97584,40.69336]]}},{"type":"Feature","properties":{"c":1,"s":"seg_42467024_42469614"},"geometry":{"type":"LineString","coordinates":[[-73.97385,40.69328],[-73.97376,40.69328],[-73.97352,40.69327],[-73.97332,40.69326]]}},{"type":"Feature","properties":{"c":2,"s":"seg_42477768_42516713"},"geometry":{"type":"LineString","coordinates":[[-73.90813,40.65948],[-73.90811,40.65941],[-73.90776,40.65803],[-73.90774,40.65794]]}},{"type":"Feature","properties":{"c":3,"s":"seg_42518929_42525105"},"geometry":{"type":"LineString","coordinates":[[-73.88031,40.66839],[-73.88039,40.66838],[-73.88109,40.66828],[-73.88115,40.66827]]}},{"type":"Feature","properties":{"c":2,"s":"seg_42512632_42512641"},"geometry":{"type":"LineString","coordinates":[[-73.90231,40.64513],[-73.90227,40.64509],[-73.90202,40.64487],[-73.90144,40.64435],[-73.90138,40.6443]]}},{"type":"Feature","properties":{"c":2,"s":"seg_42512632_42512641"},"geometry":{"type":"LineString","coordinates":[[-73.90138,40.6443],[-73.90133,40.64425],[-73.90078,40.64375],[-73.90067,40.64366]]}},{"type":"Feature","properties":{"c":2,"s":"seg_42512632_42512641"},"geometry":{"type":"LineString","coordinates":[[-73.90067,40.64366],[-73.90058,40.64358],[-73.90047,40.64348],[-73.9003,40.64332],[-73.90024,40.64327],[-73.9001,40.64314],[-73.89991,40.64298],[-73.89939,40.64251],[-73.89908,40.64223],[-73.89891,40.64207],[-73.89883,40.642]]}},{"type":"Feature","properties":{"c":2,"s":"seg_42512632_42512641"},"geometry":{"type":"LineString","coordinates":[[-73.89883,40.642],[-73.89875,40.64194],[-73.89863,40.64182],[-73.89813,40.64138],[-73.89731,40.64064],[-73.89714,40.64049],[-73.8971,40.64045],[-73.89701,40.64037]]}},{"type":"Feature","properties":{"c":2,"s":"seg_42512650_42512652"},"geometry":{"type":"LineString","coordinates":[[-73.89701,40.64037],[-73.89694,40.64031],[-73.89638,40.63981],[-73.89637,40.6398],[-73.89577,40.63926],[-73.89535,40.63887],[-73.89527,40.63881],[-73.89519,40.63874]]}},{"type":"Feature","properties":{"c":2,"s":"seg_42512650_42512652"},"geometry":{"type":"LineString","coordinates":[[-73.89519,40.63874],[-73.89512,40.63867],[-73.895,40.63857],[-73.89484,40.63842],[-73.89464,40.63825],[-73.89445,40.63807],[-73.89392,40.63759],[-73.89377,40.63746],[-73.89359,40.6373],[-73.89345,40.63718],[-73.89338,40.63711]]}},{"type":"Feature","properties":{"c":2,"s":"seg_42512650_42512652"},"geometry":{"type":"LineString","coordinates":[[-73.89338,40.63711],[-73.89331,40.63705],[-73.89325,40.63699],[-73.893,40.63677],[-73.89285,40.63664],[-73.89274,40.63654],[-73.89211,40.63597],[-73.89163,40.63554],[-73.89157,40.63548]]}},{"type":"Feature","properties":{"c":2,"s":"seg_42463529_42463202"},"geometry":{"type":"LineString","coordinates":[[-73.88715,40.63141],[-73.88707,40.63135],[-73.88687,40.63116],[-73.88684,40.63114],[-73.8865,40.63084],[-73.88643,40.63078]]}},{"type":"Feature","properties":{"c":2,"s":"seg_42493506_3514016522"},"geometry":{"type":"LineString","coordinates":[[-73.95731,40.63051],[-73.95732,40.6306],[-73.95741,40.63104],[-73.95766,40.63237],[-73.95775,40.63282],[-73.95776,40.63286]]}},{"type":"Feature","properties":{"c":2,"s":"seg_42512776_42512780"},"geometry":{"type":"LineString","coordinates":[[-73.95731,40.63051],[-73.95729,40.63043],[-73.95721,40.63001],[-73.95716,40.62976],[-73.95715,40.62969],[-73.95709,40.62939],[-73.95694,40.62864],[-73.95686,40.6282],[-73.95685,40.62813]]}},{"type":"Feature","properties":{"c":2,"s":"seg_42512776_42512780"},"geometry":{"type":"LineString","coordinates":[[-73.95685,40.62813],[-73.95683,40.62805],[-73.95675,40.62761],[-73.95664,40.62711],[-73.95648,40.62626],[-73.95639,40.62582],[-73.95638,40.62574]]}},{"type":"Feature","properties":{"c":2,"s":"seg_42512776_42512780"},"geometry":{"type":"LineString","coordinates":[[-73.95638,40.62574],[-73.95636,40.62565],[-73.95628,40.6252],[-73.95605,40.6239],[-73.95597,40.62343],[-73.95596,40.62335]]}},{"type":"Feature","properties":{"c":2,"s":"seg_42512776_42512780"},"geometry":{"type":"LineString","coordinates":[[-73.95596,40.62335],[-73.95594,40.62326],[-73.95585,40.62281],[-73.9556,40.62153],[-73.95555,40.62127],[-73.95551,40.62104],[-73.95549,40.62096]]}},{"type":"Feature","properties":{"c":2,"s":"seg_42512783_42512787"},"geometry":{"type":"LineString","coordinates":[[-73.95549,40.62096],[-73.95548,40.62087],[-73.95542,40.62057],[-73.9554,40.62045],[-73.95513,40.61906],[-73.95509,40.61883],[-73.95506,40.61864],[-73.95504,40.61856]]}},{"type":"Feature","properties":{"c":2,"s":"seg_42512783_42512787"},"geometry":{"type":"LineString","coordinates":[[-73.95459,40.61618],[-73.95457,40.6161],[-73.95452,40.6158],[-73.95417,40.61397],[-73.9541,40.61359],[-73.95408,40.61351]]}},{"type":"Feature","properties":{"c":2,"s":"seg_42470903_42512810"},"geometry":{"type":"LineString","coordinates":[[-73.95408,40.61351],[-73.95407,40.61343],[-73.95399,40.61302],[-73.9537,40.61149],[-73.95363,40.61113],[-73.95362,40.61107],[-73.9536,40.61096]]}},{"type":"Feature","properties":{"c":1,"s":"seg_42489210_42528437"},"geometry":{"type":"LineString","coordinates":[[-73.9536,40.61096],[-73.95345,40.61098],[-73.9531,40.61102],[-73.95289,40.61106],[-73.9527,40.6111],[-73.95266,40.61111],[-73.95258,40.61113]]}},{"type":"Feature","properties":{"c":2,"s":"seg_42470903_42512810"},"geometry":{"type":"LineString","coordinates":[[-73.9536,40.61096],[-73.95358,40.61088],[-73.95356,40.61074],[-73.95354,40.61066]]}},{"type":"Feature","properties":{"c":2,"s":"seg_42489678_42520476"},"geometry":{"type":"LineString","coordinates":[[-73.95354,40.61066],[-73.95339,40.6107],[-73.95323,40.61076]]}},{"type":"Feature","properties":{"c":2,"s":"seg_42470903_42512810"},"geometry":{"type":"LineString","coordinates":[[-73.95272,40.60636],[-73.95271,40.60627],[-73.95264,40.60585],[-73.95255,40.6054],[-73.9524,40.60459],[-73.95231,40.60411],[-73.95229,40.60404]]}},{"type":"Feature","properties":{"c":2,"s":"seg_42470903_42512810"},"geometry":{"type":"LineString","coordinates":[[-73.95229,40.60404],[-73.95228,40.60395],[-73.95219,40.6035],[-73.95194,40.60216],[-73.95186,40.60172],[-73.95184,40.60164]]}},{"type":"Feature","properties":{"c":2,"s":"seg_42470903_42512810"},"geometry":{"type":"LineString","coordinates":[[-73.95184,40.60164],[-73.95183,40.60156],[-73.95175,40.60114],[-73.95151,40.59991],[-73.95143,40.59947],[-73.95141,40.59939]]}},{"type":"Feature","properties":{"c":2,"s":"seg_42470903_42512810"},"geometry":{"type":"LineString","coordinates":[[-73.95141,40.59939],[-73.9514,40.5993],[-73.95131,40.59884],[-73.95102,40.59735],[-73.95101,40.59727]]}},{"type":"Feature","properties":{"c":2,"s":"seg_42470903_42512810"},"geometry":{"type":"LineString","coordinates":[[-73.95101,40.59727],[-73.95099,40.59719],[-73.95095,40.59695],[-73.9509,40.59669],[-73.95088,40.59661]]}},{"type":"Feature","properties":{"c":1,"s":"seg_42521235_42521238"},"geometry":{"type":"LineString","coordinates":[[-74.02353,40.63463],[-74.0235,40.6347],[-74.0234,40.63494],[-74.02327,40.63526],[-74.02324,40.63532]]}},{"type":"Feature","properties":{"c":2,"s":"seg_42471906_42487870"},"geometry":{"type":"LineString","coordinates":[[-74.00918,40.68052],[-74.00974,40.68005],[-74.00981,40.67999]]}},{"type":"Feature","properties":{"c":2,"s":"seg_42486313_42515022"},"geometry":{"type":"LineString","coordinates":[[-74.00918,40.68052],[-74.00907,40.68062],[-74.00896,40.68071],[-74.00861,40.68101],[-74.00855,40.68106]]}},{"type":"Feature","properties":{"c":2,"s":"seg_42477768_42516713"},"geometry":{"type":"LineString","coordinates":[[-73.9097,40.66563],[-73.90972,40.66571],[-73.91007,40.66708],[-73.91008,40.6671],[-73.91009,40.66716]]}},{"type":"Feature","properties":{"c":2,"s":"seg_42477768_42516713"},"geometry":{"type":"LineString","coordinates":[[-73.9097,40.66563],[-73.90968,40.66557],[-73.90959,40.6652],[-73.90933,40.66419],[-73.90931,40.6641]]}},{"type":"Feature","properties":{"c":1,"s":"seg_2987758879_7725544404"},"geometry":{"type":"LineString","coordinates":[[-73.95013,40.72794],[-73.9501,40.72789],[-73.94996,40.72766],[-73.94965,40.72709],[-73.94957,40.72696],[-73.94942,40.72669],[-73.94925,40.72639],[-73.94922,40.72635],[-73.94919,40.72628]]}},{"type":"Feature","properties":{"c":2,"s":"seg_2987758879_7725544404"},"geometry":{"type":"LineString","coordinates":[[-73.95297,40.73608],[-73.95291,40.73575],[-73.95287,40.73549],[-73.95286,40.73544],[-73.95285,40.73537]]}},{"type":"Feature","properties":{"c":2,"s":"seg_2987758879_7725544404"},"geometry":{"type":"LineString","coordinates":[[-73.95253,40.73612],[-73.95263,40.73678],[-73.95264,40.73684]]}},{"type":"Feature","properties":{"c":3,"s":"seg_42471906_42487870"},"geometry":{"type":"LineString","coordinates":[[-74.01602,40.67468],[-74.01642,40.67433],[-74.01717,40.67368]]}},{"type":"Feature","properties":{"c":2,"s":"seg_42472058_42500825"},"geometry":{"type":"LineString","coordinates":[[-73.90463,40.6411],[-73.9047,40.64106],[-73.90484,40.64096],[-73.905,40.64086],[-73.9052,40.64073]]}},{"type":"Feature","properties":{"c":2,"s":"seg_42482069_42521887"},"geometry":{"type":"LineString","coordinates":[[-73.91175,40.64722],[-73.91182,40.64718],[-73.91192,40.64713],[-73.91223,40.64693],[-73.91247,40.64679]]}},{"type":"Feature","properties":{"c":1,"s":"seg_42467702_10694159060"},"geometry":{"type":"LineString","coordinates":[[-73.92138,40.65635],[-73.92141,40.65627],[-73.92149,40.65606],[-73.92149,40.65604]]}},{"type":"Feature","properties":{"c":1,"s":"seg_42467702_10694159060"},"geometry":{"type":"LineString","coordinates":[[-73.92138,40.65635],[-73.92135,40.65643],[-73.9213,40.65656]]}},{"type":"Feature","properties":{"c":3,"s":"seg_42518929_42525105"},"geometry":{"type":"LineString","coordinates":[[-73.87757,40.66879],[-73.87765,40.66878],[-73.87841,40.66867],[-73.87849,40.66866]]}},{"type":"Feature","properties":{"c":2,"s":"seg_42472058_42500825"},"geometry":{"type":"LineString","coordinates":[[-73.91405,40.63501],[-73.91412,40.63497],[-73.91429,40.63486],[-73.91451,40.63471],[-73.91458,40.63467],[-73.91469,40.63459],[-73.91476,40.63455]]}},{"type":"Feature","properties":{"c":2,"s":"seg_42493972_42508200"},"geometry":{"type":"LineString","coordinates":[[-73.92313,40.62914],[-73.92322,40.62908],[-73.92346,40.62893],[-73.92361,40.62882],[-73.924,40.62857]]}},{"type":"Feature","properties":{"c":1,"s":"seg_42467702_10694159060"},"geometry":{"type":"LineString","coordinates":[[-73.92478,40.64572],[-73.92471,40.64606]]}},{"type":"Feature","properties":{"c":1,"s":"seg_42467702_10694159060"},"geometry":{"type":"LineString","coordinates":[[-73.92478,40.64572],[-73.92487,40.64513],[-73.9249,40.64489],[-73.92491,40.64483],[-73.92493,40.64474]]}},{"type":"Feature","properties":{"c":1,"s":"seg_42467702_10694159060"},"geometry":{"type":"LineString","coordinates":[[-73.92493,40.64474],[-73.92495,40.64462],[-73.92496,40.64459],[-73.925,40.64433],[-73.92515,40.64357]]}},{"type":"Feature","properties":{"c":1,"s":"seg_42496975_42475971"},"geometry":{"type":"LineString","coordinates":[[-73.98413,40.67573],[-73.98408,40.67579],[-73.98386,40.67606],[-73.98382,40.67612]]}},{"type":"Feature","properties":{"c":1,"s":"seg_42477666_42485203"},"geometry":{"type":"LineString","coordinates":[[-74.02802,40.62362],[-74.02799,40.62368],[-74.02776,40.62425],[-74.02773,40.62431]]}},{"type":"Feature","properties":{"c":2,"s":"seg_42487939_42491331"},"geometry":{"type":"LineString","coordinates":[[-74.01109,40.61334],[-74.01103,40.61339],[-74.01055,40.61385],[-74.0105,40.6139]]}},{"type":"Feature","properties":{"c":3,"s":"seg_42520247_42481558"},"geometry":{"type":"LineString","coordinates":[[-73.94535,40.69057],[-73.94527,40.69058],[-73.94502,40.6906],[-73.94262,40.69088],[-73.94251,40.69089]]}},{"type":"Feature","properties":{"c":2,"s":"seg_42514448_42514451"},"geometry":{"type":"LineString","coordinates":[[-73.95251,40.73037],[-73.95199,40.73042],[-73.95181,40.73044],[-73.95167,40.73045],[-73.95157,40.73046]]}},{"type":"Feature","properties":{"c":2,"s":"seg_42514448_42514451"},"geometry":{"type":"LineString","coordinates":[[-73.95425,40.73021],[-73.95436,40.7302],[-73.95441,40.73019],[-73.95444,40.73019],[-73.95466,40.73017],[-73.95706,40.72994],[-73.95745,40.7299],[-73.9575,40.7299],[-73.9576,40.72989]]}},{"type":"Feature","properties":{"c":3,"s":"seg_42514448_42514451"},"geometry":{"type":"LineString","coordinates":[[-73.9576,40.72989],[-73.9577,40.72988],[-73.95775,40.72987],[-73.95798,40.72985],[-73.95909,40.72974],[-73.95915,40.72974],[-73.95923,40.72973]]}},{"type":"Feature","properties":{"c":1,"s":"seg_42482591_42533770"},"geometry":{"type":"LineString","coordinates":[[-73.98163,40.60787],[-73.98155,40.60788],[-73.98123,40.60792],[-73.98102,40.60794],[-73.98078,40.60797],[-73.9807,40.60798]]}},{"type":"Feature","properties":{"c":2,"s":"seg_42493279_42514760"},"geometry":{"type":"LineString","coordinates":[[-73.93304,40.66265],[-73.93228,40.66271],[-73.93221,40.66271],[-73.93214,40.66272],[-73.93209,40.66272],[-73.93202,40.66272],[-73.93171,40.66275],[-73.93156,40.66276]]}},{"type":"Feature","properties":{"c":2,"s":"seg_42493279_42514760"},"geometry":{"type":"LineString","coordinates":[[-73.93304,40.66265],[-73.93436,40.66258],[-73.93447,40.66257]]}},{"type":"Feature","properties":{"c":2,"s":"seg_42493279_42514760"},"geometry":{"type":"LineString","coordinates":[[-73.92871,40.6645],[-73.92863,40.66454],[-73.92836,40.66465]]}},{"type":"Feature","properties":{"c":2,"s":"seg_42493279_42514760"},"geometry":{"type":"LineString","coordinates":[[-73.92823,40.66471],[-73.92836,40.66465]]}},{"type":"Feature","properties":{"c":2,"s":"seg_42493279_42514760"},"geometry":{"type":"LineString","coordinates":[[-73.92823,40.66471],[-73.92793,40.66484],[-73.92763,40.66497],[-73.92747,40.66504],[-73.92739,40.66508]]}},{"type":"Feature","properties":{"c":1,"s":"seg_42496975_42475971"},"geometry":{"type":"LineString","coordinates":[[-73.9834,40.67675],[-73.98335,40.67682],[-73.98312,40.67717],[-73.98301,40.67733],[-73.98297,40.67739]]}},{"type":"Feature","properties":{"c":2,"s":"seg_42486313_42515022"},"geometry":{"type":"LineString","coordinates":[[-74.00548,40.68433],[-74.00575,40.68378],[-74.0058,40.68366]]}},{"type":"Feature","properties":{"c":2,"s":"seg_42515240_42535318"},"geometry":{"type":"LineString","coordinates":[[-73.9314,40.59848],[-73.93148,40.59855],[-73.93151,40.59857],[-73.93166,40.5987],[-73.93191,40.59892],[-73.93247,40.59942],[-73.93285,40.59976]]}},{"type":"Feature","properties":{"c":2,"s":"seg_42515240_42535318"},"geometry":{"type":"LineString","coordinates":[[-73.9314,40.59848],[-73.93134,40.59842],[-73.9313,40.59838],[-73.93007,40.59727],[-73.92997,40.59717]]}},{"type":"Feature","properties":{"c":1,"s":"seg_42482591_42533770"},"geometry":{"type":"LineString","coordinates":[[-73.97403,40.60871],[-73.97414,40.6087],[-73.97491,40.60861],[-73.97499,40.6086]]}},{"type":"Feature","properties":{"c":1,"s":"seg_42482591_42533770"},"geometry":{"type":"LineString","coordinates":[[-73.97403,40.60871],[-73.97392,40.60872],[-73.9738,40.60874],[-73.9736,40.60876],[-73.97321,40.6088]]}},{"type":"Feature","properties":{"c":1,"s":"seg_3611735243_13185917109"},"geometry":{"type":"LineString","coordinates":[[-73.92744,40.63526],[-73.92736,40.63536],[-73.92732,40.6354],[-73.92714,40.63562],[-73.927,40.63581],[-73.92698,40.63585],[-73.92689,40.63595],[-73.9268,40.63607]]}},{"type":"Feature","properties":{"c":1,"s":"seg_3611735243_13185917109"},"geometry":{"type":"LineString","coordinates":[[-73.92744,40.63526],[-73.92751,40.63518],[-73.92754,40.63515],[-73.92777,40.6349],[-73.92813,40.63453]]}},{"type":"Feature","properties":{"c":1,"s":"seg_42510734_42516074"},"geometry":{"type":"LineString","coordinates":[[-73.99216,40.6661],[-73.99211,40.66616],[-73.99178,40.66656],[-73.99171,40.66664],[-73.99166,40.66671]]}},{"type":"Feature","properties":{"c":3,"s":"seg_42475790_3765548237"},"geometry":{"type":"LineString","coordinates":[[-74.00629,40.6776],[-74.00617,40.67783]]}},{"type":"Feature","properties":{"c":1,"s":"seg_42493127_42530659"},"geometry":{"type":"LineString","coordinates":[[-73.93114,40.63145],[-73.93104,40.63154],[-73.9309,40.63168],[-73.93083,40.63175],[-73.93074,40.63184]]}},{"type":"Feature","properties":{"c":1,"s":"seg_42493127_42530659"},"geometry":{"type":"LineString","coordinates":[[-73.93114,40.63145],[-73.93126,40.63134],[-73.93138,40.63121],[-73.93145,40.63115],[-73.93154,40.63107]]}},{"type":"Feature","properties":{"c":3,"s":"seg_42475790_3765548237"},"geometry":{"type":"LineString","coordinates":[[-74.00617,40.67783],[-74.00593,40.67832],[-74.00589,40.67841],[-74.00586,40.67846]]}},{"type":"Feature","properties":{"c":2,"s":"seg_42477768_42516713"},"geometry":{"type":"LineString","coordinates":[[-73.91115,40.67399],[-73.91115,40.67391],[-73.91119,40.67354],[-73.91122,40.67325],[-73.91122,40.67315]]}},{"type":"Feature","properties":{"c":1,"s":"seg_1260335220_1260335264"},"geometry":{"type":"LineString","coordinates":[[-73.91122,40.67315],[-73.91137,40.67309],[-73.91163,40.67298]]}},{"type":"Feature","properties":{"c":2,"s":"seg_42477768_42516713"},"geometry":{"type":"LineString","coordinates":[[-73.90657,40.65338],[-73.90659,40.65344],[-73.90679,40.65425],[-73.90686,40.65452],[-73.90688,40.65457]]}},{"type":"Feature","properties":{"c":2,"s":"seg_42482069_42521887"},"geometry":{"type":"LineString","coordinates":[[-73.90597,40.65094],[-73.90586,40.65101],[-73.90557,40.6512]]}},{"type":"Feature","properties":{"c":2,"s":"seg_42482069_42521887"},"geometry":{"type":"LineString","coordinates":[[-73.90597,40.65094],[-73.90605,40.65089],[-73.9068,40.65042],[-73.90749,40.64997],[-73.90762,40.6499]]}},{"type":"Feature","properties":{"c":1,"s":"seg_42477890_42517070"},"geometry":{"type":"LineString","coordinates":[[-73.92603,40.69801],[-73.9255,40.69806],[-73.92535,40.69808]]}},{"type":"Feature","properties":{"c":1,"s":"seg_42471595_42509643"},"geometry":{"type":"LineString","coordinates":[[-73.92404,40.69822],[-73.92288,40.69834],[-73.92275,40.69835]]}},{"type":"Feature","properties":{"c":1,"s":"seg_42477549_42517097"},"geometry":{"type":"LineString","coordinates":[[-73.91829,40.69882],[-73.91839,40.69881]]}},{"type":"Feature","properties":{"c":1,"s":"seg_42477549_42517097"},"geometry":{"type":"LineString","coordinates":[[-73.91829,40.69882],[-73.91823,40.69882],[-73.91763,40.69889],[-73.91752,40.6989]]}},{"type":"Feature","properties":{"c":1,"s":"seg_42517106_42517107"},"geometry":{"type":"LineString","coordinates":[[-73.9136,40.6993],[-73.91296,40.69937],[-73.91262,40.69941],[-73.91242,40.69943],[-73.91229,40.69944]]}},{"type":"Feature","properties":{"c":1,"s":"seg_42517106_42517107"},"geometry":{"type":"LineString","coordinates":[[-73.9136,40.6993],[-73.9138,40.69928],[-73.91409,40.69926],[-73.91453,40.6992],[-73.91467,40.69919]]}},{"type":"Feature","properties":{"c":1,"s":"seg_42517106_42517107"},"geometry":{"type":"LineString","coordinates":[[-73.91229,40.69944],[-73.91221,40.69945],[-73.91131,40.69955],[-73.91117,40.69957]]}},{"type":"Feature","properties":{"c":1,"s":"seg_42489210_42528437"},"geometry":{"type":"LineString","coordinates":[[-73.9643,40.60978],[-73.96438,40.60977],[-73.96514,40.60969],[-73.96522,40.60968]]}},{"type":"Feature","properties":{"c":3,"s":"seg_42518929_42525105"},"geometry":{"type":"LineString","coordinates":[[-73.87941,40.66852],[-73.8795,40.66851],[-73.88024,40.6684],[-73.88031,40.66839]]}},{"type":"Feature","properties":{"c":2,"s":"seg_42487939_42491331"},"geometry":{"type":"LineString","coordinates":[[-74.0076,40.61669],[-74.00754,40.61675],[-74.00707,40.6172],[-74.00702,40.61725]]}},{"type":"Feature","properties":{"c":1,"s":"seg_42473012_42521198"},"geometry":{"type":"LineString","coordinates":[[-74.01543,40.64363],[-74.01537,40.64369],[-74.0149,40.64414],[-74.01485,40.64419]]}},{"type":"Feature","properties":{"c":2,"s":"seg_42517380_42530073"},"geometry":{"type":"LineString","coordinates":[[-73.99341,40.63034],[-73.99336,40.63039],[-73.99287,40.63085],[-73.99283,40.6309]]}},{"type":"Feature","properties":{"c":1,"s":"seg_1372888890_1372888814"},"geometry":{"type":"LineString","coordinates":[[-74.00844,40.65035],[-74.00838,40.65041],[-74.00791,40.65087],[-74.00786,40.65091]]}},{"type":"Feature","properties":{"c":2,"s":"seg_42473045_42526708"},"geometry":{"type":"LineString","coordinates":[[-73.98642,40.63706],[-73.98636,40.63711],[-73.98588,40.63757],[-73.98584,40.63762]]}},{"type":"Feature","properties":{"c":2,"s":"seg_42518929_42525105"},"geometry":{"type":"LineString","coordinates":[[-73.87479,40.6692],[-73.87488,40.66919],[-73.87565,40.66907],[-73.87574,40.66906]]}},{"type":"Feature","properties":{"c":1,"s":"seg_42489210_42528437"},"geometry":{"type":"LineString","coordinates":[[-73.95671,40.61062],[-73.95681,40.61061],[-73.95758,40.61052],[-73.95767,40.61051]]}},{"type":"Feature","properties":{"c":2,"s":"seg_42489678_42520476"},"geometry":{"type":"LineString","coordinates":[[-73.9565,40.60954],[-73.95661,40.6095],[-73.95733,40.60917],[-73.95741,40.60913]]}},{"type":"Feature","properties":{"c":1,"s":"seg_42485251_42502758"},"geometry":{"type":"LineString","coordinates":[[-74.02901,40.62119],[-74.02905,40.62108],[-74.02917,40.62078],[-74.0292,40.62073],[-74.0292,40.62071]]}},{"type":"Feature","properties":{"c":1,"s":"seg_42485251_42502758"},"geometry":{"type":"LineString","coordinates":[[-74.02901,40.62119],[-74.02897,40.62129],[-74.02893,40.62138]]}},{"type":"Feature","properties":{"c":1,"s":"seg_42485251_42502758"},"geometry":{"type":"LineString","coordinates":[[-74.02893,40.62138],[-74.0289,40.62144],[-74.02869,40.62196],[-74.02867,40.62203]]}},{"type":"Feature","properties":{"c":2,"s":"seg_42517380_42530073"},"geometry":{"type":"LineString","coordinates":[[-73.9987,40.62526],[-73.99874,40.62521],[-73.99905,40.62491],[-73.99923,40.62474],[-73.99932,40.62466]]}},{"type":"Feature","properties":{"c":2,"s":"seg_42517380_42530073"},"geometry":{"type":"LineString","coordinates":[[-73.9987,40.62526],[-73.99864,40.62531],[-73.99835,40.62559],[-73.99816,40.62578],[-73.99812,40.62582]]}},{"type":"Feature","properties":{"c":1,"s":"seg_42521217_2620907651"},"geometry":{"type":"LineString","coordinates":[[-74.02071,40.63854],[-74.02066,40.6386],[-74.02018,40.63906],[-74.02013,40.63911]]}},{"type":"Feature","properties":{"c":2,"s":"seg_42473045_42526708"},"geometry":{"type":"LineString","coordinates":[[-73.98875,40.63482],[-73.98869,40.63487],[-73.98854,40.63502],[-73.98821,40.63533],[-73.98817,40.63537]]}},{"type":"Feature","properties":{"c":1,"s":"seg_42473012_42521198"},"geometry":{"type":"LineString","coordinates":[[-74.01077,40.64811],[-74.01071,40.64817],[-74.01023,40.64863],[-74.01018,40.64868]]}},{"type":"Feature","properties":{"c":1,"s":"seg_1372888890_1372888814"},"geometry":{"type":"LineString","coordinates":[[-74.00669,40.65204],[-74.00664,40.65209],[-74.00616,40.65255],[-74.00611,40.65259]]}},{"type":"Feature","properties":{"c":2,"s":"seg_42473045_42526708"},"geometry":{"type":"LineString","coordinates":[[-73.98467,40.63873],[-73.98461,40.63879],[-73.98415,40.63924],[-73.98409,40.6393]]}},{"type":"Feature","properties":{"c":1,"s":"seg_1372888798_1372888660"},"geometry":{"type":"LineString","coordinates":[[-74.00203,40.65651],[-74.00198,40.65657],[-74.0015,40.65703],[-74.00145,40.65707]]}},{"type":"Feature","properties":{"c":2,"s":"seg_42482069_42521887"},"geometry":{"type":"LineString","coordinates":[[-73.90929,40.64882],[-73.90994,40.6484],[-73.91,40.64836]]}},{"type":"Feature","properties":{"c":2,"s":"seg_42472058_42500825"},"geometry":{"type":"LineString","coordinates":[[-73.90234,40.64258],[-73.90241,40.64254],[-73.90277,40.6423],[-73.90282,40.64227],[-73.90299,40.64216],[-73.90306,40.64211]]}},{"type":"Feature","properties":{"c":2,"s":"seg_42501872_42466432"},"geometry":{"type":"LineString","coordinates":[[-73.95541,40.69091],[-73.95552,40.6909],[-73.95582,40.69086],[-73.95629,40.69081],[-73.95636,40.6908]]}},{"type":"Feature","properties":{"c":2,"s":"seg_42520247_42481558"},"geometry":{"type":"LineString","coordinates":[[-73.95513,40.68945],[-73.95502,40.68946],[-73.95499,40.68947],[-73.95458,40.68951],[-73.95156,40.68985],[-73.95146,40.68986]]}},{"type":"Feature","properties":{"c":3,"s":"seg_42520579_42527647"},"geometry":{"type":"LineString","coordinates":[[-73.96128,40.7145],[-73.96137,40.71453],[-73.9627,40.71508],[-73.96278,40.71511]]}},{"type":"Feature","properties":{"c":1,"s":"seg_42489678_42520476"},"geometry":{"type":"LineString","coordinates":[[-73.94912,40.61308],[-73.94903,40.61315],[-73.94858,40.61345],[-73.94835,40.6136],[-73.94828,40.61365]]}},{"type":"Feature","properties":{"c":3,"s":"seg_42489210_42528437"},"geometry":{"type":"LineString","coordinates":[[-73.94882,40.6115],[-73.94894,40.61149],[-73.94971,40.61139],[-73.94978,40.61138]]}},{"type":"Feature","properties":{"c":3,"s":"seg_42489210_42528437"},"geometry":{"type":"LineString","coordinates":[[-73.94882,40.6115],[-73.94872,40.61151],[-73.94786,40.61161]]}},{"type":"Feature","properties":{"c":2,"s":"seg_42520498_42520501"},"geometry":{"type":"LineString","coordinates":[[-73.94796,40.60688],[-73.94794,40.6068],[-73.94753,40.60464],[-73.94752,40.60456]]}},{"type":"Feature","properties":{"c":2,"s":"seg_42520498_42520501"},"geometry":{"type":"LineString","coordinates":[[-73.94752,40.60456],[-73.9475,40.60448],[-73.94707,40.60225],[-73.94706,40.60217]]}},{"type":"Feature","properties":{"c":2,"s":"seg_42520498_42520501"},"geometry":{"type":"LineString","coordinates":[[-73.94706,40.60217],[-73.94705,40.60209],[-73.94665,40.6],[-73.94663,40.59991]]}},{"type":"Feature","properties":{"c":2,"s":"seg_42520498_42520501"},"geometry":{"type":"LineString","coordinates":[[-73.94663,40.59991],[-73.94662,40.59983],[-73.94636,40.59848],[-73.94635,40.59841]]}},{"type":"Feature","properties":{"c":2,"s":"seg_42520498_42520501"},"geometry":{"type":"LineString","coordinates":[[-73.94635,40.59841],[-73.94634,40.59835],[-73.94625,40.59787],[-73.94623,40.59779]]}},{"type":"Feature","properties":{"c":2,"s":"seg_42520498_42520501"},"geometry":{"type":"LineString","coordinates":[[-73.94623,40.59779],[-73.94622,40.59772],[-73.94579,40.59548],[-73.94577,40.5954]]}},{"type":"Feature","properties":{"c":2,"s":"seg_42520504_42520508"},"geometry":{"type":"LineString","coordinates":[[-73.94577,40.5954],[-73.94576,40.59532],[-73.94539,40.59336],[-73.94538,40.59329]]}},{"type":"Feature","properties":{"c":2,"s":"seg_42520504_42520508"},"geometry":{"type":"LineString","coordinates":[[-73.94538,40.59329],[-73.94536,40.5932],[-73.94499,40.59124],[-73.94497,40.59116]]}},{"type":"Feature","properties":{"c":2,"s":"seg_42520504_42520508"},"geometry":{"type":"LineString","coordinates":[[-73.94497,40.59116],[-73.94496,40.59108],[-73.94479,40.5902],[-73.94459,40.58913],[-73.94458,40.58904]]}},{"type":"Feature","properties":{"c":2,"s":"seg_42520504_42520508"},"geometry":{"type":"LineString","coordinates":[[-73.94458,40.58904],[-73.94456,40.58896],[-73.94446,40.58844],[-73.94437,40.58796],[-73.94432,40.58769],[-73.94416,40.58687],[-73.94415,40.58679]]}},{"type":"Feature","properties":{"c":1,"s":"seg_42520579_42527647"},"geometry":{"type":"LineString","coordinates":[[-73.95112,40.71096],[-73.951,40.71097],[-73.95069,40.711],[-73.95034,40.71103],[-73.94999,40.71106],[-73.94929,40.71113],[-73.94898,40.71116],[-73.94889,40.71117]]}},{"type":"Feature","properties":{"c":1,"s":"seg_3611735243_13185917109"},"geometry":{"type":"LineString","coordinates":[[-73.9285,40.63413],[-73.92865,40.63398],[-73.92878,40.63385],[-73.92888,40.63375]]}},{"type":"Feature","properties":{"c":1,"s":"seg_3611735243_13185917109"},"geometry":{"type":"LineString","coordinates":[[-73.9285,40.63413],[-73.92837,40.63426],[-73.92822,40.63443],[-73.92821,40.63444],[-73.92813,40.63453]]}},{"type":"Feature","properties":{"c":2,"s":"seg_42493972_42508200"},"geometry":{"type":"LineString","coordinates":[[-73.92766,40.62622],[-73.92779,40.62614],[-73.92796,40.62605],[-73.92806,40.62599],[-73.92818,40.6259],[-73.92836,40.62579]]}},{"type":"Feature","properties":{"c":2,"s":"seg_42526068_42526066"},"geometry":{"type":"LineString","coordinates":[[-73.95205,40.64677],[-73.95206,40.64684],[-73.95218,40.64797],[-73.95219,40.64802]]}},{"type":"Feature","properties":{"c":1,"s":"seg_42496975_42475971"},"geometry":{"type":"LineString","coordinates":[[-73.97955,40.68248],[-73.97951,40.68254],[-73.97915,40.68304],[-73.97911,40.6831]]}},{"type":"Feature","properties":{"c":1,"s":"seg_42496975_42475971"},"geometry":{"type":"LineString","coordinates":[[-73.97997,40.68184],[-73.97994,40.68189],[-73.97968,40.68229],[-73.97959,40.68242],[-73.97955,40.68248]]}},{"type":"Feature","properties":{"c":1,"s":"seg_42496975_42475971"},"geometry":{"type":"LineString","coordinates":[[-73.98084,40.68056],[-73.9808,40.68062],[-73.98053,40.68102],[-73.98045,40.68114],[-73.9804,40.6812]]}},{"type":"Feature","properties":{"c":1,"s":"seg_42496975_42475971"},"geometry":{"type":"LineString","coordinates":[[-73.98212,40.67867],[-73.98208,40.67873],[-73.98174,40.67924],[-73.9817,40.6793]]}},{"type":"Feature","properties":{"c":1,"s":"seg_42496975_42475971"},"geometry":{"type":"LineString","coordinates":[[-73.98815,40.67093],[-73.9881,40.67098],[-73.98769,40.67147],[-73.98765,40.67152]]}},{"type":"Feature","properties":{"c":1,"s":"seg_42496975_42475971"},"geometry":{"type":"LineString","coordinates":[[-73.98915,40.66972],[-73.98911,40.66977],[-73.98884,40.6701],[-73.98879,40.67015],[-73.98873,40.67022],[-73.98865,40.67032]]}},{"type":"Feature","properties":{"c":1,"s":"seg_42510734_42516074"},"geometry":{"type":"LineString","coordinates":[[-73.99016,40.66851],[-73.99011,40.66857],[-73.9898,40.66894],[-73.98977,40.66898],[-73.98971,40.66905],[-73.98965,40.66912]]}},{"type":"Feature","properties":{"c":1,"s":"seg_42510734_42516074"},"geometry":{"type":"LineString","coordinates":[[-73.99166,40.66671],[-73.99161,40.66677],[-73.99134,40.66709],[-73.99121,40.66725],[-73.99116,40.66731]]}},{"type":"Feature","properties":{"c":2,"s":"seg_42487613_42477334"},"geometry":{"type":"LineString","coordinates":[[-73.99504,40.66324],[-73.99516,40.66331]]}},{"type":"Feature","properties":{"c":1,"s":"seg_1372888841_1372888679"},"geometry":{"type":"LineString","coordinates":[[-73.99504,40.66324],[-73.99498,40.6633],[-73.99451,40.66375],[-73.99446,40.6638]]}},{"type":"Feature","properties":{"c":1,"s":"seg_1372888841_1372888679"},"geometry":{"type":"LineString","coordinates":[[-73.9962,40.66212],[-73.99614,40.66218],[-73.99567,40.66262],[-73.99562,40.66268]]}},{"type":"Feature","properties":{"c":1,"s":"seg_1372888841_1372888679"},"geometry":{"type":"LineString","coordinates":[[-73.99678,40.66156],[-73.99672,40.66162],[-73.99635,40.66198],[-73.99625,40.66207],[-73.9962,40.66212]]}},{"type":"Feature","properties":{"c":1,"s":"seg_1372888841_1372888679"},"geometry":{"type":"LineString","coordinates":[[-73.99854,40.65987],[-73.99849,40.65992],[-73.998,40.66039],[-73.99795,40.66043]]}},{"type":"Feature","properties":{"c":1,"s":"seg_1372888798_1372888660"},"geometry":{"type":"LineString","coordinates":[[-74.00086,40.65764],[-74.00081,40.65769],[-74.00033,40.65815],[-74.00028,40.6582]]}},{"type":"Feature","properties":{"c":1,"s":"seg_1372888798_1372888660"},"geometry":{"type":"LineString","coordinates":[[-74.00261,40.65596],[-74.00255,40.65601],[-74.00208,40.65647],[-74.00203,40.65651]]}},{"type":"Feature","properties":{"c":1,"s":"seg_1372888798_1372888660"},"geometry":{"type":"LineString","coordinates":[[-74.0032,40.65539],[-74.00314,40.65545],[-74.0028,40.65577],[-74.00267,40.6559],[-74.00261,40.65596]]}},{"type":"Feature","properties":{"c":1,"s":"seg_1372888646_1372888890"},"geometry":{"type":"LineString","coordinates":[[-74.00436,40.65428],[-74.00431,40.65433],[-74.00383,40.65478],[-74.00378,40.65484]]}},{"type":"Feature","properties":{"c":2,"s":"seg_42487446_42536026"},"geometry":{"type":"LineString","coordinates":[[-74.00611,40.65259],[-74.00623,40.65266]]}},{"type":"Feature","properties":{"c":1,"s":"seg_1372888890_1372888814"},"geometry":{"type":"LineString","coordinates":[[-74.00611,40.65259],[-74.00605,40.65265],[-74.00589,40.65281],[-74.00575,40.65294],[-74.00561,40.65307],[-74.00559,40.65309],[-74.00553,40.65315]]}},{"type":"Feature","properties":{"c":1,"s":"seg_1372888890_1372888814"},"geometry":{"type":"LineString","coordinates":[[-74.00727,40.65148],[-74.00722,40.65152],[-74.00693,40.65181],[-74.00681,40.65192],[-74.00674,40.65198],[-74.00669,40.65204]]}},{"type":"Feature","properties":{"c":1,"s":"seg_1372888890_1372888814"},"geometry":{"type":"LineString","coordinates":[[-74.00786,40.65091],[-74.0078,40.65097],[-74.00746,40.65129],[-74.00732,40.65143],[-74.00727,40.65148]]}},{"type":"Feature","properties":{"c":1,"s":"seg_1372888890_1372888814"},"geometry":{"type":"LineString","coordinates":[[-74.00902,40.64979],[-74.00896,40.64985],[-74.00859,40.65021],[-74.00848,40.65032],[-74.00844,40.65035]]}},{"type":"Feature","properties":{"c":1,"s":"seg_42473012_42521198"},"geometry":{"type":"LineString","coordinates":[[-74.01252,40.64643],[-74.01246,40.64649],[-74.01209,40.64685],[-74.01199,40.64694],[-74.01193,40.64699]]}},{"type":"Feature","properties":{"c":1,"s":"seg_42473012_42521198"},"geometry":{"type":"LineString","coordinates":[[-74.01368,40.64532],[-74.01362,40.64537],[-74.01324,40.64573],[-74.01315,40.64582],[-74.0131,40.64587]]}},{"type":"Feature","properties":{"c":1,"s":"seg_42473012_42521198"},"geometry":{"type":"LineString","coordinates":[[-74.01485,40.64419],[-74.01479,40.64424],[-74.01446,40.64456],[-74.01432,40.6447],[-74.01427,40.64475]]}},{"type":"Feature","properties":{"c":1,"s":"seg_42521217_2620907651"},"geometry":{"type":"LineString","coordinates":[[-74.01659,40.64251],[-74.01654,40.64257],[-74.01606,40.64303],[-74.01601,40.64307]]}},{"type":"Feature","properties":{"c":1,"s":"seg_42521217_2620907651"},"geometry":{"type":"LineString","coordinates":[[-74.01718,40.64195],[-74.01712,40.642],[-74.01673,40.64238],[-74.01665,40.64246],[-74.01659,40.64251]]}},{"type":"Feature","properties":{"c":1,"s":"seg_42521217_2620907651"},"geometry":{"type":"LineString","coordinates":[[-74.01836,40.64081],[-74.01829,40.64088],[-74.01808,40.64108],[-74.01781,40.64134],[-74.01776,40.64139]]}},{"type":"Feature","properties":{"c":1,"s":"seg_42521217_2620907651"},"geometry":{"type":"LineString","coordinates":[[-74.02013,40.63911],[-74.02008,40.63916],[-74.01989,40.63935],[-74.01971,40.63952],[-74.0196,40.63962],[-74.01955,40.63967]]}},{"type":"Feature","properties":{"c":3,"s":"seg_42487339_4026460325"},"geometry":{"type":"LineString","coordinates":[[-74.02131,40.63798],[-74.02143,40.63805]]}},{"type":"Feature","properties":{"c":1,"s":"seg_42521235_42521238"},"geometry":{"type":"LineString","coordinates":[[-74.02131,40.63798],[-74.02124,40.63804],[-74.02123,40.63805],[-74.0212,40.63807],[-74.02112,40.63815]]}},{"type":"Feature","properties":{"c":1,"s":"seg_42521235_42521238"},"geometry":{"type":"LineString","coordinates":[[-74.02292,40.63612],[-74.02294,40.63605],[-74.02301,40.63589],[-74.02302,40.63586],[-74.02303,40.63583],[-74.02307,40.63575],[-74.02318,40.63548],[-74.02321,40.63539],[-74.02324,40.63532]]}},{"type":"Feature","properties":{"c":1,"s":"seg_42477666_42485203"},"geometry":{"type":"LineString","coordinates":[[-74.02597,40.62865],[-74.02599,40.62859],[-74.02623,40.62799],[-74.02626,40.62792]]}},{"type":"Feature","properties":{"c":1,"s":"seg_42521331_2317301788"},"geometry":{"type":"LineString","coordinates":[[-74.03411,40.61231],[-74.0343,40.6121],[-74.03434,40.61206]]}},{"type":"Feature","properties":{"c":1,"s":"seg_42521331_2317301788"},"geometry":{"type":"LineString","coordinates":[[-74.03434,40.61206],[-74.03439,40.61199],[-74.03476,40.61155],[-74.03481,40.61149],[-74.03488,40.6114]]}},{"type":"Feature","properties":{"c":2,"s":"seg_10767156880_10767156881"},"geometry":{"type":"LineString","coordinates":[[-73.97415,40.58871],[-73.97414,40.58895],[-73.9741,40.58946],[-73.97409,40.58964]]}},{"type":"Feature","properties":{"c":2,"s":"seg_42501872_42466432"},"geometry":{"type":"LineString","coordinates":[[-73.9761,40.68974],[-73.977,40.68977],[-73.97704,40.68977],[-73.9771,40.68978]]}},{"type":"Feature","properties":{"c":2,"s":"seg_42501872_42466432"},"geometry":{"type":"LineString","coordinates":[[-73.97511,40.6897],[-73.97519,40.6897],[-73.9761,40.68974]]}},{"type":"Feature","properties":{"c":2,"s":"seg_42501872_42466432"},"geometry":{"type":"LineString","coordinates":[[-73.95727,40.69069],[-73.95738,40.69068],[-73.95849,40.69056],[-73.95858,40.69055]]}},{"type":"Feature","properties":{"c":2,"s":"seg_42515240_42535318"},"geometry":{"type":"LineString","coordinates":[[-73.93285,40.59976],[-73.93311,40.6],[-73.93316,40.60005],[-73.93322,40.60011]]}},{"type":"Feature","properties":{"c":2,"s":"seg_42517380_42530073"},"geometry":{"type":"LineString","coordinates":[[-73.99516,40.62866],[-73.9951,40.62871],[-73.99462,40.62917],[-73.99458,40.62922]]}},{"type":"Feature","properties":{"c":2,"s":"seg_42490860_42501633"},"geometry":{"type":"LineString","coordinates":[[-73.98366,40.6152],[-73.98374,40.61525],[-73.98578,40.61647],[-73.98586,40.61652]]}},{"type":"Feature","properties":{"c":3,"s":"seg_42475790_3765548237"},"geometry":{"type":"LineString","coordinates":[[-74.00771,40.67463],[-74.00764,40.67467],[-74.00763,40.67469],[-74.00756,40.67484],[-74.00757,40.67493]]}},{"type":"Feature","properties":{"c":2,"s":"seg_42482069_42521887"},"geometry":{"type":"LineString","coordinates":[[-73.90455,40.65188],[-73.90501,40.65158],[-73.90536,40.65134],[-73.90539,40.65133],[-73.90557,40.6512]]}},{"type":"Feature","properties":{"c":2,"s":"seg_598050847_42481022"},"geometry":{"type":"LineString","coordinates":[[-73.98295,40.69985],[-73.9831,40.69985],[-73.98387,40.69985]]}},{"type":"Feature","properties":{"c":0,"s":"seg_598043784_598043787"},"geometry":{"type":"LineString","coordinates":[[-73.98322,40.69593],[-73.98309,40.69592],[-73.98241,40.69589]]}},{"type":"Feature","properties":{"c":2,"s":"seg_42493972_42508200"},"geometry":{"type":"LineString","coordinates":[[-73.9243,40.62839],[-73.92423,40.62843],[-73.9241,40.62851],[-73.924,40.62857]]}},{"type":"Feature","properties":{"c":2,"s":"seg_42520247_42481558"},"geometry":{"type":"LineString","coordinates":[[-73.9572,40.68921],[-73.95697,40.68924]]}},{"type":"Feature","properties":{"c":2,"s":"seg_42520247_42481558"},"geometry":{"type":"LineString","coordinates":[[-73.95697,40.68924],[-73.9569,40.68924],[-73.95607,40.68934]]}},{"type":"Feature","properties":{"c":2,"s":"seg_42460288_42524065"},"geometry":{"type":"LineString","coordinates":[[-74.00152,40.62598],[-74.00144,40.62593],[-74.00105,40.6257],[-73.99942,40.62471],[-73.99932,40.62466]]}},{"type":"Feature","properties":{"c":2,"s":"seg_42515240_42535318"},"geometry":{"type":"LineString","coordinates":[[-73.93392,40.60074],[-73.93419,40.60097]]}},{"type":"Feature","properties":{"c":2,"s":"seg_42515240_42535318"},"geometry":{"type":"LineString","coordinates":[[-73.93392,40.60074],[-73.93388,40.6007],[-73.93374,40.60058],[-73.93343,40.60029],[-73.9333,40.60018],[-73.93322,40.60011]]}},{"type":"Feature","properties":{"c":2,"s":"seg_42515240_42535318"},"geometry":{"type":"LineString","coordinates":[[-73.93419,40.60097],[-73.93439,40.60115],[-73.93445,40.60121],[-73.93452,40.60127]]}},{"type":"Feature","properties":{"c":2,"s":"seg_42524489_42531283"},"geometry":{"type":"LineString","coordinates":[[-73.93355,40.60269],[-73.93348,40.60274],[-73.93324,40.60289],[-73.93126,40.60417],[-73.93116,40.60424],[-73.93014,40.6049],[-73.92999,40.605],[-73.92994,40.60503],[-73.92987,40.60508]]}},{"type":"Feature","properties":{"c":1,"s":"seg_42490339_42524611"},"geometry":{"type":"LineString","coordinates":[[-73.93318,40.71379],[-73.93309,40.71381],[-73.93282,40.71388],[-73.93233,40.71401]]}},{"type":"Feature","properties":{"c":3,"s":"seg_42518929_42525105"},"geometry":{"type":"LineString","coordinates":[[-73.88708,40.66739],[-73.88717,40.66738],[-73.88792,40.66726],[-73.88799,40.66725]]}},{"type":"Feature","properties":{"c":2,"s":"seg_42460288_42524831"},"geometry":{"type":"LineString","coordinates":[[-74.00813,40.62997],[-74.00805,40.62993],[-74.00603,40.6287],[-74.00593,40.62864]]}},{"type":"Feature","properties":{"c":3,"s":"seg_42518929_42525105"},"geometry":{"type":"LineString","coordinates":[[-73.88799,40.66725],[-73.88806,40.66724],[-73.88881,40.66713],[-73.88889,40.66712]]}},{"type":"Feature","properties":{"c":3,"s":"seg_42518929_42525105"},"geometry":{"type":"LineString","coordinates":[[-73.88278,40.66803],[-73.88286,40.66801],[-73.88353,40.66792],[-73.8836,40.6679]]}},{"type":"Feature","properties":{"c":2,"s":"seg_42518929_42525105"},"geometry":{"type":"LineString","coordinates":[[-73.87574,40.66906],[-73.87582,40.66905],[-73.87601,40.66902],[-73.87623,40.66899]]}},{"type":"Feature","properties":{"c":3,"s":"seg_42518929_42525105"},"geometry":{"type":"LineString","coordinates":[[-73.86317,40.67086],[-73.86306,40.67088],[-73.86301,40.67088],[-73.86223,40.671]]}},{"type":"Feature","properties":{"c":2,"s":"seg_42526068_42526066"},"geometry":{"type":"LineString","coordinates":[[-73.95185,40.64495],[-73.95186,40.64504],[-73.95204,40.64671],[-73.95205,40.64677]]}},{"type":"Feature","properties":{"c":2,"s":"seg_42473045_42526708"},"geometry":{"type":"LineString","coordinates":[[-73.99225,40.63146],[-73.99219,40.63151],[-73.99201,40.63168],[-73.99171,40.63197],[-73.99166,40.63202]]}},{"type":"Feature","properties":{"c":2,"s":"seg_42526068_42526066"},"geometry":{"type":"LineString","coordinates":[[-73.95236,40.64967],[-73.95237,40.64974],[-73.95243,40.65033],[-73.95246,40.6506],[-73.95247,40.65067]]}},{"type":"Feature","properties":{"c":2,"s":"seg_42526068_42526066"},"geometry":{"type":"LineString","coordinates":[[-73.95165,40.64307],[-73.95166,40.64317],[-73.95169,40.64344],[-73.95178,40.64425],[-73.95179,40.64431]]}},{"type":"Feature","properties":{"c":2,"s":"seg_42526068_42526066"},"geometry":{"type":"LineString","coordinates":[[-73.95141,40.64077],[-73.95142,40.64086],[-73.95164,40.64298],[-73.95165,40.64307]]}},{"type":"Feature","properties":{"c":2,"s":"seg_42526068_42526066"},"geometry":{"type":"LineString","coordinates":[[-73.95116,40.63843],[-73.95117,40.63852],[-73.9512,40.63881],[-73.9513,40.63975],[-73.95131,40.63981]]}},{"type":"Feature","properties":{"c":1,"s":"seg_42489678_42520476"},"geometry":{"type":"LineString","coordinates":[[-73.94742,40.61424],[-73.94749,40.61419],[-73.94767,40.61406],[-73.94776,40.61401],[-73.94795,40.61387],[-73.94803,40.61382],[-73.9482,40.61371],[-73.94828,40.61365]]}},{"type":"Feature","properties":{"c":2,"s":"seg_42482069_42521887"},"geometry":{"type":"LineString","coordinates":[[-73.91247,40.64679],[-73.91277,40.6466],[-73.91282,40.64657],[-73.91293,40.6465]]}},{"type":"Feature","properties":{"c":2,"s":"seg_42473045_42526708"},"geometry":{"type":"LineString","coordinates":[[-73.9905,40.63314],[-73.99044,40.63319],[-73.99026,40.63336],[-73.98996,40.63365],[-73.98991,40.6337]]}},{"type":"Feature","properties":{"c":2,"s":"seg_42486313_42515022"},"geometry":{"type":"LineString","coordinates":[[-74.00855,40.68106],[-74.00849,40.68111],[-74.00793,40.68159]]}},{"type":"Feature","properties":{"c":2,"s":"seg_42473045_42526708"},"geometry":{"type":"LineString","coordinates":[[-73.98584,40.63762],[-73.98578,40.63767],[-73.9853,40.63813],[-73.98525,40.63817]]}},{"type":"Feature","properties":{"c":2,"s":"seg_42486313_42515022"},"geometry":{"type":"LineString","coordinates":[[-74.00793,40.68159],[-74.00736,40.68208],[-74.0073,40.68212]]}},{"type":"Feature","properties":{"c":2,"s":"seg_42515240_42535318"},"geometry":{"type":"LineString","coordinates":[[-73.93995,40.60614],[-73.93961,40.60583],[-73.93932,40.60557],[-73.93924,40.6055]]}},{"type":"Feature","properties":{"c":2,"s":"seg_42524489_42531283"},"geometry":{"type":"LineString","coordinates":[[-73.93904,40.60074],[-73.93897,40.60075],[-73.93811,40.60085]]}},{"type":"Feature","properties":{"c":2,"s":"seg_42524489_42531283"},"geometry":{"type":"LineString","coordinates":[[-73.93904,40.60074],[-73.93913,40.60073],[-73.93948,40.6007],[-73.93952,40.60069],[-73.93957,40.60069],[-73.93989,40.60065],[-73.93997,40.60064]]}},{"type":"Feature","properties":{"c":1,"s":"seg_42491856_42511753"},"geometry":{"type":"LineString","coordinates":[[-73.93999,40.62116],[-73.94007,40.62116],[-73.94008,40.62115],[-73.94015,40.62112],[-73.94034,40.62098],[-73.94044,40.6209],[-73.94055,40.6208],[-73.94065,40.6207],[-73.94076,40.62059],[-73.94083,40.62054]]}},{"type":"Feature","properties":{"c":0,"s":"seg_598043784_598043787"},"geometry":{"type":"LineString","coordinates":[[-73.98405,40.69596],[-73.98389,40.69595],[-73.98331,40.69593],[-73.98322,40.69593]]}},{"type":"Feature","properties":{"c":2,"s":"seg_42473045_42526708"},"geometry":{"type":"LineString","coordinates":[[-73.987,40.6365],[-73.98694,40.63655],[-73.98675,40.63674],[-73.98646,40.63701],[-73.98642,40.63706]]}},{"type":"Feature","properties":{"c":2,"s":"seg_42487613_42477334"},"geometry":{"type":"LineString","coordinates":[[-73.98623,40.65792],[-73.98807,40.65904],[-73.98834,40.6592],[-73.98843,40.65925]]}},{"type":"Feature","properties":{"c":3,"s":"seg_42487613_42477334"},"geometry":{"type":"LineString","coordinates":[[-73.9789,40.65246],[-73.97894,40.65252],[-73.97896,40.65256],[-73.97946,40.65329],[-73.97949,40.65334]]}},{"type":"Feature","properties":{"c":2,"s":"seg_42529657_42537451"},"geometry":{"type":"LineString","coordinates":[[-73.91972,40.58799],[-73.91966,40.58793],[-73.91958,40.58786],[-73.91875,40.58713],[-73.91848,40.58689],[-73.91832,40.58675]]}},{"type":"Feature","properties":{"c":2,"s":"seg_42529657_42537451"},"geometry":{"type":"LineString","coordinates":[[-73.91972,40.58799],[-73.91978,40.58804],[-73.91983,40.58808],[-73.92011,40.58833],[-73.92046,40.58864],[-73.92091,40.58905],[-73.92096,40.58909]]}},{"type":"Feature","properties":{"c":2,"s":"seg_42473045_42526708"},"geometry":{"type":"LineString","coordinates":[[-73.98234,40.64098],[-73.98228,40.64103],[-73.982,40.6413],[-73.98178,40.64148],[-73.98173,40.64152]]}},{"type":"Feature","properties":{"c":2,"s":"seg_42473045_42526708"},"geometry":{"type":"LineString","coordinates":[[-73.98409,40.6393],[-73.98402,40.63936],[-73.98389,40.63949],[-73.98355,40.63981],[-73.9835,40.63986]]}},{"type":"Feature","properties":{"c":2,"s":"seg_42473045_42526708"},"geometry":{"type":"LineString","coordinates":[[-73.98525,40.63817],[-73.98519,40.63823],[-73.98501,40.63841],[-73.98472,40.63869],[-73.98467,40.63873]]}},{"type":"Feature","properties":{"c":2,"s":"seg_42473045_42526708"},"geometry":{"type":"LineString","coordinates":[[-73.99166,40.63202],[-73.99161,40.63206],[-73.99113,40.63253],[-73.99108,40.63257]]}},{"type":"Feature","properties":{"c":2,"s":"seg_42517380_42530073"},"geometry":{"type":"LineString","coordinates":[[-73.99283,40.6309],[-73.99277,40.63095],[-73.99229,40.63141],[-73.99225,40.63146]]}},{"type":"Feature","properties":{"c":2,"s":"seg_42517380_42530073"},"geometry":{"type":"LineString","coordinates":[[-73.99458,40.62922],[-73.99452,40.62927],[-73.99404,40.62973],[-73.99399,40.62978]]}},{"type":"Feature","properties":{"c":2,"s":"seg_42517380_42530073"},"geometry":{"type":"LineString","coordinates":[[-73.99635,40.62751],[-73.99627,40.62758],[-73.99578,40.62805],[-73.99574,40.62809]]}},{"type":"Feature","properties":{"c":2,"s":"seg_42475193_42927436"},"geometry":{"type":"LineString","coordinates":[[-73.89514,40.68117],[-73.89462,40.68143]]}},{"type":"Feature","properties":{"c":2,"s":"seg_42475193_42927436"},"geometry":{"type":"LineString","coordinates":[[-73.89514,40.68117],[-73.89537,40.68109],[-73.89589,40.68084],[-73.89599,40.68077]]}},{"type":"Feature","properties":{"c":1,"s":"seg_598043784_598043787"},"geometry":{"type":"LineString","coordinates":[[-73.99006,40.69617],[-73.98995,40.69617],[-73.98947,40.69615],[-73.9891,40.69613],[-73.98904,40.69613],[-73.98888,40.69612]]}},{"type":"Feature","properties":{"c":3,"s":"seg_42489210_42528437"},"geometry":{"type":"LineString","coordinates":[[-73.95256,40.61101],[-73.95249,40.61103],[-73.95248,40.61104],[-73.95171,40.61112],[-73.95163,40.61113]]}},{"type":"Feature","properties":{"c":1,"s":"seg_42489678_42520476"},"geometry":{"type":"LineString","coordinates":[[-73.95167,40.6113],[-73.95175,40.61128],[-73.95208,40.61122]]}},{"type":"Feature","properties":{"c":1,"s":"seg_42493127_42530659"},"geometry":{"type":"LineString","coordinates":[[-73.93248,40.62788],[-73.9325,40.62798],[-73.93251,40.62804],[-73.93255,40.62825]]}},{"type":"Feature","properties":{"c":1,"s":"seg_42493127_42530659"},"geometry":{"type":"LineString","coordinates":[[-73.93246,40.63025],[-73.93235,40.63034],[-73.93233,40.63036],[-73.93224,40.63043],[-73.93205,40.6306],[-73.93173,40.63089],[-73.93154,40.63107]]}},{"type":"Feature","properties":{"c":1,"s":"seg_42493127_42530659"},"geometry":{"type":"LineString","coordinates":[[-73.93246,40.63025],[-73.93254,40.63016],[-73.93258,40.63012],[-73.93259,40.63009],[-73.93267,40.62992],[-73.93269,40.62978],[-73.93267,40.62911],[-73.93265,40.62895]]}},{"type":"Feature","properties":{"c":1,"s":"seg_3611735243_13185917109"},"geometry":{"type":"LineString","coordinates":[[-73.92984,40.63276],[-73.92975,40.63285],[-73.9297,40.6329],[-73.92952,40.63309],[-73.92918,40.63344],[-73.92888,40.63375]]}},{"type":"Feature","properties":{"c":1,"s":"seg_3611735243_13185917109"},"geometry":{"type":"LineString","coordinates":[[-73.92984,40.63276],[-73.92992,40.63266],[-73.92997,40.63262],[-73.93015,40.63243],[-73.93027,40.63231],[-73.93074,40.63184]]}},{"type":"Feature","properties":{"c":1,"s":"seg_3611735243_13185917109"},"geometry":{"type":"LineString","coordinates":[[-73.9268,40.63607],[-73.92668,40.63625]]}},{"type":"Feature","properties":{"c":1,"s":"seg_42493581_42530731"},"geometry":{"type":"LineString","coordinates":[[-73.92578,40.63999],[-73.92577,40.64009],[-73.92576,40.64015],[-73.92572,40.64036],[-73.92562,40.64093]]}},{"type":"Feature","properties":{"c":1,"s":"seg_42493581_42530731"},"geometry":{"type":"LineString","coordinates":[[-73.92537,40.64239],[-73.92536,40.64248],[-73.92534,40.64254],[-73.9253,40.64275],[-73.92515,40.64357]]}},{"type":"Feature","properties":{"c":1,"s":"seg_42493581_42530731"},"geometry":{"type":"LineString","coordinates":[[-73.92537,40.64239],[-73.92539,40.6423],[-73.9254,40.64224],[-73.92543,40.64202],[-73.9255,40.64158],[-73.92558,40.64114]]}},{"type":"Feature","properties":{"c":1,"s":"seg_42467702_10694159060"},"geometry":{"type":"LineString","coordinates":[[-73.92075,40.658],[-73.92073,40.65808],[-73.92071,40.65814],[-73.9207,40.65818],[-73.92064,40.65836],[-73.92059,40.65849],[-73.92049,40.65876]]}},{"type":"Feature","properties":{"c":1,"s":"seg_42489210_42528437"},"geometry":{"type":"LineString","coordinates":[[-73.96904,40.60926],[-73.96897,40.60927],[-73.96802,40.60937],[-73.96794,40.60938]]}},{"type":"Feature","properties":{"c":2,"s":"seg_10767156880_10767156881"},"geometry":{"type":"LineString","coordinates":[[-73.9742,40.58795],[-73.97419,40.58805],[-73.97415,40.58871]]}},{"type":"Feature","properties":{"c":2,"s":"seg_10767156880_10767156881"},"geometry":{"type":"LineString","coordinates":[[-73.97433,40.58577],[-73.97433,40.58585],[-73.97428,40.58652]]}},{"type":"Feature","properties":{"c":2,"s":"seg_42515240_42535318"},"geometry":{"type":"LineString","coordinates":[[-73.93882,40.60513],[-73.93868,40.60501]]}},{"type":"Feature","properties":{"c":2,"s":"seg_42515240_42535318"},"geometry":{"type":"LineString","coordinates":[[-73.93882,40.60513],[-73.93901,40.6053],[-73.93916,40.60543],[-73.93924,40.6055]]}},{"type":"Feature","properties":{"c":2,"s":"seg_42524489_42531283"},"geometry":{"type":"LineString","coordinates":[[-73.93811,40.60085],[-73.93772,40.60089],[-73.93752,40.60091],[-73.93727,40.60094],[-73.93715,40.60095]]}},{"type":"Feature","properties":{"c":2,"s":"seg_42515240_42535318"},"geometry":{"type":"LineString","coordinates":[[-73.93868,40.60501],[-73.9386,40.60493],[-73.93758,40.60402]]}},{"type":"Feature","properties":{"c":2,"s":"seg_42515240_42535318"},"geometry":{"type":"LineString","coordinates":[[-73.93685,40.60336],[-73.93693,40.60343],[-73.93724,40.60371],[-73.93758,40.60402]]}},{"type":"Feature","properties":{"c":2,"s":"seg_42515240_42535318"},"geometry":{"type":"LineString","coordinates":[[-73.93452,40.60127],[-73.93464,40.60138],[-73.93472,40.60145],[-73.93477,40.6015],[-73.93497,40.60166],[-73.93504,40.60173]]}},{"type":"Feature","properties":{"c":2,"s":"seg_42515240_42535318"},"geometry":{"type":"LineString","coordinates":[[-73.92997,40.59717],[-73.92975,40.59698]]}},{"type":"Feature","properties":{"c":2,"s":"seg_42515240_42535318"},"geometry":{"type":"LineString","coordinates":[[-73.92959,40.59683],[-73.92975,40.59698]]}},{"type":"Feature","properties":{"c":2,"s":"seg_42515240_42535318"},"geometry":{"type":"LineString","coordinates":[[-73.92959,40.59683],[-73.92948,40.59674],[-73.92939,40.59666],[-73.92892,40.59625],[-73.92881,40.59615],[-73.92875,40.59609],[-73.92873,40.59607],[-73.92867,40.59602]]}},{"type":"Feature","properties":{"c":2,"s":"seg_42475790_3765548237"},"geometry":{"type":"LineString","coordinates":[[-74.00863,40.67267],[-74.00877,40.67238]]}},{"type":"Feature","properties":{"c":3,"s":"seg_42475790_3765548237"},"geometry":{"type":"LineString","coordinates":[[-74.01435,40.6649],[-74.01294,40.66503],[-74.0127,40.66502],[-74.0117,40.66517],[-74.01162,40.66531],[-74.01136,40.66584],[-74.01127,40.66606],[-74.0102,40.66828],[-74.0101,40.66844],[-74.01005,40.66851],[-74.00984,40.6689],[-74.00976,40.66907],[-74.00953,40.66955],[-74.00932,40.66997],[-74.00874,40.67118],[-74.00849,40.67171],[-74.00846,40.67178],[-74.00845,40.67184],[-74.00846,40.67193],[-74.00847,40.67197],[-74.00848,40.67202],[-74.00851,40.67213],[-74.00855,40.67223],[-74.00858,40.67229],[-74.00862,40.67233],[-74.00866,40.67234],[-74.00877,40.67238]]}},{"type":"Feature","properties":{"c":2,"s":"seg_42475193_42927436"},"geometry":{"type":"LineString","coordinates":[[-73.88824,40.68523],[-73.88832,40.68517],[-73.88861,40.68497],[-73.88879,40.68485]]}},{"type":"Feature","properties":{"c":1,"s":"seg_248606379_597728152"},"geometry":{"type":"LineString","coordinates":[[-73.96139,40.68042],[-73.9613,40.6804],[-73.95919,40.67996],[-73.95841,40.6798],[-73.95831,40.67978]]}},{"type":"Feature","properties":{"c":1,"s":"seg_42474795_9836260730"},"geometry":{"type":"LineString","coordinates":[[-73.96779,40.6729],[-73.9677,40.67285],[-73.96763,40.67283],[-73.96757,40.67283],[-73.96743,40.6728],[-73.96729,40.67278],[-73.96721,40.67281]]}},{"type":"Feature","properties":{"c":1,"s":"seg_42474795_9836260730"},"geometry":{"type":"LineString","coordinates":[[-73.96779,40.6729],[-73.9679,40.67292],[-73.96797,40.67292],[-73.96822,40.67294],[-73.96842,40.67295]]}},{"type":"Feature","properties":{"c":2,"s":"seg_1691133695_1691133701"},"geometry":{"type":"LineString","coordinates":[[-73.97212,40.65139],[-73.97223,40.65148],[-73.97228,40.65153],[-73.9723,40.65156],[-73.97232,40.65161],[-73.97238,40.65173],[-73.97244,40.65176]]}},{"type":"Feature","properties":{"c":2,"s":"seg_2987758879_7725544404"},"geometry":{"type":"LineString","coordinates":[[-73.95285,40.73537],[-73.95284,40.73529],[-73.95283,40.73524],[-73.9528,40.73521],[-73.95276,40.73517],[-73.95272,40.73513],[-73.95257,40.73501]]}},{"type":"Feature","properties":{"c":2,"s":"seg_2987758879_7725544404"},"geometry":{"type":"LineString","coordinates":[[-73.95242,40.73541],[-73.95253,40.73612]]}},{"type":"Feature","properties":{"c":0,"s":"seg_42461379_588036479"},"geometry":{"type":"LineString","coordinates":[[-73.98923,40.70023],[-73.98944,40.70037],[-73.98963,40.7005],[-73.98977,40.70059],[-73.98985,40.70065],[-73.98995,40.70072],[-73.99004,40.70079],[-73.99009,40.70084],[-73.99012,40.70087]]}},{"type":"Feature","properties":{"c":0,"s":"seg_598043784_598043787"},"geometry":{"type":"LineString","coordinates":[[-73.98865,40.69611],[-73.98859,40.69611]]}},{"type":"Feature","properties":{"c":3,"s":"seg_42512632_42512641"},"geometry":{"type":"LineString","coordinates":[[-73.90824,40.65047],[-73.90807,40.65032],[-73.90797,40.65022],[-73.90774,40.65001],[-73.9077,40.64997],[-73.90762,40.6499]]}},{"type":"Feature","properties":{"c":2,"s":"seg_598050847_42481022"},"geometry":{"type":"LineString","coordinates":[[-73.98689,40.7001],[-73.98702,40.7001],[-73.9873,40.70009],[-73.98766,40.7001],[-73.98778,40.7001]]}},{"type":"Feature","properties":{"c":1,"s":"seg_42497773_42497777"},"geometry":{"type":"LineString","coordinates":[[-73.99801,40.69126],[-73.99814,40.6913]]}},{"type":"Feature","properties":{"c":1,"s":"seg_451663017_451661152"},"geometry":{"type":"LineString","coordinates":[[-74.02882,40.64081],[-74.02857,40.64066]]}},{"type":"Feature","properties":{"c":2,"s":"seg_42470545_451663024"},"geometry":{"type":"LineString","coordinates":[[-74.03169,40.64148],[-74.03137,40.64142],[-74.03117,40.6414],[-74.03105,40.64138],[-74.03094,40.64136],[-74.03081,40.64134],[-74.03067,40.64131],[-74.03054,40.64128],[-74.03039,40.64124],[-74.03025,40.6412],[-74.03012,40.64116],[-74.02997,40.64111],[-74.02985,40.64108],[-74.02975,40.64104],[-74.02953,40.64095],[-74.02939,40.64089],[-74.02931,40.64085],[-74.02928,40.64084],[-74.02923,40.64082],[-74.0292,40.6408]]}},{"type":"Feature","properties":{"c":1,"s":"seg_451663017_451661152"},"geometry":{"type":"LineString","coordinates":[[-74.03169,40.64148],[-74.03151,40.64148],[-74.03134,40.64147],[-74.03118,40.64146],[-74.03104,40.64146],[-74.0309,40.64144],[-74.0307,40.64142],[-74.03052,40.64139],[-74.03038,40.64137],[-74.03024,40.64134],[-74.03013,40.64131],[-74.02999,40.64127],[-74.02987,40.64124],[-74.02975,40.6412],[-74.02961,40.64116],[-74.02946,40.6411],[-74.02933,40.64105],[-74.02918,40.64097],[-74.02906,40.64091],[-74.02882,40.64081]]}},{"type":"Feature","properties":{"c":1,"s":"seg_42470545_451663024"},"geometry":{"type":"LineString","coordinates":[[-74.03247,40.64144],[-74.03229,40.64145],[-74.03212,40.64146],[-74.03189,40.64147],[-74.03169,40.64148]]}},{"type":"Feature","properties":{"c":1,"s":"seg_42470545_451663024"},"geometry":{"type":"LineString","coordinates":[[-74.03317,40.64133],[-74.03304,40.64136],[-74.03284,40.64139],[-74.03267,40.64142],[-74.03247,40.64144]]}},{"type":"Feature","properties":{"c":1,"s":"seg_451663017_451661152"},"geometry":{"type":"LineString","coordinates":[[-74.02857,40.64066],[-74.02828,40.64053],[-74.02785,40.64033],[-74.02732,40.6401],[-74.02714,40.64002],[-74.02698,40.63994],[-74.02673,40.63982]]}},{"type":"Feature","properties":{"c":2,"s":"seg_42465789_42465785"},"geometry":{"type":"LineString","coordinates":[[-74.02261,40.6397],[-74.02218,40.63978],[-74.02196,40.63982],[-74.02188,40.63983]]}},{"type":"Feature","properties":{"c":1,"s":"seg_452241915_10593324590"},"geometry":{"type":"LineString","coordinates":[[-73.90554,40.59448],[-73.90645,40.59531],[-73.90727,40.59604]]}},{"type":"Feature","properties":{"c":1,"s":"seg_452241915_10593324590"},"geometry":{"type":"LineString","coordinates":[[-73.90806,40.59675],[-73.90843,40.59707],[-73.90924,40.59781],[-73.90941,40.59795],[-73.90988,40.59831]]}},{"type":"Feature","properties":{"c":1,"s":"seg_452274107_10593324272"},"geometry":{"type":"LineString","coordinates":[[-73.90988,40.59831],[-73.91072,40.59906]]}},{"type":"Feature","properties":{"c":1,"s":"seg_452241915_10593324590"},"geometry":{"type":"LineString","coordinates":[[-73.90988,40.59831],[-73.90949,40.59791],[-73.90811,40.59666]]}},{"type":"Feature","properties":{"c":1,"s":"seg_452241915_10593324590"},"geometry":{"type":"LineString","coordinates":[[-73.90811,40.59666],[-73.90768,40.59627],[-73.90684,40.59551]]}},{"type":"Feature","properties":{"c":1,"s":"seg_452241915_10593324590"},"geometry":{"type":"LineString","coordinates":[[-73.90684,40.59551],[-73.90636,40.5951],[-73.90588,40.59467],[-73.90507,40.59394],[-73.90482,40.59371]]}},{"type":"Feature","properties":{"c":1,"s":"seg_452274107_10593324272"},"geometry":{"type":"LineString","coordinates":[[-73.91072,40.59906],[-73.91141,40.59969]]}},{"type":"Feature","properties":{"c":1,"s":"seg_452274107_10593324272"},"geometry":{"type":"LineString","coordinates":[[-73.91817,40.60577],[-73.91635,40.60414],[-73.91591,40.60374],[-73.91528,40.60318],[-73.91526,40.60316],[-73.91388,40.60189],[-73.91309,40.60118],[-73.91303,40.60113],[-73.91298,40.60108],[-73.91261,40.60076],[-73.91257,40.60072],[-73.91247,40.60063],[-73.91235,40.60052],[-73.9119,40.60013],[-73.9116,40.59986],[-73.91141,40.59969]]}},{"type":"Feature","properties":{"c":1,"s":"seg_3527276331_3527276327"},"geometry":{"type":"LineString","coordinates":[[-73.91817,40.60577],[-73.91838,40.60609],[-73.91875,40.60648],[-73.91882,40.60657],[-73.91921,40.60699],[-73.91958,40.60736],[-73.92008,40.6078],[-73.9206,40.60827]]}},{"type":"Feature","properties":{"c":1,"s":"seg_452382143_4335349964"},"geometry":{"type":"LineString","coordinates":[[-73.87565,40.64312],[-73.87576,40.6432],[-73.87585,40.64323],[-73.87598,40.64327],[-73.87646,40.64343],[-73.87672,40.64352],[-73.87695,40.64364],[-73.87712,40.64376],[-73.87724,40.64384],[-73.87728,40.64387],[-73.87732,40.64391],[-73.8774,40.64402],[-73.87747,40.64413]]}},{"type":"Feature","properties":{"c":2,"s":"seg_452383841_452384640"},"geometry":{"type":"LineString","coordinates":[[-73.86601,40.6588],[-73.86597,40.65873],[-73.8655,40.6581],[-73.86534,40.65788],[-73.86484,40.65722],[-73.8644,40.65663],[-73.86424,40.6564],[-73.86419,40.65634],[-73.86414,40.65628],[-73.86409,40.65622],[-73.86403,40.65616],[-73.86397,40.6561],[-73.86391,40.65604],[-73.86385,40.65599],[-73.86378,40.65594],[-73.86371,40.65588],[-73.86365,40.65584],[-73.86358,40.6558],[-73.86351,40.65576],[-73.86343,40.65572],[-73.86336,40.65568],[-73.86328,40.65565],[-73.86318,40.65561],[-73.86295,40.65557]]}},{"type":"Feature","properties":{"c":2,"s":"seg_452384729_10592452881"},"geometry":{"type":"LineString","coordinates":[[-73.86295,40.65557],[-73.86301,40.65546],[-73.86304,40.65542],[-73.86339,40.65485],[-73.86343,40.65478],[-73.86347,40.65472],[-73.86352,40.65467],[-73.86358,40.65463],[-73.86364,40.65458],[-73.86371,40.65454],[-73.86379,40.6545],[-73.86387,40.65446],[-73.86426,40.65429],[-73.86467,40.65412],[-73.86482,40.65405],[-73.86507,40.65395]]}},{"type":"Feature","properties":{"c":2,"s":"seg_452383841_452384640"},"geometry":{"type":"LineString","coordinates":[[-73.86295,40.65557],[-73.86313,40.65568],[-73.86323,40.65571],[-73.86331,40.65575],[-73.86339,40.65579],[-73.86347,40.65584],[-73.86355,40.65589],[-73.86364,40.65595],[-73.8637,40.65599],[-73.86377,40.65604],[-73.86383,40.6561],[-73.86389,40.65615],[-73.86395,40.6562],[-73.864,40.65626],[-73.86405,40.65632],[-73.8641,40.65638],[-73.86414,40.65644],[-73.86431,40.65667],[-73.86475,40.65725],[-73.86587,40.65877],[-73.86592,40.65884]]}},{"type":"Feature","properties":{"c":2,"s":"seg_452384729_10592452881"},"geometry":{"type":"LineString","coordinates":[[-73.86669,40.65287],[-73.86655,40.65298],[-73.86607,40.65335],[-73.86595,40.65344],[-73.86583,40.65353],[-73.86569,40.65361],[-73.86556,40.65369],[-73.8654,40.65377],[-73.86507,40.65395]]}},{"type":"Feature","properties":{"c":2,"s":"seg_6463799134_42505118"},"geometry":{"type":"LineString","coordinates":[[-73.86598,40.65892],[-73.86603,40.65899],[-73.86616,40.65917],[-73.86623,40.65927],[-73.86641,40.65952]]}},{"type":"Feature","properties":{"c":1,"s":"seg_452382143_4335349964"},"geometry":{"type":"LineString","coordinates":[[-73.87729,40.64376],[-73.87723,40.64372],[-73.8771,40.64364],[-73.87696,40.64356],[-73.87674,40.64345],[-73.8765,40.64336],[-73.87589,40.64316],[-73.8758,40.64313],[-73.87565,40.64312]]}},{"type":"Feature","properties":{"c":2,"s":"seg_42472573_42475212"},"geometry":{"type":"LineString","coordinates":[[-73.87546,40.68868],[-73.87553,40.68865],[-73.87559,40.68862],[-73.87565,40.68859]]}},{"type":"Feature","properties":{"c":2,"s":"seg_598043784_598043787"},"geometry":{"type":"LineString","coordinates":[[-73.98039,40.69648],[-73.98049,40.69648],[-73.98054,40.69648],[-73.98061,40.69647],[-73.98068,40.69646],[-73.98075,40.69644],[-73.98078,40.69643],[-73.98088,40.6964]]}},{"type":"Feature","properties":{"c":0,"s":"seg_42461379_588036479"},"geometry":{"type":"LineString","coordinates":[[-73.99012,40.70087],[-73.99035,40.70106],[-73.99063,40.70129],[-73.99084,40.70145],[-73.99104,40.7016],[-73.99123,40.70175],[-73.99197,40.70232],[-73.99293,40.70308]]}},{"type":"Feature","properties":{"c":2,"s":"seg_42505380_9990599496"},"geometry":{"type":"LineString","coordinates":[[-73.96117,40.70953],[-73.96091,40.70945],[-73.96081,40.70941]]}},{"type":"Feature","properties":{"c":2,"s":"seg_598050847_42481022"},"geometry":{"type":"LineString","coordinates":[[-73.98427,40.69976],[-73.98399,40.69976],[-73.98374,40.69975],[-73.9831,40.69973],[-73.98295,40.69973]]}},{"type":"Feature","properties":{"c":1,"s":"seg_598050847_42481022"},"geometry":{"type":"LineString","coordinates":[[-73.98605,40.69992],[-73.98562,40.6999],[-73.98546,40.69989],[-73.98529,40.69987],[-73.98484,40.69982],[-73.98439,40.69977],[-73.98427,40.69976]]}},{"type":"Feature","properties":{"c":2,"s":"seg_598050847_42481022"},"geometry":{"type":"LineString","coordinates":[[-73.98639,40.70021],[-73.98644,40.70021],[-73.98652,40.7002]]}},{"type":"Feature","properties":{"c":2,"s":"seg_598050847_42481022"},"geometry":{"type":"LineString","coordinates":[[-73.98387,40.69985],[-73.98427,40.69986],[-73.98441,40.69987],[-73.9845,40.69988],[-73.98493,40.69992],[-73.98505,40.69994],[-73.98517,40.69997],[-73.9853,40.7],[-73.98545,40.70005],[-73.98565,40.70012],[-73.98576,40.70016],[-73.98587,40.70019],[-73.98596,40.7002],[-73.98606,40.70022],[-73.98618,40.70023],[-73.98625,40.70022],[-73.98631,40.70022],[-73.98639,40.70021]]}},{"type":"Feature","properties":{"c":1,"s":"seg_12726268810_3527276336"},"geometry":{"type":"LineString","coordinates":[[-73.92353,40.6109],[-73.92375,40.61109],[-73.9238,40.61113],[-73.92411,40.61141],[-73.92418,40.61147],[-73.92425,40.61153]]}},{"type":"Feature","properties":{"c":1,"s":"seg_42481948_544352735"},"geometry":{"type":"LineString","coordinates":[[-73.96883,40.67222],[-73.96892,40.6724],[-73.96898,40.67247],[-73.96911,40.67265],[-73.96922,40.67279]]}},{"type":"Feature","properties":{"c":1,"s":"seg_42484796_42510355"},"geometry":{"type":"LineString","coordinates":[[-73.95643,40.65227],[-73.95612,40.65228],[-73.95601,40.65232]]}},{"type":"Feature","properties":{"c":2,"s":"seg_42493403_598202957"},"geometry":{"type":"LineString","coordinates":[[-74.00001,40.69221],[-74.00011,40.692],[-74.00017,40.69189]]}},{"type":"Feature","properties":{"c":3,"s":"seg_42497773_42497777"},"geometry":{"type":"LineString","coordinates":[[-73.99992,40.69181],[-74.00006,40.69185]]}},{"type":"Feature","properties":{"c":2,"s":"seg_42497773_42497777"},"geometry":{"type":"LineString","coordinates":[[-73.99992,40.69181],[-73.99986,40.6918],[-73.99965,40.69173],[-73.99959,40.69171],[-73.99944,40.69167]]}},{"type":"Feature","properties":{"c":0,"s":"seg_598043793_278630283"},"geometry":{"type":"LineString","coordinates":[[-73.98877,40.6979],[-73.98882,40.69693],[-73.98886,40.69644],[-73.98886,40.69639],[-73.98886,40.69635],[-73.98887,40.69625]]}},{"type":"Feature","properties":{"c":2,"s":"seg_598043784_598043787"},"geometry":{"type":"LineString","coordinates":[[-73.98105,40.69594],[-73.98076,40.69608],[-73.9806,40.69613],[-73.98051,40.69615],[-73.98045,40.69617],[-73.98036,40.69618]]}},{"type":"Feature","properties":{"c":2,"s":"seg_42478154_598227835"},"geometry":{"type":"LineString","coordinates":[[-73.99618,40.66841],[-73.99647,40.66888]]}},{"type":"Feature","properties":{"c":3,"s":"seg_42479945_42508600"},"geometry":{"type":"LineString","coordinates":[[-73.97472,40.64519],[-73.97468,40.64497],[-73.97465,40.6448]]}},{"type":"Feature","properties":{"c":1,"s":"seg_42488967_42464054"},"geometry":{"type":"LineString","coordinates":[[-73.87571,40.68019],[-73.87533,40.68023],[-73.87508,40.68028],[-73.87479,40.68038],[-73.87459,40.68048],[-73.87435,40.68066],[-73.87417,40.68078],[-73.87399,40.68089],[-73.87365,40.68103],[-73.87357,40.68106]]}},{"type":"Feature","properties":{"c":1,"s":"seg_42488967_42464054"},"geometry":{"type":"LineString","coordinates":[[-73.87657,40.68016],[-73.87629,40.68019],[-73.87611,40.6802],[-73.87571,40.68019]]}},{"type":"Feature","properties":{"c":1,"s":"seg_42465084_42468791"},"geometry":{"type":"LineString","coordinates":[[-73.89978,40.6771],[-73.90011,40.67711],[-73.9002,40.67712],[-73.90043,40.67713]]}},{"type":"Feature","properties":{"c":1,"s":"seg_42521235_42521238"},"geometry":{"type":"LineString","coordinates":[[-74.02149,40.63791],[-74.02131,40.63798]]}},{"type":"Feature","properties":{"c":1,"s":"seg_42521235_42521238"},"geometry":{"type":"LineString","coordinates":[[-74.02149,40.63791],[-74.02163,40.63777],[-74.02174,40.63767],[-74.02185,40.63756],[-74.02189,40.63752],[-74.02195,40.63746]]}},{"type":"Feature","properties":{"c":1,"s":"seg_2987758879_7725544404"},"geometry":{"type":"LineString","coordinates":[[-73.95257,40.73501],[-73.95253,40.73482],[-73.95252,40.73475],[-73.95251,40.73469]]}},{"type":"Feature","properties":{"c":2,"s":"seg_42469624_42469626"},"geometry":{"type":"LineString","coordinates":[[-73.96756,40.68184],[-73.9675,40.6817]]}},{"type":"Feature","properties":{"c":1,"s":"seg_597728149_597728151"},"geometry":{"type":"LineString","coordinates":[[-73.96756,40.68184],[-73.96771,40.68187],[-73.96816,40.68197],[-73.96839,40.68202],[-73.9686,40.68206],[-73.96871,40.68208]]}},{"type":"Feature","properties":{"c":1,"s":"seg_1260335220_1260335264"},"geometry":{"type":"LineString","coordinates":[[-73.90802,40.67608],[-73.90802,40.67614]]}},{"type":"Feature","properties":{"c":2,"s":"seg_597728004_597748756"},"geometry":{"type":"LineString","coordinates":[[-73.90802,40.67608],[-73.90795,40.67607],[-73.90781,40.67606],[-73.90614,40.67597]]}},{"type":"Feature","properties":{"c":1,"s":"seg_248606379_597728152"},"geometry":{"type":"LineString","coordinates":[[-73.96132,40.68054],[-73.96141,40.68056],[-73.96331,40.68095]]}},{"type":"Feature","properties":{"c":1,"s":"seg_42465230_4207763060"},"geometry":{"type":"LineString","coordinates":[[-73.97181,40.68273],[-73.97192,40.68276],[-73.97236,40.68285],[-73.97279,40.68294]]}},{"type":"Feature","properties":{"c":1,"s":"seg_42465230_4207763060"},"geometry":{"type":"LineString","coordinates":[[-73.97279,40.68294],[-73.97295,40.68297],[-73.97368,40.68312],[-73.97379,40.68315]]}},{"type":"Feature","properties":{"c":1,"s":"seg_597728004_597748756"},"geometry":{"type":"LineString","coordinates":[[-73.91093,40.67628],[-73.91082,40.67627],[-73.90833,40.67614]]}},{"type":"Feature","properties":{"c":1,"s":"seg_597728022_597728004"},"geometry":{"type":"LineString","coordinates":[[-73.9174,40.67663],[-73.91732,40.67663],[-73.91665,40.67659],[-73.91659,40.67658],[-73.91648,40.67658]]}},{"type":"Feature","properties":{"c":1,"s":"seg_597728022_597728004"},"geometry":{"type":"LineString","coordinates":[[-73.9137,40.67643],[-73.91361,40.67643],[-73.91272,40.67637],[-73.91193,40.67633],[-73.91161,40.67632],[-73.91104,40.67628],[-73.91093,40.67628]]}},{"type":"Feature","properties":{"c":1,"s":"seg_597728022_597728004"},"geometry":{"type":"LineString","coordinates":[[-73.91648,40.67658],[-73.91638,40.67657],[-73.91449,40.67647],[-73.91381,40.67644],[-73.9137,40.67643]]}},{"type":"Feature","properties":{"c":1,"s":"seg_597728043_597728029"},"geometry":{"type":"LineString","coordinates":[[-73.92183,40.67686],[-73.92174,40.67686],[-73.92075,40.6768],[-73.92052,40.67679],[-73.91925,40.67672]]}},{"type":"Feature","properties":{"c":1,"s":"seg_597728043_597728029"},"geometry":{"type":"LineString","coordinates":[[-73.91925,40.67672],[-73.91838,40.67667],[-73.91829,40.67668],[-73.9182,40.67668],[-73.91792,40.67666],[-73.91755,40.67664],[-73.9174,40.67663]]}},{"type":"Feature","properties":{"c":1,"s":"seg_597728103_597728036"},"geometry":{"type":"LineString","coordinates":[[-73.93308,40.67748],[-73.933,40.67747],[-73.93283,40.67746],[-73.93266,40.67745]]}},{"type":"Feature","properties":{"c":1,"s":"seg_597728103_597728036"},"geometry":{"type":"LineString","coordinates":[[-73.93031,40.67732],[-73.93022,40.67732],[-73.93006,40.67731],[-73.92996,40.6773]]}},{"type":"Feature","properties":{"c":1,"s":"seg_597728043_597728029"},"geometry":{"type":"LineString","coordinates":[[-73.92478,40.67702],[-73.92469,40.67702],[-73.92223,40.67688],[-73.92193,40.67687],[-73.92183,40.67686]]}},{"type":"Feature","properties":{"c":1,"s":"seg_597728043_597728029"},"geometry":{"type":"LineString","coordinates":[[-73.92756,40.67717],[-73.92745,40.67717],[-73.92705,40.67715]]}},{"type":"Feature","properties":{"c":1,"s":"seg_597728063_597728082"},"geometry":{"type":"LineString","coordinates":[[-73.94139,40.67793],[-73.94131,40.67793],[-73.93873,40.67778],[-73.93861,40.67778]]}},{"type":"Feature","properties":{"c":1,"s":"seg_597728063_597728082"},"geometry":{"type":"LineString","coordinates":[[-73.93861,40.67778],[-73.93854,40.67777],[-73.93724,40.6777],[-73.93694,40.67769]]}},{"type":"Feature","properties":{"c":1,"s":"seg_597728103_597728036"},"geometry":{"type":"LineString","coordinates":[[-73.93585,40.67763],[-73.93576,40.67762],[-73.93386,40.67752],[-73.93319,40.67748],[-73.93308,40.67748]]}},{"type":"Feature","properties":{"c":1,"s":"seg_42465230_4207763060"},"geometry":{"type":"LineString","coordinates":[[-73.97185,40.68261],[-73.97175,40.68259],[-73.97123,40.68248],[-73.97077,40.68238],[-73.97065,40.68236]]}},{"type":"Feature","properties":{"c":1,"s":"seg_597728149_597728151"},"geometry":{"type":"LineString","coordinates":[[-73.97065,40.68236],[-73.97054,40.68233],[-73.9694,40.68209],[-73.96887,40.68198],[-73.96875,40.68196]]}},{"type":"Feature","properties":{"c":1,"s":"seg_597728149_597728151"},"geometry":{"type":"LineString","coordinates":[[-73.96875,40.68196],[-73.96866,40.68194],[-73.96826,40.68186],[-73.96771,40.68174],[-73.96764,40.68173],[-73.9675,40.6817]]}},{"type":"Feature","properties":{"c":1,"s":"seg_597728149_597728151"},"geometry":{"type":"LineString","coordinates":[[-73.9675,40.6817],[-73.96736,40.68167],[-73.96701,40.6816],[-73.9668,40.68155],[-73.96674,40.68154],[-73.96668,40.68153],[-73.96659,40.68151]]}},{"type":"Feature","properties":{"c":1,"s":"seg_597728149_597728151"},"geometry":{"type":"LineString","coordinates":[[-73.96659,40.68151],[-73.96651,40.68149],[-73.96565,40.68131],[-73.96554,40.68129],[-73.96515,40.6812],[-73.96461,40.68109],[-73.96454,40.68108],[-73.96451,40.68107],[-73.96439,40.68105]]}},{"type":"Feature","properties":{"c":1,"s":"seg_597728149_597728151"},"geometry":{"type":"LineString","coordinates":[[-73.96439,40.68105],[-73.96426,40.68102],[-73.96416,40.681]]}},{"type":"Feature","properties":{"c":1,"s":"seg_248606379_597728152"},"geometry":{"type":"LineString","coordinates":[[-73.95831,40.67978],[-73.95821,40.67976],[-73.95816,40.67975],[-73.95806,40.67973],[-73.95794,40.67971],[-73.9578,40.67968],[-73.95768,40.67966],[-73.95757,40.67963],[-73.95608,40.67932],[-73.95597,40.6793],[-73.95585,40.67927],[-73.95575,40.67925],[-73.95566,40.67923],[-73.95539,40.67916],[-73.95526,40.67914]]}},{"type":"Feature","properties":{"c":1,"s":"seg_597728154_597728157"},"geometry":{"type":"LineString","coordinates":[[-73.95526,40.67914],[-73.95517,40.67912],[-73.95503,40.67909],[-73.95472,40.67902],[-73.9546,40.679],[-73.95449,40.67897],[-73.95438,40.67894],[-73.95427,40.67892],[-73.95416,40.67889],[-73.95403,40.67886],[-73.95392,40.67883],[-73.95379,40.67881],[-73.95309,40.67866],[-73.95297,40.67863]]}},{"type":"Feature","properties":{"c":1,"s":"seg_597728154_597728157"},"geometry":{"type":"LineString","coordinates":[[-73.95297,40.67863],[-73.95285,40.67861],[-73.95276,40.67859],[-73.95267,40.67857],[-73.95258,40.67856],[-73.9525,40.67854],[-73.95242,40.67853],[-73.95234,40.67853],[-73.95225,40.67852],[-73.95216,40.67852],[-73.9498,40.67839],[-73.9497,40.67838]]}},{"type":"Feature","properties":{"c":1,"s":"seg_597728154_597728157"},"geometry":{"type":"LineString","coordinates":[[-73.9497,40.67838],[-73.94961,40.67838],[-73.94891,40.67834],[-73.94864,40.67832]]}},{"type":"Feature","properties":{"c":1,"s":"seg_597728063_597728082"},"geometry":{"type":"LineString","coordinates":[[-73.94693,40.67823],[-73.94684,40.67823],[-73.94584,40.67817],[-73.94426,40.67809],[-73.94416,40.67808]]}},{"type":"Feature","properties":{"c":1,"s":"seg_597728063_597728082"},"geometry":{"type":"LineString","coordinates":[[-73.94416,40.67808],[-73.94407,40.67808],[-73.94399,40.67807],[-73.94375,40.67806],[-73.94344,40.67804],[-73.94204,40.67797],[-73.9415,40.67794],[-73.94139,40.67793]]}},{"type":"Feature","properties":{"c":2,"s":"seg_2954866488_2954866560"},"geometry":{"type":"LineString","coordinates":[[-73.89969,40.6755],[-73.89883,40.67552],[-73.89876,40.67552]]}},{"type":"Feature","properties":{"c":1,"s":"seg_598622272_598622278"},"geometry":{"type":"LineString","coordinates":[[-73.89845,40.67558],[-73.89783,40.67562]]}},{"type":"Feature","properties":{"c":1,"s":"seg_598622272_598622278"},"geometry":{"type":"LineString","coordinates":[[-73.89783,40.67562],[-73.89766,40.67562],[-73.89735,40.67564],[-73.89699,40.67566],[-73.89684,40.67567]]}},{"type":"Feature","properties":{"c":2,"s":"seg_598622272_598622278"},"geometry":{"type":"LineString","coordinates":[[-73.8983,40.67573],[-73.89871,40.67573],[-73.8988,40.67572]]}},{"type":"Feature","properties":{"c":1,"s":"seg_598622272_598622278"},"geometry":{"type":"LineString","coordinates":[[-73.8983,40.67573],[-73.8987,40.67569],[-73.89879,40.67568]]}},{"type":"Feature","properties":{"c":3,"s":"seg_2954866488_2954866560"},"geometry":{"type":"LineString","coordinates":[[-73.90256,40.67554],[-73.90161,40.67554]]}},{"type":"Feature","properties":{"c":2,"s":"seg_2954866488_2954866560"},"geometry":{"type":"LineString","coordinates":[[-73.90161,40.67554],[-73.901,40.6755],[-73.90064,40.67549]]}},{"type":"Feature","properties":{"c":2,"s":"seg_2954866488_2954866560"},"geometry":{"type":"LineString","coordinates":[[-73.90064,40.67549],[-73.89969,40.6755]]}},{"type":"Feature","properties":{"c":2,"s":"seg_597728004_597748756"},"geometry":{"type":"LineString","coordinates":[[-73.90833,40.67614],[-73.90827,40.67612],[-73.90817,40.67609]]}},{"type":"Feature","properties":{"c":1,"s":"seg_597728004_597748756"},"geometry":{"type":"LineString","coordinates":[[-73.90833,40.67614],[-73.90827,40.67614],[-73.90816,40.67614]]}},{"type":"Feature","properties":{"c":2,"s":"seg_2954866488_2954866560"},"geometry":{"type":"LineString","coordinates":[[-73.90614,40.67597],[-73.90526,40.67592],[-73.90438,40.67587],[-73.9042,40.67585],[-73.90401,40.67582],[-73.90366,40.67578],[-73.90346,40.67575]]}},{"type":"Feature","properties":{"c":2,"s":"seg_598622272_598622278"},"geometry":{"type":"LineString","coordinates":[[-73.89876,40.67552],[-73.89866,40.67554],[-73.89845,40.67558]]}},{"type":"Feature","properties":{"c":2,"s":"seg_2954866488_2954866560"},"geometry":{"type":"LineString","coordinates":[[-73.8988,40.67572],[-73.89889,40.67572],[-73.89973,40.67571]]}},{"type":"Feature","properties":{"c":2,"s":"seg_2954866488_2954866560"},"geometry":{"type":"LineString","coordinates":[[-73.89973,40.67571],[-73.90068,40.67571]]}},{"type":"Feature","properties":{"c":2,"s":"seg_2954866488_2954866560"},"geometry":{"type":"LineString","coordinates":[[-73.90068,40.67571],[-73.9011,40.67571],[-73.90173,40.67577],[-73.90218,40.67586]]}},{"type":"Feature","properties":{"c":2,"s":"seg_2954866488_2954866560"},"geometry":{"type":"LineString","coordinates":[[-73.90346,40.67603],[-73.90382,40.67605],[-73.90438,40.67609]]}},{"type":"Feature","properties":{"c":2,"s":"seg_2954866488_2954866560"},"geometry":{"type":"LineString","coordinates":[[-73.90438,40.67609],[-73.90524,40.67615]]}},{"type":"Feature","properties":{"c":2,"s":"seg_2954866488_2954866560"},"geometry":{"type":"LineString","coordinates":[[-73.90524,40.67615],[-73.90612,40.67619]]}},{"type":"Feature","properties":{"c":2,"s":"seg_597728004_597748756"},"geometry":{"type":"LineString","coordinates":[[-73.90612,40.67619],[-73.90713,40.67624]]}},{"type":"Feature","properties":{"c":1,"s":"seg_597728004_597748756"},"geometry":{"type":"LineString","coordinates":[[-73.90829,40.67627],[-73.90908,40.6763]]}},{"type":"Feature","properties":{"c":2,"s":"seg_2954866488_2954866560"},"geometry":{"type":"LineString","coordinates":[[-73.90254,40.67592],[-73.90304,40.67598],[-73.90337,40.67602],[-73.90346,40.67603]]}},{"type":"Feature","properties":{"c":2,"s":"seg_2954866488_2954866560"},"geometry":{"type":"LineString","coordinates":[[-73.90218,40.67586],[-73.90239,40.6759],[-73.90254,40.67592]]}},{"type":"Feature","properties":{"c":2,"s":"seg_2954866488_2954866560"},"geometry":{"type":"LineString","coordinates":[[-73.90346,40.67575],[-73.90276,40.67569],[-73.90243,40.67566],[-73.90161,40.67554]]}},{"type":"Feature","properties":{"c":1,"s":"seg_597728043_597728029"},"geometry":{"type":"LineString","coordinates":[[-73.92507,40.67721],[-73.92659,40.67729]]}},{"type":"Feature","properties":{"c":1,"s":"seg_597728043_597728029"},"geometry":{"type":"LineString","coordinates":[[-73.92262,40.67708],[-73.9228,40.67709]]}},{"type":"Feature","properties":{"c":1,"s":"seg_597728043_597728029"},"geometry":{"type":"LineString","coordinates":[[-73.92996,40.6773],[-73.92829,40.67721],[-73.92766,40.67718],[-73.92756,40.67717]]}},{"type":"Feature","properties":{"c":1,"s":"seg_597728043_597728029"},"geometry":{"type":"LineString","coordinates":[[-73.92705,40.67715],[-73.92536,40.67706],[-73.92488,40.67703],[-73.92478,40.67702]]}},{"type":"Feature","properties":{"c":1,"s":"seg_597728103_597728036"},"geometry":{"type":"LineString","coordinates":[[-73.93102,40.67754],[-73.93298,40.67764],[-73.93307,40.67765]]}},{"type":"Feature","properties":{"c":1,"s":"seg_597728043_597728029"},"geometry":{"type":"LineString","coordinates":[[-73.92781,40.67736],[-73.92822,40.67739]]}},{"type":"Feature","properties":{"c":1,"s":"seg_597728103_597728036"},"geometry":{"type":"LineString","coordinates":[[-73.93266,40.67745],[-73.93255,40.67745],[-73.93075,40.67735],[-73.93043,40.67733],[-73.93031,40.67732]]}},{"type":"Feature","properties":{"c":1,"s":"seg_597728103_597728036"},"geometry":{"type":"LineString","coordinates":[[-73.93694,40.67769],[-73.93637,40.67766],[-73.93596,40.67764],[-73.93585,40.67763]]}},{"type":"Feature","properties":{"c":1,"s":"seg_597728063_597728082"},"geometry":{"type":"LineString","coordinates":[[-73.93606,40.67781],[-73.93646,40.67783],[-73.93699,40.67786],[-73.93718,40.67787],[-73.93771,40.6779],[-73.93814,40.67793],[-73.93853,40.67795],[-73.9386,40.67795]]}},{"type":"Feature","properties":{"c":1,"s":"seg_597728154_597728157"},"geometry":{"type":"LineString","coordinates":[[-73.94864,40.67832],[-73.94851,40.67832],[-73.94702,40.67824],[-73.94693,40.67823]]}},{"type":"Feature","properties":{"c":1,"s":"seg_597728063_597728082"},"geometry":{"type":"LineString","coordinates":[[-73.94186,40.67813],[-73.9432,40.6782]]}},{"type":"Feature","properties":{"c":3,"s":"seg_42467024_42469614"},"geometry":{"type":"LineString","coordinates":[[-73.98358,40.69361],[-73.9835,40.6936],[-73.98338,40.69361]]}},{"type":"Feature","properties":{"c":2,"s":"seg_42476536_42476545"},"geometry":{"type":"LineString","coordinates":[[-73.9495,40.71714],[-73.94976,40.71698],[-73.94984,40.71693]]}},{"type":"Feature","properties":{"c":2,"s":"seg_42476536_42476545"},"geometry":{"type":"LineString","coordinates":[[-73.94763,40.71829],[-73.94823,40.71794],[-73.94833,40.71787]]}},{"type":"Feature","properties":{"c":1,"s":"seg_598043784_598043787"},"geometry":{"type":"LineString","coordinates":[[-73.99004,40.69629],[-73.99016,40.69629],[-73.99055,40.69631],[-73.991,40.69633],[-73.99106,40.69633],[-73.9911,40.69633],[-73.99115,40.69633]]}},{"type":"Feature","properties":{"c":1,"s":"seg_598043784_598043787"},"geometry":{"type":"LineString","coordinates":[[-73.99115,40.69633],[-73.99119,40.69632],[-73.99125,40.69631]]}},{"type":"Feature","properties":{"c":1,"s":"seg_598043784_598043787"},"geometry":{"type":"LineString","coordinates":[[-73.99111,40.69621],[-73.99107,40.69622],[-73.99102,40.69622],[-73.9908,40.69621],[-73.9907,40.6962],[-73.99059,40.69619]]}},{"type":"Feature","properties":{"c":1,"s":"seg_598043784_598043787"},"geometry":{"type":"LineString","coordinates":[[-73.98887,40.69625],[-73.98899,40.69625],[-73.98905,40.69625],[-73.98992,40.69629],[-73.99004,40.69629]]}},{"type":"Feature","properties":{"c":0,"s":"seg_598043784_598043787"},"geometry":{"type":"LineString","coordinates":[[-73.9817,40.69612],[-73.98179,40.69609],[-73.98192,40.69606],[-73.98202,40.69603],[-73.98214,40.69602],[-73.98227,40.69602],[-73.98239,40.69603],[-73.98249,40.69604],[-73.98262,40.69605],[-73.98273,40.69606]]}},{"type":"Feature","properties":{"c":0,"s":"seg_598043784_598043787"},"geometry":{"type":"LineString","coordinates":[[-73.98273,40.69606],[-73.98307,40.69607],[-73.98321,40.69607]]}},{"type":"Feature","properties":{"c":0,"s":"seg_598043784_598043787"},"geometry":{"type":"LineString","coordinates":[[-73.98321,40.69607],[-73.98331,40.69608],[-73.98344,40.69608],[-73.98408,40.69611]]}},{"type":"Feature","properties":{"c":0,"s":"seg_598043784_598043787"},"geometry":{"type":"LineString","coordinates":[[-73.98408,40.69611],[-73.98428,40.69612],[-73.98435,40.69612],[-73.98447,40.69612]]}},{"type":"Feature","properties":{"c":0,"s":"seg_598043784_598043787"},"geometry":{"type":"LineString","coordinates":[[-73.98468,40.69613],[-73.98481,40.69614],[-73.98506,40.69615],[-73.98521,40.69615],[-73.98569,40.69615],[-73.98585,40.69615],[-73.98697,40.6962],[-73.9871,40.69621]]}},{"type":"Feature","properties":{"c":0,"s":"seg_598043784_598043787"},"geometry":{"type":"LineString","coordinates":[[-73.98858,40.69624],[-73.98865,40.69624]]}},{"type":"Feature","properties":{"c":0,"s":"seg_598043784_598043787"},"geometry":{"type":"LineString","coordinates":[[-73.98865,40.69624],[-73.98874,40.69624],[-73.98887,40.69625]]}},{"type":"Feature","properties":{"c":0,"s":"seg_598043793_278630283"},"geometry":{"type":"LineString","coordinates":[[-73.98865,40.69624],[-73.98864,40.69635],[-73.98864,40.69638],[-73.98863,40.6966],[-73.98857,40.69754],[-73.98854,40.69802],[-73.98853,40.69817],[-73.98852,40.69826],[-73.98852,40.69836],[-73.98852,40.6986],[-73.98852,40.69872],[-73.98852,40.69883],[-73.9885,40.69918],[-73.9885,40.69923],[-73.9885,40.69928],[-73.98851,40.69933],[-73.98852,40.6994],[-73.98853,40.69946],[-73.98855,40.69953],[-73.98857,40.69958],[-73.98859,40.69963],[-73.98862,40.69969],[-73.98865,40.69973],[-73.98868,40.69977],[-73.98871,40.69982],[-73.98875,40.69986],[-73.98878,40.69989],[-73.9888,40.69992],[-73.98885,40.69998],[-73.9889,40.70002],[-73.98896,40.70006],[-73.98901,40.7001],[-73.98907,40.70014],[-73.98923,40.70023]]}},{"type":"Feature","properties":{"c":2,"s":"seg_598043784_598043787"},"geometry":{"type":"LineString","coordinates":[[-73.98088,40.6964],[-73.9814,40.69621],[-73.98155,40.69616],[-73.9817,40.69612]]}},{"type":"Feature","properties":{"c":2,"s":"seg_598043784_598043787"},"geometry":{"type":"LineString","coordinates":[[-73.98241,40.69589],[-73.9823,40.69587],[-73.9822,40.69585],[-73.98209,40.69584],[-73.98163,40.69581],[-73.9815,40.69581],[-73.98137,40.69583],[-73.98105,40.69594]]}},{"type":"Feature","properties":{"c":2,"s":"seg_598050847_42481022"},"geometry":{"type":"LineString","coordinates":[[-73.98295,40.69973],[-73.98281,40.69973],[-73.98207,40.69971],[-73.98135,40.69969],[-73.98068,40.69966],[-73.9806,40.69968],[-73.98046,40.69971]]}},{"type":"Feature","properties":{"c":3,"s":"seg_598050847_42481022"},"geometry":{"type":"LineString","coordinates":[[-73.98779,40.69999],[-73.98769,40.69999],[-73.98757,40.69998],[-73.98737,40.69998],[-73.98696,40.69996],[-73.98684,40.69996]]}},{"type":"Feature","properties":{"c":2,"s":"seg_42493403_598202957"},"geometry":{"type":"LineString","coordinates":[[-73.99823,40.69599],[-73.99833,40.69578]]}},{"type":"Feature","properties":{"c":2,"s":"seg_42478154_598227835"},"geometry":{"type":"LineString","coordinates":[[-73.99884,40.67252],[-73.99895,40.6727],[-73.99911,40.67294]]}},{"type":"Feature","properties":{"c":2,"s":"seg_42478154_598227835"},"geometry":{"type":"LineString","coordinates":[[-74.00277,40.67761],[-74.00263,40.67744]]}},{"type":"Feature","properties":{"c":2,"s":"seg_42478154_598227835"},"geometry":{"type":"LineString","coordinates":[[-74.0016,40.67602],[-74.00137,40.6758]]}},{"type":"Feature","properties":{"c":2,"s":"seg_42478154_598227835"},"geometry":{"type":"LineString","coordinates":[[-74.00095,40.67611],[-74.00101,40.67629]]}},{"type":"Feature","properties":{"c":2,"s":"seg_42478154_598227835"},"geometry":{"type":"LineString","coordinates":[[-74.00272,40.67885],[-74.00292,40.67909],[-74.00316,40.67938]]}},{"type":"Feature","properties":{"c":2,"s":"seg_42478335_598229486"},"geometry":{"type":"LineString","coordinates":[[-74.00377,40.68008],[-74.00414,40.68054],[-74.00431,40.68076],[-74.00445,40.68099]]}},{"type":"Feature","properties":{"c":2,"s":"seg_42478154_598227835"},"geometry":{"type":"LineString","coordinates":[[-74.00239,40.67843],[-74.00272,40.67885]]}},{"type":"Feature","properties":{"c":2,"s":"seg_42478335_598229486"},"geometry":{"type":"LineString","coordinates":[[-74.0056,40.68283],[-74.00573,40.68298],[-74.00575,40.68301],[-74.00578,40.68304],[-74.00581,40.68306],[-74.00585,40.68309],[-74.00589,40.68312],[-74.00593,40.68315],[-74.00597,40.68317],[-74.00601,40.68319],[-74.00606,40.68321]]}},{"type":"Feature","properties":{"c":2,"s":"seg_42478335_598229486"},"geometry":{"type":"LineString","coordinates":[[-74.00542,40.68084],[-74.005,40.68034],[-74.00498,40.68031]]}},{"type":"Feature","properties":{"c":2,"s":"seg_42478335_598229486"},"geometry":{"type":"LineString","coordinates":[[-74.00586,40.68143],[-74.00572,40.68124],[-74.00542,40.68084]]}},{"type":"Feature","properties":{"c":2,"s":"seg_42478154_598227835"},"geometry":{"type":"LineString","coordinates":[[-73.9978,40.67016],[-73.99774,40.67007],[-73.99748,40.66965],[-73.99735,40.66944],[-73.99731,40.66938],[-73.99696,40.66878]]}},{"type":"Feature","properties":{"c":2,"s":"seg_42478154_598227835"},"geometry":{"type":"LineString","coordinates":[[-73.99647,40.66888],[-73.99655,40.66899]]}},{"type":"Feature","properties":{"c":2,"s":"seg_42478154_598227835"},"geometry":{"type":"LineString","coordinates":[[-73.99655,40.66899],[-73.99664,40.66912]]}},{"type":"Feature","properties":{"c":2,"s":"seg_42478154_598227835"},"geometry":{"type":"LineString","coordinates":[[-73.99664,40.66912],[-73.99731,40.67016],[-73.99746,40.67038]]}},{"type":"Feature","properties":{"c":2,"s":"seg_42465789_42465785"},"geometry":{"type":"LineString","coordinates":[[-74.00774,40.65453],[-74.0078,40.65448],[-74.00788,40.65441],[-74.00825,40.65404],[-74.00834,40.65395]]}},{"type":"Feature","properties":{"c":2,"s":"seg_42465789_42465785"},"geometry":{"type":"LineString","coordinates":[[-74.02196,40.64088],[-74.02246,40.64052]]}},{"type":"Feature","properties":{"c":3,"s":"seg_42465789_42465785"},"geometry":{"type":"LineString","coordinates":[[-74.02119,40.64066],[-74.02104,40.64094],[-74.02092,40.64123]]}},{"type":"Feature","properties":{"c":2,"s":"seg_42465789_42465785"},"geometry":{"type":"LineString","coordinates":[[-74.02092,40.64123],[-74.02084,40.64136]]}},{"type":"Feature","properties":{"c":2,"s":"seg_42465789_42465785"},"geometry":{"type":"LineString","coordinates":[[-74.01648,40.64555],[-74.0162,40.64584],[-74.01615,40.64589]]}},{"type":"Feature","properties":{"c":2,"s":"seg_42465789_42465785"},"geometry":{"type":"LineString","coordinates":[[-74.01687,40.64577],[-74.01709,40.64555]]}},{"type":"Feature","properties":{"c":2,"s":"seg_42465789_42465785"},"geometry":{"type":"LineString","coordinates":[[-74.02137,40.64125],[-74.02157,40.64095],[-74.02175,40.64057],[-74.02183,40.64034],[-74.02187,40.64007],[-74.02187,40.63992],[-74.02188,40.63983]]}},{"type":"Feature","properties":{"c":2,"s":"seg_42465789_42465785"},"geometry":{"type":"LineString","coordinates":[[-74.02188,40.63983],[-74.0217,40.63987]]}},{"type":"Feature","properties":{"c":2,"s":"seg_42465789_42465785"},"geometry":{"type":"LineString","coordinates":[[-74.02188,40.63983],[-74.02185,40.63958],[-74.02171,40.63915]]}},{"type":"Feature","properties":{"c":2,"s":"seg_42465789_42465785"},"geometry":{"type":"LineString","coordinates":[[-74.02171,40.63915],[-74.02164,40.63894],[-74.02156,40.63876],[-74.02142,40.63853],[-74.0213,40.63835],[-74.02128,40.63832],[-74.02121,40.63825]]}},{"type":"Feature","properties":{"c":1,"s":"seg_42521235_42521238"},"geometry":{"type":"LineString","coordinates":[[-74.02112,40.63815],[-74.02103,40.63822]]}},{"type":"Feature","properties":{"c":2,"s":"seg_42487339_4026460325"},"geometry":{"type":"LineString","coordinates":[[-74.02112,40.63815],[-74.02107,40.63809],[-74.0208,40.63784],[-74.02038,40.63751],[-74.01978,40.63713],[-74.01918,40.6368],[-74.01914,40.63678],[-74.01904,40.63672]]}},{"type":"Feature","properties":{"c":2,"s":"seg_42465789_42465785"},"geometry":{"type":"LineString","coordinates":[[-74.02096,40.64143],[-74.02042,40.64195],[-74.02036,40.64201]]}},{"type":"Feature","properties":{"c":2,"s":"seg_42487339_4026460325"},"geometry":{"type":"LineString","coordinates":[[-74.02103,40.63822],[-74.02113,40.63834]]}},{"type":"Feature","properties":{"c":1,"s":"seg_42521235_42521238"},"geometry":{"type":"LineString","coordinates":[[-74.02103,40.63822],[-74.02094,40.63831],[-74.02093,40.63832],[-74.02091,40.63834],[-74.0208,40.63844],[-74.02076,40.63849],[-74.02071,40.63854]]}},{"type":"Feature","properties":{"c":2,"s":"seg_42487339_4026460325"},"geometry":{"type":"LineString","coordinates":[[-74.01694,40.63564],[-74.01728,40.63579],[-74.01823,40.63639],[-74.01884,40.63675],[-74.01888,40.63677],[-74.01894,40.63681]]}},{"type":"Feature","properties":{"c":2,"s":"seg_42487339_4026460325"},"geometry":{"type":"LineString","coordinates":[[-74.01673,40.63549],[-74.01682,40.63556],[-74.01694,40.63564]]}},{"type":"Feature","properties":{"c":2,"s":"seg_42460776_42487360"},"geometry":{"type":"LineString","coordinates":[[-74.0156,40.63354],[-74.01565,40.63352],[-74.01578,40.63345],[-74.01628,40.63322],[-74.0163,40.63321],[-74.01639,40.63319]]}},{"type":"Feature","properties":{"c":2,"s":"seg_42460776_42487360"},"geometry":{"type":"LineString","coordinates":[[-74.01643,40.63309],[-74.01671,40.63233]]}},{"type":"Feature","properties":{"c":1,"s":"seg_2987758879_7725544404"},"geometry":{"type":"LineString","coordinates":[[-73.95251,40.73469],[-73.9525,40.73463],[-73.95234,40.73405],[-73.95232,40.73398]]}},{"type":"Feature","properties":{"c":2,"s":"seg_1942053995_1942053917"},"geometry":{"type":"LineString","coordinates":[[-73.92151,40.65458],[-73.92156,40.65459],[-73.9216,40.65461],[-73.92164,40.65464],[-73.92168,40.65467],[-73.92172,40.6547],[-73.92179,40.65475]]}},{"type":"Feature","properties":{"c":2,"s":"seg_42494257_451664576"},"geometry":{"type":"LineString","coordinates":[[-74.02023,40.6364],[-74.02047,40.63649],[-74.02069,40.63657],[-74.02091,40.63665],[-74.02146,40.63683],[-74.02151,40.63685],[-74.02158,40.63688],[-74.02164,40.63691],[-74.02171,40.63694],[-74.02179,40.63698],[-74.02209,40.63715]]}},{"type":"Feature","properties":{"c":2,"s":"seg_42494257_451664576"},"geometry":{"type":"LineString","coordinates":[[-74.02209,40.63715],[-74.02184,40.63693],[-74.02176,40.63688],[-74.02168,40.63681],[-74.0216,40.63676],[-74.02151,40.63669],[-74.02143,40.63661],[-74.02136,40.63653],[-74.0212,40.63637],[-74.02097,40.63615],[-74.02087,40.63605],[-74.02073,40.63593]]}},{"type":"Feature","properties":{"c":1,"s":"seg_598622258_598622185"},"geometry":{"type":"LineString","coordinates":[[-73.88599,40.67766],[-73.88656,40.67751],[-73.88679,40.67745],[-73.88688,40.67743]]}},{"type":"Feature","properties":{"c":3,"s":"seg_42490584_42478936"},"geometry":{"type":"LineString","coordinates":[[-73.88061,40.67918],[-73.88056,40.67906]]}},{"type":"Feature","properties":{"c":1,"s":"seg_598622258_598622185"},"geometry":{"type":"LineString","coordinates":[[-73.88061,40.67918],[-73.88071,40.67915],[-73.88098,40.67907],[-73.88103,40.67906],[-73.88107,40.67905]]}},{"type":"Feature","properties":{"c":1,"s":"seg_42488967_42464054"},"geometry":{"type":"LineString","coordinates":[[-73.88056,40.67906],[-73.8805,40.67907],[-73.88015,40.67917]]}},{"type":"Feature","properties":{"c":1,"s":"seg_42488967_42464054"},"geometry":{"type":"LineString","coordinates":[[-73.88015,40.67917],[-73.87926,40.67942]]}},{"type":"Feature","properties":{"c":1,"s":"seg_598622272_598622278"},"geometry":{"type":"LineString","coordinates":[[-73.89396,40.67595],[-73.89314,40.67606],[-73.89305,40.67607]]}},{"type":"Feature","properties":{"c":1,"s":"seg_598622272_598622278"},"geometry":{"type":"LineString","coordinates":[[-73.89129,40.67651],[-73.89137,40.6765],[-73.89211,40.67636],[-73.89219,40.67635]]}},{"type":"Feature","properties":{"c":1,"s":"seg_598622258_598622185"},"geometry":{"type":"LineString","coordinates":[[-73.88947,40.67671],[-73.88937,40.67673],[-73.88858,40.6769]]}},{"type":"Feature","properties":{"c":1,"s":"seg_598622258_598622185"},"geometry":{"type":"LineString","coordinates":[[-73.8895,40.67685],[-73.88959,40.67683],[-73.89033,40.67669],[-73.89039,40.67668]]}},{"type":"Feature","properties":{"c":1,"s":"seg_598622258_598622185"},"geometry":{"type":"LineString","coordinates":[[-73.88858,40.6769],[-73.88771,40.67709]]}},{"type":"Feature","properties":{"c":1,"s":"seg_598622258_598622185"},"geometry":{"type":"LineString","coordinates":[[-73.88775,40.67722],[-73.8886,40.67702]]}},{"type":"Feature","properties":{"c":1,"s":"seg_42488967_42464054"},"geometry":{"type":"LineString","coordinates":[[-73.87741,40.6801],[-73.87756,40.68006],[-73.87763,40.68003],[-73.87764,40.68003],[-73.878,40.67993],[-73.87854,40.67977],[-73.87865,40.67974]]}},{"type":"Feature","properties":{"c":1,"s":"seg_42488967_42464054"},"geometry":{"type":"LineString","coordinates":[[-73.87865,40.67974],[-73.87886,40.67968],[-73.87925,40.67957],[-73.87974,40.67943]]}},{"type":"Feature","properties":{"c":1,"s":"seg_42488967_42464054"},"geometry":{"type":"LineString","coordinates":[[-73.87974,40.67943],[-73.88009,40.67933],[-73.88026,40.67928],[-73.88053,40.6792],[-73.88061,40.67918]]}},{"type":"Feature","properties":{"c":1,"s":"seg_598622258_598622185"},"geometry":{"type":"LineString","coordinates":[[-73.88107,40.67905],[-73.88114,40.67903],[-73.88154,40.67892]]}},{"type":"Feature","properties":{"c":1,"s":"seg_598622258_598622185"},"geometry":{"type":"LineString","coordinates":[[-73.88154,40.67892],[-73.88243,40.67866]]}},{"type":"Feature","properties":{"c":1,"s":"seg_598622258_598622185"},"geometry":{"type":"LineString","coordinates":[[-73.88243,40.67866],[-73.88295,40.67851],[-73.88302,40.67849],[-73.88332,40.67841]]}},{"type":"Feature","properties":{"c":1,"s":"seg_598622258_598622185"},"geometry":{"type":"LineString","coordinates":[[-73.88332,40.67841],[-73.88411,40.67818],[-73.8842,40.67816]]}},{"type":"Feature","properties":{"c":1,"s":"seg_598622258_598622185"},"geometry":{"type":"LineString","coordinates":[[-73.8842,40.67816],[-73.88429,40.67813],[-73.8845,40.67807],[-73.8851,40.6779]]}},{"type":"Feature","properties":{"c":1,"s":"seg_598622258_598622185"},"geometry":{"type":"LineString","coordinates":[[-73.8851,40.6779],[-73.88518,40.67788],[-73.88599,40.67766]]}},{"type":"Feature","properties":{"c":1,"s":"seg_598622258_598622185"},"geometry":{"type":"LineString","coordinates":[[-73.88688,40.67743],[-73.88696,40.67741],[-73.88775,40.67722]]}},{"type":"Feature","properties":{"c":1,"s":"seg_598622258_598622185"},"geometry":{"type":"LineString","coordinates":[[-73.8886,40.67702],[-73.88941,40.67686],[-73.8895,40.67685]]}},{"type":"Feature","properties":{"c":1,"s":"seg_598622272_598622278"},"geometry":{"type":"LineString","coordinates":[[-73.89039,40.67668],[-73.89047,40.67666],[-73.89121,40.67652],[-73.89129,40.67651]]}},{"type":"Feature","properties":{"c":1,"s":"seg_598622272_598622278"},"geometry":{"type":"LineString","coordinates":[[-73.89219,40.67635],[-73.89228,40.67634],[-73.89301,40.67623],[-73.89309,40.67622]]}},{"type":"Feature","properties":{"c":1,"s":"seg_598622272_598622278"},"geometry":{"type":"LineString","coordinates":[[-73.89309,40.67622],[-73.89318,40.6762],[-73.89399,40.6761]]}},{"type":"Feature","properties":{"c":1,"s":"seg_598622272_598622278"},"geometry":{"type":"LineString","coordinates":[[-73.89399,40.6761],[-73.89452,40.67602],[-73.89484,40.67599],[-73.89493,40.67598]]}},{"type":"Feature","properties":{"c":1,"s":"seg_598622272_598622278"},"geometry":{"type":"LineString","coordinates":[[-73.89493,40.67598],[-73.89502,40.67597],[-73.89585,40.67589]]}},{"type":"Feature","properties":{"c":1,"s":"seg_598622272_598622278"},"geometry":{"type":"LineString","coordinates":[[-73.89585,40.67589],[-73.89673,40.67583],[-73.89687,40.67581]]}},{"type":"Feature","properties":{"c":1,"s":"seg_42495632_42495636"},"geometry":{"type":"LineString","coordinates":[[-73.89687,40.67581],[-73.89684,40.67567]]}},{"type":"Feature","properties":{"c":1,"s":"seg_598622272_598622278"},"geometry":{"type":"LineString","coordinates":[[-73.89687,40.67581],[-73.89702,40.6758],[-73.89788,40.67575]]}},{"type":"Feature","properties":{"c":1,"s":"seg_598622272_598622278"},"geometry":{"type":"LineString","coordinates":[[-73.89684,40.67567],[-73.8967,40.67568],[-73.89624,40.67573],[-73.8958,40.67577]]}},{"type":"Feature","properties":{"c":1,"s":"seg_598622272_598622278"},"geometry":{"type":"LineString","coordinates":[[-73.8958,40.67577],[-73.89548,40.67579],[-73.89545,40.6758],[-73.89499,40.67583],[-73.8949,40.67584]]}},{"type":"Feature","properties":{"c":1,"s":"seg_598622272_598622278"},"geometry":{"type":"LineString","coordinates":[[-73.8949,40.67584],[-73.8948,40.67585],[-73.89427,40.67592],[-73.89396,40.67595]]}},{"type":"Feature","properties":{"c":1,"s":"seg_598622272_598622278"},"geometry":{"type":"LineString","coordinates":[[-73.89216,40.67622],[-73.89207,40.67624],[-73.89134,40.67636],[-73.89126,40.67638]]}},{"type":"Feature","properties":{"c":1,"s":"seg_598622272_598622278"},"geometry":{"type":"LineString","coordinates":[[-73.89305,40.67607],[-73.89298,40.67608],[-73.89225,40.67621],[-73.89216,40.67622]]}},{"type":"Feature","properties":{"c":1,"s":"seg_598622272_598622278"},"geometry":{"type":"LineString","coordinates":[[-73.89126,40.67638],[-73.89118,40.67639],[-73.89093,40.67643],[-73.89043,40.67652],[-73.89035,40.67653]]}},{"type":"Feature","properties":{"c":1,"s":"seg_598622258_598622185"},"geometry":{"type":"LineString","coordinates":[[-73.8837,40.67817],[-73.8829,40.6784],[-73.88281,40.67843]]}},{"type":"Feature","properties":{"c":1,"s":"seg_598622272_598622278"},"geometry":{"type":"LineString","coordinates":[[-73.89035,40.67653],[-73.89029,40.67654],[-73.88995,40.67661],[-73.88955,40.67669],[-73.88947,40.67671]]}},{"type":"Feature","properties":{"c":1,"s":"seg_598622258_598622185"},"geometry":{"type":"LineString","coordinates":[[-73.88685,40.6773],[-73.88675,40.67732],[-73.88605,40.67752]]}},{"type":"Feature","properties":{"c":1,"s":"seg_598622258_598622185"},"geometry":{"type":"LineString","coordinates":[[-73.88605,40.67752],[-73.88582,40.67758],[-73.88526,40.67773]]}},{"type":"Feature","properties":{"c":1,"s":"seg_598622258_598622185"},"geometry":{"type":"LineString","coordinates":[[-73.88526,40.67773],[-73.88513,40.67777],[-73.88457,40.67793],[-73.88423,40.67802],[-73.88415,40.67804]]}},{"type":"Feature","properties":{"c":1,"s":"seg_598622258_598622185"},"geometry":{"type":"LineString","coordinates":[[-73.88281,40.67843],[-73.88195,40.67867]]}},{"type":"Feature","properties":{"c":1,"s":"seg_42488967_42464054"},"geometry":{"type":"LineString","coordinates":[[-73.87926,40.67942],[-73.87847,40.67965],[-73.87838,40.67967]]}},{"type":"Feature","properties":{"c":1,"s":"seg_598622258_598622185"},"geometry":{"type":"LineString","coordinates":[[-73.88195,40.67867],[-73.88112,40.67889],[-73.88104,40.67892]]}},{"type":"Feature","properties":{"c":1,"s":"seg_598622258_598622185"},"geometry":{"type":"LineString","coordinates":[[-73.88771,40.67709],[-73.88692,40.67728],[-73.88685,40.6773]]}},{"type":"Feature","properties":{"c":1,"s":"seg_42488967_42464054"},"geometry":{"type":"LineString","coordinates":[[-73.87747,40.67993],[-73.87736,40.67997],[-73.87688,40.68011],[-73.87657,40.68016]]}},{"type":"Feature","properties":{"c":1,"s":"seg_42488967_42464054"},"geometry":{"type":"LineString","coordinates":[[-73.87838,40.67967],[-73.87781,40.67983],[-73.87754,40.67991],[-73.87747,40.67993]]}},{"type":"Feature","properties":{"c":1,"s":"seg_598622258_598622185"},"geometry":{"type":"LineString","coordinates":[[-73.88415,40.67804],[-73.88405,40.67807],[-73.8837,40.67817]]}},{"type":"Feature","properties":{"c":1,"s":"seg_598622258_598622185"},"geometry":{"type":"LineString","coordinates":[[-73.88104,40.67892],[-73.88096,40.67894],[-73.88067,40.67903],[-73.88056,40.67906]]}},{"type":"Feature","properties":{"c":0,"s":"seg_42488218_42464054"},"geometry":{"type":"LineString","coordinates":[[-73.86886,40.67717],[-73.86898,40.67721],[-73.86958,40.67741]]}},{"type":"Feature","properties":{"c":0,"s":"seg_42488218_42464054"},"geometry":{"type":"LineString","coordinates":[[-73.87058,40.67766],[-73.87067,40.67767],[-73.8709,40.67772],[-73.87122,40.67778],[-73.87139,40.67781],[-73.87159,40.67784],[-73.87191,40.67792],[-73.87209,40.67798]]}},{"type":"Feature","properties":{"c":0,"s":"seg_42488218_42464054"},"geometry":{"type":"LineString","coordinates":[[-73.86747,40.67672],[-73.86872,40.67713],[-73.86886,40.67717]]}},{"type":"Feature","properties":{"c":0,"s":"seg_42488218_42464054"},"geometry":{"type":"LineString","coordinates":[[-73.86958,40.67741],[-73.86998,40.67753],[-73.87047,40.67764],[-73.87058,40.67766]]}},{"type":"Feature","properties":{"c":0,"s":"seg_42488218_42464054"},"geometry":{"type":"LineString","coordinates":[[-73.86611,40.67625],[-73.86626,40.67631],[-73.86651,40.67639]]}},{"type":"Feature","properties":{"c":0,"s":"seg_42488218_42464054"},"geometry":{"type":"LineString","coordinates":[[-73.87209,40.67798],[-73.87227,40.67803],[-73.87241,40.67808],[-73.87267,40.67818],[-73.87288,40.67829]]}},{"type":"Feature","properties":{"c":0,"s":"seg_42488218_42464054"},"geometry":{"type":"LineString","coordinates":[[-73.86333,40.67535],[-73.86434,40.67569]]}},{"type":"Feature","properties":{"c":0,"s":"seg_42488218_42464054"},"geometry":{"type":"LineString","coordinates":[[-73.86288,40.67522],[-73.86322,40.67532],[-73.86333,40.67535]]}},{"type":"Feature","properties":{"c":0,"s":"seg_42488218_42464054"},"geometry":{"type":"LineString","coordinates":[[-73.86434,40.67569],[-73.86531,40.67601],[-73.86541,40.67604]]}},{"type":"Feature","properties":{"c":2,"s":"seg_42493852_42493860"},"geometry":{"type":"LineString","coordinates":[[-73.98676,40.5839],[-73.98663,40.58368]]}},{"type":"Feature","properties":{"c":2,"s":"seg_42493852_42493860"},"geometry":{"type":"LineString","coordinates":[[-73.98737,40.58496],[-73.98706,40.58444],[-73.98702,40.58438],[-73.98676,40.5839]]}},{"type":"Feature","properties":{"c":1,"s":"seg_42469045_42469047"},"geometry":{"type":"LineString","coordinates":[[-73.9995,40.59646],[-73.99961,40.59643],[-74.00036,40.59574]]}},{"type":"Feature","properties":{"c":1,"s":"seg_622232007_622232010"},"geometry":{"type":"LineString","coordinates":[[-73.94375,40.73238],[-73.94366,40.73242],[-73.94355,40.73246],[-73.94346,40.73249],[-73.94337,40.73252],[-73.94331,40.73254],[-73.94325,40.73256],[-73.94317,40.73258],[-73.9431,40.7326],[-73.94301,40.73261],[-73.94298,40.73262],[-73.94296,40.73262],[-73.94291,40.73264],[-73.94281,40.73266]]}},{"type":"Feature","properties":{"c":1,"s":"seg_622232007_622232010"},"geometry":{"type":"LineString","coordinates":[[-73.94375,40.73238],[-73.94384,40.73235],[-73.94426,40.73221],[-73.94453,40.73211],[-73.9446,40.73209]]}},{"type":"Feature","properties":{"c":3,"s":"seg_42475193_42927436"},"geometry":{"type":"LineString","coordinates":[[-73.89462,40.68143],[-73.8949,40.6814],[-73.89492,40.6814],[-73.896,40.68089],[-73.89606,40.68087],[-73.89615,40.68082]]}},{"type":"Feature","properties":{"c":2,"s":"seg_42489110_42489113"},"geometry":{"type":"LineString","coordinates":[[-73.97228,40.65066],[-73.97218,40.65059],[-73.97215,40.65056],[-73.97211,40.65049],[-73.9721,40.65045],[-73.97202,40.65021],[-73.97196,40.65011],[-73.97192,40.65006]]}},{"type":"Feature","properties":{"c":2,"s":"seg_42469624_42469626"},"geometry":{"type":"LineString","coordinates":[[-73.9698,40.67508],[-73.96994,40.67494],[-73.97007,40.67482],[-73.9701,40.6748],[-73.97019,40.67472],[-73.97026,40.67466]]}},{"type":"Feature","properties":{"c":1,"s":"seg_42481948_544352735"},"geometry":{"type":"LineString","coordinates":[[-73.97083,40.67493],[-73.9708,40.67482],[-73.9707,40.67467],[-73.97066,40.67462],[-73.97064,40.67457],[-73.97063,40.67453],[-73.97064,40.67447],[-73.97064,40.67443],[-73.97065,40.67435]]}},{"type":"Feature","properties":{"c":1,"s":"seg_42481948_544352735"},"geometry":{"type":"LineString","coordinates":[[-73.97026,40.67466],[-73.97035,40.6747],[-73.97057,40.6748],[-73.97068,40.67485],[-73.97083,40.67493]]}},{"type":"Feature","properties":{"c":3,"s":"seg_2356694563_42480221"},"geometry":{"type":"LineString","coordinates":[[-73.96853,40.57514],[-73.96851,40.5752],[-73.9685,40.57524],[-73.96843,40.57555],[-73.96828,40.57618],[-73.96826,40.57626]]}},{"type":"Feature","properties":{"c":2,"s":"seg_1167470882_9391176018"},"geometry":{"type":"LineString","coordinates":[[-73.96898,40.57528],[-73.96905,40.5752],[-73.96916,40.57511],[-73.96932,40.575],[-73.96953,40.57491],[-73.96974,40.57484],[-73.96981,40.57481],[-73.97009,40.57474],[-73.97041,40.57467],[-73.97074,40.57463],[-73.97088,40.57462],[-73.97108,40.57461],[-73.97143,40.57461],[-73.97176,40.57462],[-73.9721,40.57464],[-73.97245,40.57468],[-73.97281,40.57473],[-73.97319,40.57481],[-73.97326,40.57482],[-73.97336,40.57479]]}},{"type":"Feature","properties":{"c":3,"s":"seg_1167470882_9391176018"},"geometry":{"type":"LineString","coordinates":[[-73.96947,40.5748],[-73.96887,40.57492],[-73.96877,40.57494],[-73.9687,40.57497],[-73.96864,40.575],[-73.9686,40.57503],[-73.96857,40.57507],[-73.96853,40.57514]]}},{"type":"Feature","properties":{"c":2,"s":"seg_1167470882_9391176018"},"geometry":{"type":"LineString","coordinates":[[-73.96947,40.5748],[-73.96922,40.57491],[-73.96903,40.57504],[-73.9689,40.57517],[-73.96883,40.57523]]}},{"type":"Feature","properties":{"c":3,"s":"seg_2356694563_42480221"},"geometry":{"type":"LineString","coordinates":[[-73.96777,40.57843],[-73.96775,40.5785],[-73.96734,40.5803],[-73.96731,40.58041]]}},{"type":"Feature","properties":{"c":3,"s":"seg_2356694563_42480221"},"geometry":{"type":"LineString","coordinates":[[-73.96831,40.5785],[-73.96832,40.57844],[-73.96836,40.57826],[-73.96859,40.57728],[-73.96877,40.57647],[-73.96879,40.57639]]}},{"type":"Feature","properties":{"c":3,"s":"seg_42464392_2356694542"},"geometry":{"type":"LineString","coordinates":[[-73.93574,40.57848],[-73.93564,40.57849],[-73.93547,40.57849],[-73.93531,40.5785],[-73.93433,40.57852],[-73.93415,40.57852],[-73.93407,40.57853]]}},{"type":"Feature","properties":{"c":2,"s":"seg_42464392_2356694542"},"geometry":{"type":"LineString","coordinates":[[-73.93574,40.57848],[-73.93576,40.57851],[-73.93579,40.57855],[-73.93582,40.57857],[-73.93587,40.57858],[-73.93604,40.57858]]}},{"type":"Feature","properties":{"c":2,"s":"seg_42464392_2356694542"},"geometry":{"type":"LineString","coordinates":[[-73.93604,40.57858],[-73.93613,40.57858],[-73.93617,40.57857],[-73.93622,40.57853],[-73.93623,40.57849]]}},{"type":"Feature","properties":{"c":2,"s":"seg_42464392_2356694542"},"geometry":{"type":"LineString","coordinates":[[-73.93795,40.57845],[-73.93802,40.57845],[-73.93887,40.57841]]}},{"type":"Feature","properties":{"c":2,"s":"seg_42464392_2356694542"},"geometry":{"type":"LineString","coordinates":[[-73.93887,40.57841],[-73.93937,40.5784],[-73.93981,40.57836]]}},{"type":"Feature","properties":{"c":2,"s":"seg_42464392_2356694542"},"geometry":{"type":"LineString","coordinates":[[-73.93981,40.57836],[-73.94076,40.57825]]}},{"type":"Feature","properties":{"c":2,"s":"seg_42464392_2356694542"},"geometry":{"type":"LineString","coordinates":[[-73.94076,40.57825],[-73.94167,40.57815]]}},{"type":"Feature","properties":{"c":2,"s":"seg_42464392_2356694542"},"geometry":{"type":"LineString","coordinates":[[-73.93722,40.57847],[-73.93781,40.57845],[-73.93781,40.57845],[-73.93787,40.57845],[-73.93795,40.57845]]}},{"type":"Feature","properties":{"c":2,"s":"seg_42464392_2356694542"},"geometry":{"type":"LineString","coordinates":[[-73.93623,40.57849],[-73.93623,40.5784]]}},{"type":"Feature","properties":{"c":2,"s":"seg_42464392_2356694542"},"geometry":{"type":"LineString","coordinates":[[-73.93623,40.57849],[-73.93634,40.57849],[-73.93686,40.57848],[-73.93722,40.57847]]}},{"type":"Feature","properties":{"c":2,"s":"seg_42464392_2356694542"},"geometry":{"type":"LineString","coordinates":[[-73.93753,40.57837],[-73.93721,40.57838]]}},{"type":"Feature","properties":{"c":2,"s":"seg_42464392_2356694542"},"geometry":{"type":"LineString","coordinates":[[-73.95194,40.57703],[-73.95267,40.57695],[-73.95279,40.57693],[-73.95289,40.57688]]}},{"type":"Feature","properties":{"c":2,"s":"seg_42464392_2356694542"},"geometry":{"type":"LineString","coordinates":[[-73.9463,40.57764],[-73.94718,40.57755],[-73.94728,40.57754]]}},{"type":"Feature","properties":{"c":2,"s":"seg_42464392_2356694542"},"geometry":{"type":"LineString","coordinates":[[-73.94538,40.57774],[-73.94618,40.57766],[-73.9463,40.57764]]}},{"type":"Feature","properties":{"c":2,"s":"seg_42464392_2356694542"},"geometry":{"type":"LineString","coordinates":[[-73.95102,40.57713],[-73.95139,40.57709],[-73.95194,40.57703]]}},{"type":"Feature","properties":{"c":2,"s":"seg_42464392_2356694542"},"geometry":{"type":"LineString","coordinates":[[-73.9501,40.57723],[-73.95102,40.57713]]}},{"type":"Feature","properties":{"c":2,"s":"seg_42464392_2356694542"},"geometry":{"type":"LineString","coordinates":[[-73.94918,40.57733],[-73.94955,40.57729],[-73.9501,40.57723]]}},{"type":"Feature","properties":{"c":2,"s":"seg_42464392_2356694542"},"geometry":{"type":"LineString","coordinates":[[-73.94825,40.57743],[-73.94918,40.57733]]}},{"type":"Feature","properties":{"c":2,"s":"seg_42464392_2356694542"},"geometry":{"type":"LineString","coordinates":[[-73.94728,40.57754],[-73.94738,40.57753],[-73.94825,40.57743]]}},{"type":"Feature","properties":{"c":2,"s":"seg_42464392_2356694542"},"geometry":{"type":"LineString","coordinates":[[-73.94447,40.57784],[-73.94481,40.57781],[-73.94538,40.57774]]}},{"type":"Feature","properties":{"c":2,"s":"seg_42464392_2356694542"},"geometry":{"type":"LineString","coordinates":[[-73.9426,40.57805],[-73.94293,40.57801],[-73.94345,40.57796],[-73.94354,40.57795]]}},{"type":"Feature","properties":{"c":2,"s":"seg_42464392_2356694542"},"geometry":{"type":"LineString","coordinates":[[-73.94354,40.57795],[-73.94364,40.57794],[-73.94447,40.57784]]}},{"type":"Feature","properties":{"c":2,"s":"seg_42464392_2356694542"},"geometry":{"type":"LineString","coordinates":[[-73.94167,40.57815],[-73.9426,40.57805]]}},{"type":"Feature","properties":{"c":2,"s":"seg_42463529_42463202"},"geometry":{"type":"LineString","coordinates":[[-73.88631,40.63085],[-73.88636,40.63092],[-73.88661,40.63114],[-73.88667,40.6312],[-73.88677,40.63129],[-73.88693,40.63144],[-73.88701,40.63151]]}},{"type":"Feature","properties":{"c":2,"s":"seg_7964524502_1257569840"},"geometry":{"type":"LineString","coordinates":[[-73.89132,40.63268],[-73.89125,40.63273],[-73.89104,40.63286],[-73.89046,40.63324]]}},{"type":"Feature","properties":{"c":2,"s":"seg_42468439_42470180"},"geometry":{"type":"LineString","coordinates":[[-73.88441,40.63717],[-73.88433,40.63722],[-73.88376,40.63759],[-73.88367,40.63765]]}},{"type":"Feature","properties":{"c":2,"s":"seg_42468439_42470180"},"geometry":{"type":"LineString","coordinates":[[-73.88728,40.63527],[-73.88666,40.63568],[-73.88658,40.63573]]}},{"type":"Feature","properties":{"c":2,"s":"seg_7964524502_1257569840"},"geometry":{"type":"LineString","coordinates":[[-73.89571,40.62984],[-73.89532,40.6301],[-73.89508,40.63025],[-73.89494,40.63034]]}},{"type":"Feature","properties":{"c":2,"s":"seg_42468439_42470180"},"geometry":{"type":"LineString","coordinates":[[-73.88876,40.63431],[-73.88867,40.63437],[-73.88842,40.63454],[-73.88809,40.63476],[-73.88803,40.6348]]}},{"type":"Feature","properties":{"c":2,"s":"seg_42468439_42470180"},"geometry":{"type":"LineString","coordinates":[[-73.88803,40.6348],[-73.88769,40.63502],[-73.88728,40.63527]]}},{"type":"Feature","properties":{"c":2,"s":"seg_7964524502_1257569840"},"geometry":{"type":"LineString","coordinates":[[-73.89785,40.62845],[-73.89779,40.62849],[-73.89715,40.62892]]}},{"type":"Feature","properties":{"c":2,"s":"seg_7964524502_1257569840"},"geometry":{"type":"LineString","coordinates":[[-73.8921,40.63218],[-73.89197,40.63227],[-73.89139,40.63263],[-73.89132,40.63268]]}},{"type":"Feature","properties":{"c":2,"s":"seg_7964524502_1257569840"},"geometry":{"type":"LineString","coordinates":[[-73.89494,40.63034],[-73.89488,40.63038],[-73.8948,40.63043],[-73.89422,40.6308],[-73.89417,40.63083]]}},{"type":"Feature","properties":{"c":2,"s":"seg_7964524502_1257569840"},"geometry":{"type":"LineString","coordinates":[[-73.89861,40.62798],[-73.89785,40.62845]]}},{"type":"Feature","properties":{"c":2,"s":"seg_42468439_42470180"},"geometry":{"type":"LineString","coordinates":[[-73.8897,40.63373],[-73.88959,40.63379]]}},{"type":"Feature","properties":{"c":2,"s":"seg_42463529_42463202"},"geometry":{"type":"LineString","coordinates":[[-73.8897,40.63373],[-73.88966,40.63365],[-73.88952,40.63352],[-73.88942,40.63343],[-73.88831,40.63245],[-73.88825,40.63239]]}},{"type":"Feature","properties":{"c":2,"s":"seg_42463529_42463202"},"geometry":{"type":"LineString","coordinates":[[-73.88959,40.63379],[-73.88976,40.63386]]}},{"type":"Feature","properties":{"c":2,"s":"seg_42468439_42470180"},"geometry":{"type":"LineString","coordinates":[[-73.88959,40.63379],[-73.88948,40.63386],[-73.88916,40.63406],[-73.88884,40.63426],[-73.88876,40.63431]]}},{"type":"Feature","properties":{"c":2,"s":"seg_42468439_42470180"},"geometry":{"type":"LineString","coordinates":[[-73.88517,40.63668],[-73.88449,40.63712],[-73.88441,40.63717]]}},{"type":"Feature","properties":{"c":2,"s":"seg_7964524502_1257569840"},"geometry":{"type":"LineString","coordinates":[[-73.89417,40.63083],[-73.89346,40.6313]]}},{"type":"Feature","properties":{"c":2,"s":"seg_42468439_42470180"},"geometry":{"type":"LineString","coordinates":[[-73.88367,40.63765],[-73.88358,40.6377],[-73.88342,40.63781],[-73.88183,40.63884],[-73.88167,40.63894],[-73.88162,40.63897],[-73.88154,40.63903]]}},{"type":"Feature","properties":{"c":2,"s":"seg_7964524502_1257569840"},"geometry":{"type":"LineString","coordinates":[[-73.89644,40.62938],[-73.89638,40.62941],[-73.8961,40.62959],[-73.8958,40.62979],[-73.89571,40.62984]]}},{"type":"Feature","properties":{"c":2,"s":"seg_42468439_42470180"},"geometry":{"type":"LineString","coordinates":[[-73.88658,40.63573],[-73.88652,40.63578],[-73.88608,40.63608],[-73.886,40.63614],[-73.88594,40.63618]]}},{"type":"Feature","properties":{"c":2,"s":"seg_42463529_42463202"},"geometry":{"type":"LineString","coordinates":[[-73.88811,40.63249],[-73.88817,40.63254],[-73.88845,40.6328],[-73.88867,40.633],[-73.88898,40.63327],[-73.88908,40.63337],[-73.88929,40.63356],[-73.88939,40.63366],[-73.88948,40.63375],[-73.88959,40.63379]]}},{"type":"Feature","properties":{"c":2,"s":"seg_42468439_42470180"},"geometry":{"type":"LineString","coordinates":[[-73.89046,40.63324],[-73.89029,40.63335],[-73.89019,40.63341],[-73.8901,40.63347],[-73.88979,40.63367],[-73.8897,40.63373]]}},{"type":"Feature","properties":{"c":2,"s":"seg_7964524502_1257569840"},"geometry":{"type":"LineString","coordinates":[[-73.89271,40.63178],[-73.89264,40.63184],[-73.89239,40.632],[-73.89219,40.63213],[-73.8921,40.63218]]}},{"type":"Feature","properties":{"c":2,"s":"seg_7964524502_1257569840"},"geometry":{"type":"LineString","coordinates":[[-73.89715,40.62892],[-73.89677,40.62916],[-73.89648,40.62935],[-73.89644,40.62938]]}},{"type":"Feature","properties":{"c":2,"s":"seg_7964524502_1257569840"},"geometry":{"type":"LineString","coordinates":[[-73.89346,40.6313],[-73.89279,40.63174],[-73.89271,40.63178]]}},{"type":"Feature","properties":{"c":2,"s":"seg_42468439_42470180"},"geometry":{"type":"LineString","coordinates":[[-73.88594,40.63618],[-73.88582,40.63626],[-73.88556,40.63643],[-73.88517,40.63668]]}},{"type":"Feature","properties":{"c":2,"s":"seg_42463529_42463202"},"geometry":{"type":"LineString","coordinates":[[-73.88701,40.63151],[-73.88708,40.63157],[-73.8875,40.63194],[-73.88759,40.63202],[-73.88781,40.63222],[-73.88785,40.63226],[-73.88804,40.63242],[-73.88811,40.63249]]}},{"type":"Feature","properties":{"c":0,"s":"seg_598043784_598043787"},"geometry":{"type":"LineString","coordinates":[[-73.98438,40.69596],[-73.98428,40.69596],[-73.98405,40.69596]]}},{"type":"Feature","properties":{"c":1,"s":"seg_42467024_42469614"},"geometry":{"type":"LineString","coordinates":[[-73.98324,40.69369],[-73.98343,40.69372]]}},{"type":"Feature","properties":{"c":0,"s":"seg_598043784_598043787"},"geometry":{"type":"LineString","coordinates":[[-73.98447,40.69612],[-73.98468,40.69613]]}},{"type":"Feature","properties":{"c":1,"s":"seg_1260335220_1260335264"},"geometry":{"type":"LineString","coordinates":[[-73.92198,40.66856],[-73.92183,40.66864],[-73.92171,40.66871],[-73.92164,40.66874],[-73.92161,40.66876],[-73.92153,40.66879],[-73.92151,40.6688],[-73.92147,40.66881],[-73.92142,40.66883],[-73.92139,40.66884],[-73.92133,40.66886],[-73.92081,40.66908],[-73.92058,40.66917]]}},{"type":"Feature","properties":{"c":1,"s":"seg_1260335220_1260335264"},"geometry":{"type":"LineString","coordinates":[[-73.91413,40.67195],[-73.91423,40.6719],[-73.91503,40.67157],[-73.91518,40.67152]]}},{"type":"Feature","properties":{"c":1,"s":"seg_1260335220_1260335264"},"geometry":{"type":"LineString","coordinates":[[-73.90793,40.67812],[-73.90794,40.67809],[-73.90796,40.67804],[-73.90798,40.67797],[-73.90799,40.67793],[-73.90804,40.67743],[-73.90805,40.67737]]}},{"type":"Feature","properties":{"c":2,"s":"seg_597728004_597748756"},"geometry":{"type":"LineString","coordinates":[[-73.90817,40.67609],[-73.90802,40.67608]]}},{"type":"Feature","properties":{"c":1,"s":"seg_1260335220_1260335264"},"geometry":{"type":"LineString","coordinates":[[-73.90817,40.67609],[-73.90817,40.67604],[-73.90821,40.67562],[-73.90822,40.67556],[-73.90823,40.67552],[-73.90823,40.67551],[-73.90826,40.67546],[-73.90828,40.67542],[-73.90831,40.67539]]}},{"type":"Feature","properties":{"c":1,"s":"seg_1260335220_1260335264"},"geometry":{"type":"LineString","coordinates":[[-73.90815,40.67629],[-73.90816,40.67623]]}},{"type":"Feature","properties":{"c":2,"s":"seg_597728004_597748756"},"geometry":{"type":"LineString","coordinates":[[-73.90815,40.67629],[-73.90825,40.67627],[-73.90829,40.67627]]}},{"type":"Feature","properties":{"c":1,"s":"seg_1260335220_1260335264"},"geometry":{"type":"LineString","coordinates":[[-73.91899,40.66994],[-73.91925,40.66984],[-73.91943,40.66976],[-73.91982,40.66961],[-73.91992,40.66957]]}},{"type":"Feature","properties":{"c":1,"s":"seg_42479194_1942055212"},"geometry":{"type":"LineString","coordinates":[[-73.91992,40.66957],[-73.92009,40.66937]]}},{"type":"Feature","properties":{"c":1,"s":"seg_1260335220_1260335264"},"geometry":{"type":"LineString","coordinates":[[-73.91992,40.66957],[-73.92011,40.66949],[-73.92034,40.66939],[-73.92103,40.66912]]}},{"type":"Feature","properties":{"c":2,"s":"seg_42479194_1942055212"},"geometry":{"type":"LineString","coordinates":[[-73.91992,40.66957],[-73.9199,40.66965],[-73.91989,40.66988],[-73.91988,40.66998]]}},{"type":"Feature","properties":{"c":1,"s":"seg_1260335220_1260335264"},"geometry":{"type":"LineString","coordinates":[[-73.90656,40.67928],[-73.90669,40.67918],[-73.90761,40.67845],[-73.90766,40.67841]]}},{"type":"Feature","properties":{"c":1,"s":"seg_1260335220_1260335264"},"geometry":{"type":"LineString","coordinates":[[-73.92204,40.66866],[-73.92222,40.66855],[-73.92232,40.6685],[-73.92239,40.66847],[-73.92247,40.66844],[-73.92253,40.66841],[-73.92258,40.66839],[-73.92263,40.66836]]}},{"type":"Feature","properties":{"c":1,"s":"seg_1260335220_1260335264"},"geometry":{"type":"LineString","coordinates":[[-73.90926,40.67467],[-73.90935,40.6746],[-73.91013,40.674],[-73.91021,40.67395]]}},{"type":"Feature","properties":{"c":1,"s":"seg_1260335220_1260335264"},"geometry":{"type":"LineString","coordinates":[[-73.90766,40.67841],[-73.90775,40.67835],[-73.9078,40.6783],[-73.90785,40.67824],[-73.90788,40.6782],[-73.90789,40.67818],[-73.90793,40.67812]]}},{"type":"Feature","properties":{"c":1,"s":"seg_1260335220_1260335264"},"geometry":{"type":"LineString","coordinates":[[-73.91518,40.67152],[-73.91536,40.67145],[-73.91685,40.67083],[-73.91701,40.67076]]}},{"type":"Feature","properties":{"c":1,"s":"seg_1260335220_1260335264"},"geometry":{"type":"LineString","coordinates":[[-73.91701,40.67076],[-73.91715,40.6707],[-73.91724,40.67067]]}},{"type":"Feature","properties":{"c":1,"s":"seg_1260335220_1260335264"},"geometry":{"type":"LineString","coordinates":[[-73.91724,40.67067],[-73.91873,40.67005],[-73.91879,40.67002],[-73.91899,40.66994]]}},{"type":"Feature","properties":{"c":1,"s":"seg_1260335220_1260335264"},"geometry":{"type":"LineString","coordinates":[[-73.92103,40.66912],[-73.92159,40.66888],[-73.92163,40.66886],[-73.92178,40.6688],[-73.92185,40.66876],[-73.92204,40.66866]]}},{"type":"Feature","properties":{"c":1,"s":"seg_1260335220_1260335264"},"geometry":{"type":"LineString","coordinates":[[-73.91163,40.67298],[-73.91313,40.67236],[-73.91327,40.67231]]}},{"type":"Feature","properties":{"c":1,"s":"seg_1260335220_1260335264"},"geometry":{"type":"LineString","coordinates":[[-73.90831,40.67539],[-73.90838,40.67533],[-73.90843,40.67529],[-73.90848,40.67525],[-73.90917,40.67473],[-73.90926,40.67467]]}},{"type":"Feature","properties":{"c":1,"s":"seg_1260335220_1260335264"},"geometry":{"type":"LineString","coordinates":[[-73.91327,40.67231],[-73.91347,40.67222],[-73.91402,40.67199],[-73.91413,40.67195]]}},{"type":"Feature","properties":{"c":1,"s":"seg_1260335220_1260335264"},"geometry":{"type":"LineString","coordinates":[[-73.91021,40.67395],[-73.91033,40.67385],[-73.91094,40.67338],[-73.91111,40.67324],[-73.91122,40.67315]]}},{"type":"Feature","properties":{"c":1,"s":"seg_1260335220_1260335264"},"geometry":{"type":"LineString","coordinates":[[-73.90805,40.67737],[-73.90805,40.6773],[-73.90814,40.6764],[-73.90815,40.67635],[-73.90815,40.67629]]}},{"type":"Feature","properties":{"c":1,"s":"seg_5314096947_5314096946"},"geometry":{"type":"LineString","coordinates":[[-73.8864,40.65278],[-73.88631,40.65266]]}},{"type":"Feature","properties":{"c":2,"s":"seg_42484216_7712107371"},"geometry":{"type":"LineString","coordinates":[[-73.92821,40.71429],[-73.92832,40.7143],[-73.92874,40.71434]]}},{"type":"Feature","properties":{"c":1,"s":"seg_42504181_1275778402"},"geometry":{"type":"LineString","coordinates":[[-73.92375,40.70778],[-73.924,40.70754]]}},{"type":"Feature","properties":{"c":2,"s":"seg_42484216_7712107371"},"geometry":{"type":"LineString","coordinates":[[-73.9324,40.71434],[-73.93324,40.7144],[-73.93331,40.71441],[-73.93345,40.7144]]}},{"type":"Feature","properties":{"c":1,"s":"seg_42490339_42524611"},"geometry":{"type":"LineString","coordinates":[[-73.93233,40.71401],[-73.93184,40.71414],[-73.93148,40.71423]]}},{"type":"Feature","properties":{"c":2,"s":"seg_42484216_7712107371"},"geometry":{"type":"LineString","coordinates":[[-73.92874,40.71434],[-73.92947,40.7144]]}},{"type":"Feature","properties":{"c":2,"s":"seg_42484216_7712107371"},"geometry":{"type":"LineString","coordinates":[[-73.92636,40.71411],[-73.92649,40.71412],[-73.92687,40.71416],[-73.92747,40.71422],[-73.92751,40.71423],[-73.92809,40.71428],[-73.92821,40.71429]]}},{"type":"Feature","properties":{"c":2,"s":"seg_1691133695_1691133701"},"geometry":{"type":"LineString","coordinates":[[-73.97244,40.65176],[-73.97245,40.65172],[-73.97245,40.65165],[-73.97245,40.65161],[-73.97246,40.65156],[-73.97247,40.65152]]}},{"type":"Feature","properties":{"c":2,"s":"seg_1691133695_1691133701"},"geometry":{"type":"LineString","coordinates":[[-73.97244,40.65176],[-73.97248,40.65192],[-73.9726,40.65236],[-73.97266,40.65256],[-73.97268,40.65263]]}},{"type":"Feature","properties":{"c":1,"s":"seg_598050847_42481022"},"geometry":{"type":"LineString","coordinates":[[-73.98684,40.69996],[-73.98679,40.69996],[-73.98639,40.69994],[-73.98637,40.69994],[-73.98629,40.69994],[-73.98625,40.69993]]}},{"type":"Feature","properties":{"c":1,"s":"seg_1372888890_1372888814"},"geometry":{"type":"LineString","coordinates":[[-74.00681,40.65211],[-74.00686,40.65205],[-74.00734,40.65159],[-74.00739,40.65155]]}},{"type":"Feature","properties":{"c":1,"s":"seg_42496975_42475971"},"geometry":{"type":"LineString","coordinates":[[-73.98268,40.67808],[-73.98271,40.67802],[-73.98299,40.67762],[-73.98306,40.67751],[-73.98311,40.67744]]}},{"type":"Feature","properties":{"c":1,"s":"seg_42473012_42521198"},"geometry":{"type":"LineString","coordinates":[[-74.01147,40.64762],[-74.01151,40.64758],[-74.01199,40.64712],[-74.01205,40.64706]]}},{"type":"Feature","properties":{"c":1,"s":"seg_42496975_42475971"},"geometry":{"type":"LineString","coordinates":[[-73.98677,40.67279],[-73.98709,40.67241],[-73.98722,40.67225],[-73.98727,40.67219]]}},{"type":"Feature","properties":{"c":1,"s":"seg_42496975_42475971"},"geometry":{"type":"LineString","coordinates":[[-73.98009,40.68188],[-73.98013,40.68182],[-73.98039,40.68144],[-73.98049,40.68131],[-73.98052,40.68125]]}},{"type":"Feature","properties":{"c":1,"s":"seg_42496975_42475971"},"geometry":{"type":"LineString","coordinates":[[-73.97923,40.68314],[-73.97927,40.68309],[-73.97963,40.68258],[-73.97967,40.68252]]}},{"type":"Feature","properties":{"c":1,"s":"seg_42473012_42521198"},"geometry":{"type":"LineString","coordinates":[[-74.00972,40.6493],[-74.00977,40.64926],[-74.01013,40.64891],[-74.01024,40.6488],[-74.0103,40.64874]]}},{"type":"Feature","properties":{"c":1,"s":"seg_1372888890_1372888814"},"geometry":{"type":"LineString","coordinates":[[-74.00856,40.65042],[-74.00859,40.65039],[-74.00896,40.65003],[-74.00908,40.64992],[-74.00914,40.64986]]}},{"type":"Feature","properties":{"c":1,"s":"seg_1372888841_1372888679"},"geometry":{"type":"LineString","coordinates":[[-73.99632,40.66219],[-73.99637,40.66214],[-73.99675,40.66178],[-73.99684,40.66168],[-73.9969,40.66163]]}},{"type":"Feature","properties":{"c":1,"s":"seg_42510734_42516074"},"geometry":{"type":"LineString","coordinates":[[-73.99285,40.66553],[-73.99292,40.66546],[-73.99308,40.6653],[-73.99334,40.66505],[-73.9934,40.66499]]}},{"type":"Feature","properties":{"c":1,"s":"seg_42496975_42475971"},"geometry":{"type":"LineString","coordinates":[[-73.98878,40.67038],[-73.98886,40.67028],[-73.98905,40.67005],[-73.98923,40.66984],[-73.98928,40.66978]]}},{"type":"Feature","properties":{"c":1,"s":"seg_42510734_42516074"},"geometry":{"type":"LineString","coordinates":[[-73.99029,40.66857],[-73.99033,40.66852],[-73.99074,40.66803],[-73.99079,40.66797]]}},{"type":"Feature","properties":{"c":1,"s":"seg_1372888890_1372888814"},"geometry":{"type":"LineString","coordinates":[[-74.00797,40.65098],[-74.00802,40.65093],[-74.0085,40.65048],[-74.00856,40.65042]]}},{"type":"Feature","properties":{"c":1,"s":"seg_42496975_42475971"},"geometry":{"type":"LineString","coordinates":[[-73.98052,40.68125],[-73.98056,40.68119],[-73.98072,40.68096],[-73.98084,40.68079],[-73.98092,40.68067],[-73.98096,40.68061]]}},{"type":"Feature","properties":{"c":1,"s":"seg_42496975_42475971"},"geometry":{"type":"LineString","coordinates":[[-73.98827,40.67099],[-73.98832,40.67093],[-73.98851,40.6707],[-73.9886,40.67059],[-73.98871,40.67046],[-73.98878,40.67038]]}},{"type":"Feature","properties":{"c":1,"s":"seg_42496975_42475971"},"geometry":{"type":"LineString","coordinates":[[-73.98779,40.67159],[-73.98783,40.67154],[-73.98823,40.67104],[-73.98827,40.67099]]}},{"type":"Feature","properties":{"c":1,"s":"seg_42473012_42521198"},"geometry":{"type":"LineString","coordinates":[[-74.01427,40.64475],[-74.01421,40.64481],[-74.01377,40.64522],[-74.01373,40.64526],[-74.01368,40.64532]]}},{"type":"Feature","properties":{"c":1,"s":"seg_1372888841_1372888679"},"geometry":{"type":"LineString","coordinates":[[-73.99573,40.66275],[-73.99579,40.66269],[-73.99626,40.66225],[-73.99632,40.66219]]}},{"type":"Feature","properties":{"c":1,"s":"seg_42496975_42475971"},"geometry":{"type":"LineString","coordinates":[[-73.98096,40.68061],[-73.981,40.68055],[-73.98135,40.68003],[-73.98138,40.67998]]}},{"type":"Feature","properties":{"c":1,"s":"seg_42510734_42516074"},"geometry":{"type":"LineString","coordinates":[[-73.98978,40.66917],[-73.98983,40.66911],[-73.99016,40.66873],[-73.99024,40.66863],[-73.99029,40.66857]]}},{"type":"Feature","properties":{"c":1,"s":"seg_42510734_42516074"},"geometry":{"type":"LineString","coordinates":[[-73.99179,40.66677],[-73.99185,40.6667],[-73.99216,40.66632],[-73.99225,40.66622],[-73.9923,40.66617]]}},{"type":"Feature","properties":{"c":1,"s":"seg_42510734_42516074"},"geometry":{"type":"LineString","coordinates":[[-73.9923,40.66617],[-73.99236,40.6661],[-73.99268,40.66573],[-73.99278,40.66561],[-73.99285,40.66553]]}},{"type":"Feature","properties":{"c":1,"s":"seg_42496975_42475971"},"geometry":{"type":"LineString","coordinates":[[-73.98727,40.67219],[-73.98732,40.67214],[-73.98765,40.67175],[-73.98774,40.67165],[-73.98779,40.67159]]}},{"type":"Feature","properties":{"c":1,"s":"seg_42521217_2620907651"},"geometry":{"type":"LineString","coordinates":[[-74.01967,40.63974],[-74.01972,40.63969],[-74.02008,40.63934],[-74.02015,40.63927],[-74.02019,40.63923],[-74.02025,40.63918]]}},{"type":"Feature","properties":{"c":1,"s":"seg_1372888890_1372888814"},"geometry":{"type":"LineString","coordinates":[[-74.00739,40.65155],[-74.00744,40.6515],[-74.00792,40.65104],[-74.00797,40.65098]]}},{"type":"Feature","properties":{"c":1,"s":"seg_42496975_42475971"},"geometry":{"type":"LineString","coordinates":[[-73.98427,40.6758],[-73.98431,40.67575],[-73.98458,40.67543],[-73.98465,40.67536],[-73.98472,40.67527],[-73.98477,40.67521]]}},{"type":"Feature","properties":{"c":1,"s":"seg_42496975_42475971"},"geometry":{"type":"LineString","coordinates":[[-73.98354,40.67681],[-73.98358,40.67675],[-73.98381,40.67641],[-73.98393,40.67624],[-73.98397,40.67618]]}},{"type":"Feature","properties":{"c":1,"s":"seg_1372888646_1372888890"},"geometry":{"type":"LineString","coordinates":[[-74.00448,40.65435],[-74.00453,40.6543],[-74.00493,40.65391],[-74.005,40.65384],[-74.00506,40.65378]]}},{"type":"Feature","properties":{"c":1,"s":"seg_42496975_42475971"},"geometry":{"type":"LineString","coordinates":[[-73.98527,40.6746],[-73.98531,40.67455],[-73.98572,40.67406],[-73.98577,40.674]]}},{"type":"Feature","properties":{"c":1,"s":"seg_1372888798_1372888660"},"geometry":{"type":"LineString","coordinates":[[-74.00157,40.65714],[-74.00162,40.6571],[-74.00209,40.65664],[-74.00215,40.65658]]}},{"type":"Feature","properties":{"c":1,"s":"seg_1372888841_1372888679"},"geometry":{"type":"LineString","coordinates":[[-73.99865,40.65994],[-73.9987,40.6599],[-73.99918,40.65944],[-73.99923,40.65939]]}},{"type":"Feature","properties":{"c":1,"s":"seg_42473012_42521198"},"geometry":{"type":"LineString","coordinates":[[-74.01322,40.64594],[-74.01327,40.64589],[-74.01353,40.64564],[-74.01374,40.64544],[-74.0138,40.64538]]}},{"type":"Feature","properties":{"c":1,"s":"seg_1372888841_1372888679"},"geometry":{"type":"LineString","coordinates":[[-73.99749,40.66107],[-73.99753,40.66102],[-73.99802,40.66055],[-73.99807,40.6605]]}},{"type":"Feature","properties":{"c":1,"s":"seg_42473012_42521198"},"geometry":{"type":"LineString","coordinates":[[-74.01088,40.64818],[-74.01094,40.64813],[-74.01131,40.64778],[-74.01141,40.64768],[-74.01147,40.64762]]}},{"type":"Feature","properties":{"c":1,"s":"seg_1372888798_1372888660"},"geometry":{"type":"LineString","coordinates":[[-74.00273,40.65603],[-74.00279,40.65597],[-74.00325,40.65553],[-74.00331,40.65546]]}},{"type":"Feature","properties":{"c":1,"s":"seg_42496975_42475971"},"geometry":{"type":"LineString","coordinates":[[-73.98477,40.67521],[-73.98482,40.67515],[-73.98521,40.67467],[-73.98527,40.6746]]}},{"type":"Feature","properties":{"c":1,"s":"seg_42521217_2620907651"},"geometry":{"type":"LineString","coordinates":[[-74.01613,40.64314],[-74.01618,40.6431],[-74.01666,40.64263],[-74.01671,40.64258]]}},{"type":"Feature","properties":{"c":1,"s":"seg_1372888798_1372888660"},"geometry":{"type":"LineString","coordinates":[[-74.00215,40.65658],[-74.0022,40.65654],[-74.00267,40.65608],[-74.00273,40.65603]]}},{"type":"Feature","properties":{"c":1,"s":"seg_42510734_42516074"},"geometry":{"type":"LineString","coordinates":[[-73.9913,40.66737],[-73.99134,40.66732],[-73.99174,40.66683],[-73.99179,40.66677]]}},{"type":"Feature","properties":{"c":1,"s":"seg_1372888841_1372888679"},"geometry":{"type":"LineString","coordinates":[[-73.99807,40.6605],[-73.99812,40.66046],[-73.99832,40.66027],[-73.9986,40.66],[-73.99865,40.65994]]}},{"type":"Feature","properties":{"c":1,"s":"seg_42521217_2620907651"},"geometry":{"type":"LineString","coordinates":[[-74.02025,40.63918],[-74.0203,40.63913],[-74.02035,40.63908],[-74.02046,40.63897],[-74.02056,40.63888],[-74.02078,40.63867],[-74.02084,40.63861]]}},{"type":"Feature","properties":{"c":1,"s":"seg_42521217_2620907651"},"geometry":{"type":"LineString","coordinates":[[-74.01848,40.64088],[-74.01855,40.64081],[-74.01883,40.64055],[-74.01886,40.64052],[-74.01903,40.64035],[-74.01909,40.6403]]}},{"type":"Feature","properties":{"c":1,"s":"seg_42473012_42521198"},"geometry":{"type":"LineString","coordinates":[[-74.01496,40.64426],[-74.01502,40.64421],[-74.01549,40.64376],[-74.01555,40.6437]]}},{"type":"Feature","properties":{"c":1,"s":"seg_42473012_42521198"},"geometry":{"type":"LineString","coordinates":[[-74.0138,40.64538],[-74.01385,40.64533],[-74.01416,40.64504],[-74.01432,40.64488],[-74.01438,40.64482]]}},{"type":"Feature","properties":{"c":1,"s":"seg_42473012_42521198"},"geometry":{"type":"LineString","coordinates":[[-74.01263,40.6465],[-74.01268,40.64645],[-74.01316,40.64599],[-74.01322,40.64594]]}},{"type":"Feature","properties":{"c":1,"s":"seg_42521217_2620907651"},"geometry":{"type":"LineString","coordinates":[[-74.01555,40.6437],[-74.01559,40.64366],[-74.01597,40.6433],[-74.01607,40.64319],[-74.01613,40.64314]]}},{"type":"Feature","properties":{"c":1,"s":"seg_42521217_2620907651"},"geometry":{"type":"LineString","coordinates":[[-74.01671,40.64258],[-74.01676,40.64253],[-74.01714,40.64217],[-74.01724,40.64207],[-74.01729,40.64202]]}},{"type":"Feature","properties":{"c":1,"s":"seg_42473012_42521198"},"geometry":{"type":"LineString","coordinates":[[-74.01205,40.64706],[-74.0121,40.64702],[-74.01248,40.64665],[-74.01257,40.64656],[-74.01263,40.6465]]}},{"type":"Feature","properties":{"c":1,"s":"seg_42521217_2620907651"},"geometry":{"type":"LineString","coordinates":[[-74.01909,40.6403],[-74.01914,40.64025],[-74.01943,40.63997],[-74.01961,40.63979],[-74.01967,40.63974]]}},{"type":"Feature","properties":{"c":1,"s":"seg_42521235_42521238"},"geometry":{"type":"LineString","coordinates":[[-74.02084,40.63861],[-74.02089,40.63856],[-74.02102,40.63844],[-74.02104,40.63841],[-74.02113,40.63834]]}},{"type":"Feature","properties":{"c":1,"s":"seg_1372888646_1372888890"},"geometry":{"type":"LineString","coordinates":[[-74.00389,40.65491],[-74.00395,40.65485],[-74.00442,40.6544],[-74.00448,40.65435]]}},{"type":"Feature","properties":{"c":1,"s":"seg_42496975_42475971"},"geometry":{"type":"LineString","coordinates":[[-73.98311,40.67744],[-73.98315,40.67738],[-73.9835,40.67687],[-73.98354,40.67681]]}},{"type":"Feature","properties":{"c":1,"s":"seg_1372888798_1372888660"},"geometry":{"type":"LineString","coordinates":[[-74.0004,40.65827],[-74.00045,40.65822],[-74.00093,40.65776],[-74.00098,40.65771]]}},{"type":"Feature","properties":{"c":1,"s":"seg_42473012_42521198"},"geometry":{"type":"LineString","coordinates":[[-74.0103,40.64874],[-74.01035,40.6487],[-74.01083,40.64824],[-74.01088,40.64818]]}},{"type":"Feature","properties":{"c":1,"s":"seg_42510734_42516074"},"geometry":{"type":"LineString","coordinates":[[-73.9934,40.66499],[-73.99346,40.66494],[-73.99393,40.66449],[-73.99399,40.66443]]}},{"type":"Feature","properties":{"c":1,"s":"seg_1372888798_1372888660"},"geometry":{"type":"LineString","coordinates":[[-74.00098,40.65771],[-74.00102,40.65766],[-74.00151,40.6572],[-74.00157,40.65714]]}},{"type":"Feature","properties":{"c":1,"s":"seg_1372888646_1372888890"},"geometry":{"type":"LineString","coordinates":[[-74.00331,40.65546],[-74.00336,40.65542],[-74.00383,40.65497],[-74.00389,40.65491]]}},{"type":"Feature","properties":{"c":1,"s":"seg_42510734_42516074"},"geometry":{"type":"LineString","coordinates":[[-73.99399,40.66443],[-73.99404,40.66437],[-73.99451,40.66392],[-73.99457,40.66387]]}},{"type":"Feature","properties":{"c":1,"s":"seg_42496975_42475971"},"geometry":{"type":"LineString","coordinates":[[-73.98577,40.674],[-73.98582,40.67394],[-73.9861,40.6736],[-73.98621,40.67346],[-73.9864,40.67324],[-73.98647,40.67315],[-73.98658,40.67302],[-73.98677,40.67279]]}},{"type":"Feature","properties":{"c":1,"s":"seg_1372888890_1372888814"},"geometry":{"type":"LineString","coordinates":[[-74.00565,40.65322],[-74.00572,40.65315],[-74.00573,40.65314],[-74.00586,40.65301],[-74.00597,40.65291],[-74.00617,40.65272],[-74.00623,40.65266]]}},{"type":"Feature","properties":{"c":1,"s":"seg_42496975_42475971"},"geometry":{"type":"LineString","coordinates":[[-73.98138,40.67998],[-73.98143,40.67992],[-73.9817,40.67951],[-73.98178,40.6794],[-73.98182,40.67935]]}},{"type":"Feature","properties":{"c":1,"s":"seg_42473012_42521198"},"geometry":{"type":"LineString","coordinates":[[-74.00914,40.64986],[-74.00919,40.64982],[-74.00967,40.64935],[-74.00972,40.6493]]}},{"type":"Feature","properties":{"c":1,"s":"seg_42521217_2620907651"},"geometry":{"type":"LineString","coordinates":[[-74.01729,40.64202],[-74.01734,40.64198],[-74.01782,40.64152],[-74.01787,40.64146]]}},{"type":"Feature","properties":{"c":1,"s":"seg_42496975_42475971"},"geometry":{"type":"LineString","coordinates":[[-73.98397,40.67618],[-73.98402,40.67612],[-73.98423,40.67586],[-73.98427,40.6758]]}},{"type":"Feature","properties":{"c":2,"s":"seg_42487339_4026460325"},"geometry":{"type":"LineString","coordinates":[[-74.02121,40.63825],[-74.02112,40.63815]]}},{"type":"Feature","properties":{"c":1,"s":"seg_42521235_42521238"},"geometry":{"type":"LineString","coordinates":[[-74.02121,40.63825],[-74.0213,40.63817],[-74.02143,40.63805]]}},{"type":"Feature","properties":{"c":2,"s":"seg_42487613_42477334"},"geometry":{"type":"LineString","coordinates":[[-73.99516,40.66331],[-73.99526,40.66337],[-73.99687,40.66434],[-73.99694,40.66438]]}},{"type":"Feature","properties":{"c":1,"s":"seg_1372888841_1372888679"},"geometry":{"type":"LineString","coordinates":[[-73.99516,40.66331],[-73.99521,40.66325],[-73.99568,40.66281],[-73.99573,40.66275]]}},{"type":"Feature","properties":{"c":1,"s":"seg_1372888890_1372888814"},"geometry":{"type":"LineString","coordinates":[[-74.00623,40.65266],[-74.00627,40.65262],[-74.00663,40.65227],[-74.00675,40.65216],[-74.00681,40.65211]]}},{"type":"Feature","properties":{"c":1,"s":"seg_42510734_42516074"},"geometry":{"type":"LineString","coordinates":[[-73.98928,40.66978],[-73.98932,40.66973],[-73.98974,40.66923],[-73.98978,40.66917]]}},{"type":"Feature","properties":{"c":1,"s":"seg_1372888841_1372888679"},"geometry":{"type":"LineString","coordinates":[[-73.99457,40.66387],[-73.99463,40.66381],[-73.99486,40.66359],[-73.99509,40.66337],[-73.99516,40.66331]]}},{"type":"Feature","properties":{"c":1,"s":"seg_42521235_42521238"},"geometry":{"type":"LineString","coordinates":[[-74.02143,40.63805],[-74.02149,40.63791]]}},{"type":"Feature","properties":{"c":3,"s":"seg_42487339_4026460325"},"geometry":{"type":"LineString","coordinates":[[-74.02143,40.63805],[-74.0215,40.63809],[-74.02307,40.63905],[-74.0232,40.63913],[-74.02331,40.63919],[-74.02342,40.63926],[-74.02354,40.63932]]}},{"type":"Feature","properties":{"c":1,"s":"seg_1372888841_1372888679"},"geometry":{"type":"LineString","coordinates":[[-73.9969,40.66163],[-73.99696,40.66157],[-73.99742,40.66113],[-73.99749,40.66107]]}},{"type":"Feature","properties":{"c":1,"s":"seg_42496975_42475971"},"geometry":{"type":"LineString","coordinates":[[-73.98182,40.67935],[-73.98186,40.67928],[-73.9822,40.67877],[-73.98224,40.67871]]}},{"type":"Feature","properties":{"c":1,"s":"seg_42496975_42475971"},"geometry":{"type":"LineString","coordinates":[[-73.97967,40.68252],[-73.97971,40.68246],[-73.97998,40.68205],[-73.98005,40.68194],[-73.98009,40.68188]]}},{"type":"Feature","properties":{"c":1,"s":"seg_1372888798_1372888660"},"geometry":{"type":"LineString","coordinates":[[-73.99982,40.65882],[-73.99986,40.65878],[-74.00035,40.65831],[-74.0004,40.65827]]}},{"type":"Feature","properties":{"c":1,"s":"seg_42496975_42475971"},"geometry":{"type":"LineString","coordinates":[[-73.98224,40.67871],[-73.98228,40.67865],[-73.98254,40.67828],[-73.98263,40.67814],[-73.98268,40.67808]]}},{"type":"Feature","properties":{"c":1,"s":"seg_1372888798_1372888660"},"geometry":{"type":"LineString","coordinates":[[-73.99923,40.65939],[-73.99928,40.65934],[-73.99942,40.65921],[-73.99962,40.65902],[-73.99977,40.65887],[-73.99982,40.65882]]}},{"type":"Feature","properties":{"c":1,"s":"seg_42473012_42521198"},"geometry":{"type":"LineString","coordinates":[[-74.01438,40.64482],[-74.01443,40.64477],[-74.01467,40.64455],[-74.01491,40.64431],[-74.01496,40.64426]]}},{"type":"Feature","properties":{"c":1,"s":"seg_1372888890_1372888814"},"geometry":{"type":"LineString","coordinates":[[-74.00506,40.65378],[-74.00511,40.65374],[-74.00532,40.65353],[-74.00536,40.6535],[-74.00558,40.65328],[-74.00565,40.65322]]}},{"type":"Feature","properties":{"c":1,"s":"seg_42510734_42516074"},"geometry":{"type":"LineString","coordinates":[[-73.99079,40.66797],[-73.99084,40.66792],[-73.99124,40.66743],[-73.9913,40.66737]]}},{"type":"Feature","properties":{"c":2,"s":"seg_42475193_42927436"},"geometry":{"type":"LineString","coordinates":[[-73.8958,40.68053],[-73.89571,40.68065],[-73.89568,40.68069],[-73.89565,40.68074],[-73.89557,40.68087],[-73.89553,40.68091],[-73.89549,40.68095],[-73.89543,40.68099],[-73.89538,40.68102],[-73.89533,40.68105],[-73.89514,40.68117]]}},{"type":"Feature","properties":{"c":2,"s":"seg_42475193_42927436"},"geometry":{"type":"LineString","coordinates":[[-73.89599,40.68077],[-73.89601,40.68076],[-73.8968,40.68038],[-73.897,40.68029],[-73.89726,40.68015],[-73.89753,40.68001]]}},{"type":"Feature","properties":{"c":2,"s":"seg_1691133695_1691133701"},"geometry":{"type":"LineString","coordinates":[[-73.97268,40.65263],[-73.9727,40.65271],[-73.97274,40.65285],[-73.97284,40.65319],[-73.97298,40.65366],[-73.97299,40.6537],[-73.97306,40.65391]]}},{"type":"Feature","properties":{"c":2,"s":"seg_1691133695_1691133701"},"geometry":{"type":"LineString","coordinates":[[-73.97306,40.65391],[-73.97325,40.65458],[-73.97326,40.65463]]}},{"type":"Feature","properties":{"c":2,"s":"seg_1691133695_1691133701"},"geometry":{"type":"LineString","coordinates":[[-73.97326,40.65463],[-73.97329,40.65473],[-73.97335,40.65493],[-73.97348,40.65538],[-73.97353,40.65556],[-73.97355,40.65563]]}},{"type":"Feature","properties":{"c":2,"s":"seg_1691133695_1691133701"},"geometry":{"type":"LineString","coordinates":[[-73.97355,40.65563],[-73.97357,40.6557],[-73.97366,40.65602],[-73.9737,40.65616],[-73.97376,40.65636]]}},{"type":"Feature","properties":{"c":2,"s":"seg_1691133695_1691133701"},"geometry":{"type":"LineString","coordinates":[[-73.97376,40.65636],[-73.9738,40.6565]]}},{"type":"Feature","properties":{"c":2,"s":"seg_1691133695_1691133701"},"geometry":{"type":"LineString","coordinates":[[-73.97408,40.65746],[-73.97406,40.65739],[-73.97399,40.65714]]}},{"type":"Feature","properties":{"c":2,"s":"seg_1691133695_1691133701"},"geometry":{"type":"LineString","coordinates":[[-73.97408,40.65746],[-73.9741,40.65756],[-73.97423,40.65799],[-73.97435,40.6582],[-73.97447,40.65833],[-73.97459,40.65843],[-73.97479,40.65854],[-73.97483,40.65856],[-73.97506,40.65867],[-73.97515,40.65872]]}},{"type":"Feature","properties":{"c":2,"s":"seg_1691133695_1691133701"},"geometry":{"type":"LineString","coordinates":[[-73.97515,40.65872],[-73.97524,40.65876],[-73.97547,40.65887],[-73.97722,40.65972],[-73.9775,40.65986]]}},{"type":"Feature","properties":{"c":2,"s":"seg_42489110_42489113"},"geometry":{"type":"LineString","coordinates":[[-73.97192,40.65006],[-73.97191,40.65012],[-73.97191,40.65022],[-73.97194,40.65034],[-73.97196,40.65041],[-73.97197,40.65047],[-73.97198,40.65051],[-73.97199,40.65058],[-73.97198,40.65061],[-73.9719,40.65073]]}},{"type":"Feature","properties":{"c":2,"s":"seg_1691133695_1691133701"},"geometry":{"type":"LineString","coordinates":[[-73.97247,40.65152],[-73.97251,40.65142],[-73.97253,40.65137],[-73.97256,40.65129]]}},{"type":"Feature","properties":{"c":2,"s":"seg_10767156880_10767156881"},"geometry":{"type":"LineString","coordinates":[[-73.97446,40.58337],[-73.97443,40.58388],[-73.97437,40.58502],[-73.97437,40.5852],[-73.97434,40.58569],[-73.97433,40.58577]]}},{"type":"Feature","properties":{"c":1,"s":"seg_42521235_42521238"},"geometry":{"type":"LineString","coordinates":[[-74.02113,40.63834],[-74.02121,40.63825]]}},{"type":"Feature","properties":{"c":2,"s":"seg_42465789_42465785"},"geometry":{"type":"LineString","coordinates":[[-74.02113,40.63834],[-74.02119,40.63841],[-74.02132,40.63858],[-74.02144,40.63879],[-74.02153,40.63897],[-74.0216,40.63918],[-74.02169,40.63974],[-74.0217,40.63987]]}},{"type":"Feature","properties":{"c":1,"s":"seg_42464505_42481782"},"geometry":{"type":"LineString","coordinates":[[-73.94133,40.61959],[-73.94115,40.61968],[-73.94105,40.61976],[-73.94097,40.61984],[-73.94092,40.61992],[-73.9409,40.61995],[-73.94087,40.62005],[-73.94081,40.62015]]}},{"type":"Feature","properties":{"c":1,"s":"seg_42464505_42481782"},"geometry":{"type":"LineString","coordinates":[[-73.94116,40.62033],[-73.94125,40.62029],[-73.94134,40.62024],[-73.94143,40.62017],[-73.9415,40.62009],[-73.94153,40.62006],[-73.94157,40.61999],[-73.94161,40.6199],[-73.94161,40.61986],[-73.94162,40.61983],[-73.94162,40.61977]]}},{"type":"Feature","properties":{"c":3,"s":"seg_42468913_42508786"},"geometry":{"type":"LineString","coordinates":[[-73.97108,40.62596],[-73.97103,40.6257]]}},{"type":"Feature","properties":{"c":1,"s":"seg_42468925_42468943"},"geometry":{"type":"LineString","coordinates":[[-73.97108,40.62596],[-73.97114,40.62586],[-73.97125,40.62568],[-73.97127,40.62558]]}},{"type":"Feature","properties":{"c":1,"s":"seg_42479945_42508600"},"geometry":{"type":"LineString","coordinates":[[-73.9743,40.64441],[-73.9743,40.64476],[-73.97431,40.64482],[-73.97433,40.64494]]}},{"type":"Feature","properties":{"c":2,"s":"seg_42467702_10694159060"},"geometry":{"type":"LineString","coordinates":[[-73.92269,40.65245],[-73.92266,40.65254],[-73.92219,40.65378]]}},{"type":"Feature","properties":{"c":2,"s":"seg_42467702_10694159060"},"geometry":{"type":"LineString","coordinates":[[-73.92302,40.65248],[-73.92305,40.6524],[-73.92316,40.65211],[-73.92326,40.65186]]}},{"type":"Feature","properties":{"c":2,"s":"seg_42467702_10694159060"},"geometry":{"type":"LineString","coordinates":[[-73.9228,40.65305],[-73.9229,40.65279],[-73.92296,40.65262],[-73.92298,40.65257],[-73.92302,40.65248]]}},{"type":"Feature","properties":{"c":2,"s":"seg_42467702_10694159060"},"geometry":{"type":"LineString","coordinates":[[-73.92277,40.65314],[-73.9228,40.65305]]}},{"type":"Feature","properties":{"c":1,"s":"seg_42467702_10694159060"},"geometry":{"type":"LineString","coordinates":[[-73.92256,40.65325],[-73.92238,40.6537]]}},{"type":"Feature","properties":{"c":2,"s":"seg_42467702_10694159060"},"geometry":{"type":"LineString","coordinates":[[-73.92262,40.65354],[-73.92277,40.65314]]}},{"type":"Feature","properties":{"c":2,"s":"seg_42467702_10694159060"},"geometry":{"type":"LineString","coordinates":[[-73.92219,40.65378],[-73.92215,40.65391]]}},{"type":"Feature","properties":{"c":2,"s":"seg_42467702_10694159060"},"geometry":{"type":"LineString","coordinates":[[-73.92215,40.65391],[-73.92203,40.65419],[-73.92203,40.65421],[-73.92201,40.65423],[-73.92197,40.65434]]}},{"type":"Feature","properties":{"c":2,"s":"seg_1942053988_13064953417"},"geometry":{"type":"LineString","coordinates":[[-73.91224,40.65397],[-73.91208,40.65397]]}},{"type":"Feature","properties":{"c":2,"s":"seg_1942053988_13064953417"},"geometry":{"type":"LineString","coordinates":[[-73.91273,40.65398],[-73.91236,40.65397],[-73.91224,40.65397]]}},{"type":"Feature","properties":{"c":2,"s":"seg_1942053988_13064953417"},"geometry":{"type":"LineString","coordinates":[[-73.91063,40.65401],[-73.91053,40.65402],[-73.9098,40.65413],[-73.90968,40.65415]]}},{"type":"Feature","properties":{"c":2,"s":"seg_1942053988_13064953417"},"geometry":{"type":"LineString","coordinates":[[-73.91358,40.65401],[-73.91344,40.654],[-73.91273,40.65398]]}},{"type":"Feature","properties":{"c":2,"s":"seg_1942053988_13064953417"},"geometry":{"type":"LineString","coordinates":[[-73.91376,40.65401],[-73.91358,40.65401]]}},{"type":"Feature","properties":{"c":2,"s":"seg_1942053995_1942053917"},"geometry":{"type":"LineString","coordinates":[[-73.91512,40.65405],[-73.914,40.65402],[-73.91376,40.65401]]}},{"type":"Feature","properties":{"c":0,"s":"seg_1942053988_13064953417"},"geometry":{"type":"LineString","coordinates":[[-73.91235,40.65406],[-73.91221,40.65406]]}},{"type":"Feature","properties":{"c":2,"s":"seg_1942053995_1942053917"},"geometry":{"type":"LineString","coordinates":[[-73.91585,40.65408],[-73.91512,40.65405]]}},{"type":"Feature","properties":{"c":0,"s":"seg_1942053988_13064953417"},"geometry":{"type":"LineString","coordinates":[[-73.91332,40.65409],[-73.91295,40.65408],[-73.91248,40.65407],[-73.91235,40.65406]]}},{"type":"Feature","properties":{"c":0,"s":"seg_1942053988_13064953417"},"geometry":{"type":"LineString","coordinates":[[-73.91369,40.6541],[-73.91355,40.6541],[-73.91332,40.65409]]}},{"type":"Feature","properties":{"c":2,"s":"seg_1942053995_1942053917"},"geometry":{"type":"LineString","coordinates":[[-73.91637,40.65411],[-73.91585,40.65408]]}},{"type":"Feature","properties":{"c":0,"s":"seg_1942053988_13064953417"},"geometry":{"type":"LineString","coordinates":[[-73.91067,40.65412],[-73.91056,40.65413],[-73.91052,40.65414],[-73.91027,40.65417],[-73.90982,40.65424],[-73.90971,40.65426]]}},{"type":"Feature","properties":{"c":0,"s":"seg_1942053995_1942053917"},"geometry":{"type":"LineString","coordinates":[[-73.91526,40.65416],[-73.91401,40.65411],[-73.91369,40.6541]]}},{"type":"Feature","properties":{"c":2,"s":"seg_1942053988_13064953417"},"geometry":{"type":"LineString","coordinates":[[-73.90968,40.65415],[-73.90958,40.65416],[-73.90882,40.65428],[-73.90873,40.65429]]}},{"type":"Feature","properties":{"c":2,"s":"seg_1942053995_1942053917"},"geometry":{"type":"LineString","coordinates":[[-73.9176,40.65415],[-73.91752,40.65415],[-73.91738,40.65415],[-73.91717,40.65415],[-73.91697,40.65414],[-73.91679,40.65414],[-73.91659,40.65413],[-73.91637,40.65411]]}},{"type":"Feature","properties":{"c":2,"s":"seg_1942053995_1942053917"},"geometry":{"type":"LineString","coordinates":[[-73.91784,40.65416],[-73.91768,40.65415],[-73.9176,40.65415]]}},{"type":"Feature","properties":{"c":0,"s":"seg_1942053988_13064953417"},"geometry":{"type":"LineString","coordinates":[[-73.91252,40.6542],[-73.91263,40.6542],[-73.91318,40.65421],[-73.91371,40.65423],[-73.91385,40.65424]]}},{"type":"Feature","properties":{"c":2,"s":"seg_1942053995_1942053917"},"geometry":{"type":"LineString","coordinates":[[-73.91899,40.65422],[-73.91888,40.65421],[-73.91844,40.6542],[-73.91821,40.65418],[-73.918,40.65417],[-73.91784,40.65416]]}},{"type":"Feature","properties":{"c":2,"s":"seg_1942053995_1942053917"},"geometry":{"type":"LineString","coordinates":[[-73.91951,40.65423],[-73.91912,40.65422],[-73.91899,40.65422]]}},{"type":"Feature","properties":{"c":0,"s":"seg_1942053988_13064953417"},"geometry":{"type":"LineString","coordinates":[[-73.91071,40.65424],[-73.91083,40.65423],[-73.91172,40.6542],[-73.91212,40.65419],[-73.91214,40.65419],[-73.91217,40.65419],[-73.91237,40.6542]]}},{"type":"Feature","properties":{"c":2,"s":"seg_1942053995_1942053917"},"geometry":{"type":"LineString","coordinates":[[-73.92021,40.65425],[-73.91951,40.65423]]}},{"type":"Feature","properties":{"c":0,"s":"seg_1942053995_1942053917"},"geometry":{"type":"LineString","coordinates":[[-73.91768,40.65426],[-73.91754,40.65425],[-73.91669,40.65422],[-73.91634,40.6542],[-73.91599,40.65418],[-73.91565,40.65417],[-73.91526,40.65416]]}},{"type":"Feature","properties":{"c":0,"s":"seg_1942053988_13064953417"},"geometry":{"type":"LineString","coordinates":[[-73.90971,40.65426],[-73.90961,40.65427],[-73.9089,40.65438],[-73.90884,40.65438],[-73.90823,40.65447]]}},{"type":"Feature","properties":{"c":0,"s":"seg_1942053995_1942053917"},"geometry":{"type":"LineString","coordinates":[[-73.91535,40.65429],[-73.91603,40.65431],[-73.91663,40.65434],[-73.91737,40.65436],[-73.91749,40.65437]]}},{"type":"Feature","properties":{"c":2,"s":"seg_1942053988_13064953417"},"geometry":{"type":"LineString","coordinates":[[-73.90873,40.65429],[-73.90781,40.65443]]}},{"type":"Feature","properties":{"c":2,"s":"seg_1942053988_13064953417"},"geometry":{"type":"LineString","coordinates":[[-73.91254,40.65429],[-73.91274,40.6543],[-73.91382,40.65433],[-73.91394,40.65434]]}},{"type":"Feature","properties":{"c":0,"s":"seg_1942053995_1942053917"},"geometry":{"type":"LineString","coordinates":[[-73.91909,40.6543],[-73.91897,40.6543],[-73.91851,40.65428],[-73.91785,40.65426],[-73.91768,40.65426]]}},{"type":"Feature","properties":{"c":2,"s":"seg_42467702_10694159060"},"geometry":{"type":"LineString","coordinates":[[-73.92232,40.65432],[-73.92235,40.65423],[-73.92249,40.65386],[-73.92262,40.65354]]}},{"type":"Feature","properties":{"c":0,"s":"seg_1942053995_1942053917"},"geometry":{"type":"LineString","coordinates":[[-73.92016,40.65434],[-73.91922,40.65431],[-73.91909,40.6543]]}},{"type":"Feature","properties":{"c":2,"s":"seg_1942053988_13064953417"},"geometry":{"type":"LineString","coordinates":[[-73.91074,40.65434],[-73.91085,40.65433],[-73.91085,40.65433],[-73.91218,40.65429],[-73.91228,40.65429],[-73.91254,40.65429]]}},{"type":"Feature","properties":{"c":2,"s":"seg_42467702_10694159060"},"geometry":{"type":"LineString","coordinates":[[-73.92197,40.65434],[-73.92189,40.65452]]}},{"type":"Feature","properties":{"c":2,"s":"seg_1942053995_1942053917"},"geometry":{"type":"LineString","coordinates":[[-73.91394,40.65434],[-73.91405,40.65434],[-73.91474,40.65436]]}},{"type":"Feature","properties":{"c":2,"s":"seg_1942053995_1942053917"},"geometry":{"type":"LineString","coordinates":[[-73.91474,40.65436],[-73.91556,40.65439]]}},{"type":"Feature","properties":{"c":0,"s":"seg_1942053988_13064953417"},"geometry":{"type":"LineString","coordinates":[[-73.90974,40.65438],[-73.90985,40.65436],[-73.9106,40.65425],[-73.91071,40.65424]]}},{"type":"Feature","properties":{"c":2,"s":"seg_1942053995_1942053917"},"geometry":{"type":"LineString","coordinates":[[-73.91556,40.65439],[-73.91678,40.65443]]}},{"type":"Feature","properties":{"c":0,"s":"seg_1942053995_1942053917"},"geometry":{"type":"LineString","coordinates":[[-73.91921,40.65441],[-73.91934,40.65441],[-73.91964,40.65442]]}},{"type":"Feature","properties":{"c":0,"s":"seg_1942053995_1942053917"},"geometry":{"type":"LineString","coordinates":[[-73.91964,40.65442],[-73.92039,40.65445],[-73.92097,40.65447]]}},{"type":"Feature","properties":{"c":2,"s":"seg_1942053988_13064953417"},"geometry":{"type":"LineString","coordinates":[[-73.90781,40.65443],[-73.90698,40.65456],[-73.90688,40.65457]]}},{"type":"Feature","properties":{"c":2,"s":"seg_1942053995_1942053917"},"geometry":{"type":"LineString","coordinates":[[-73.91678,40.65443],[-73.9169,40.65444],[-73.91723,40.65445],[-73.91737,40.65446]]}},{"type":"Feature","properties":{"c":0,"s":"seg_1942053995_1942053917"},"geometry":{"type":"LineString","coordinates":[[-73.92097,40.65447],[-73.92115,40.65446],[-73.92129,40.65445],[-73.92153,40.65442],[-73.92159,40.6544],[-73.92171,40.65436]]}},{"type":"Feature","properties":{"c":2,"s":"seg_1942053995_1942053917"},"geometry":{"type":"LineString","coordinates":[[-73.91737,40.65446],[-73.91754,40.65447],[-73.91809,40.65448]]}},{"type":"Feature","properties":{"c":0,"s":"seg_1942053988_13064953417"},"geometry":{"type":"LineString","coordinates":[[-73.90823,40.65447],[-73.90756,40.65457],[-73.90745,40.65459],[-73.907,40.65465],[-73.9069,40.65467]]}},{"type":"Feature","properties":{"c":2,"s":"seg_1942053988_13064953417"},"geometry":{"type":"LineString","coordinates":[[-73.90977,40.65448],[-73.90988,40.65447],[-73.91059,40.65436],[-73.91064,40.65435],[-73.91074,40.65434]]}},{"type":"Feature","properties":{"c":2,"s":"seg_1942053995_1942053917"},"geometry":{"type":"LineString","coordinates":[[-73.91809,40.65448],[-73.91841,40.65449],[-73.91867,40.65449],[-73.91892,40.65449],[-73.9192,40.65449],[-73.91931,40.6545]]}},{"type":"Feature","properties":{"c":2,"s":"seg_1942053995_1942053917"},"geometry":{"type":"LineString","coordinates":[[-73.91931,40.6545],[-73.91944,40.6545],[-73.92029,40.65453]]}},{"type":"Feature","properties":{"c":2,"s":"seg_42467702_10694159060"},"geometry":{"type":"LineString","coordinates":[[-73.92189,40.65452],[-73.92185,40.65462]]}},{"type":"Feature","properties":{"c":2,"s":"seg_1942053995_1942053917"},"geometry":{"type":"LineString","coordinates":[[-73.92029,40.65453],[-73.92059,40.65454]]}},{"type":"Feature","properties":{"c":2,"s":"seg_1942053995_1942053917"},"geometry":{"type":"LineString","coordinates":[[-73.92059,40.65454],[-73.92141,40.65457],[-73.92146,40.65457],[-73.92151,40.65458]]}},{"type":"Feature","properties":{"c":2,"s":"seg_42477768_42516713"},"geometry":{"type":"LineString","coordinates":[[-73.90688,40.65457],[-73.9069,40.65467]]}},{"type":"Feature","properties":{"c":2,"s":"seg_1942054630_1942054285"},"geometry":{"type":"LineString","coordinates":[[-73.90688,40.65457],[-73.90677,40.65459],[-73.90594,40.65471],[-73.90567,40.65475],[-73.90542,40.65479]]}},{"type":"Feature","properties":{"c":2,"s":"seg_42467702_10694159060"},"geometry":{"type":"LineString","coordinates":[[-73.92185,40.65462],[-73.92181,40.65469],[-73.92179,40.65475]]}},{"type":"Feature","properties":{"c":0,"s":"seg_1942053988_13064953417"},"geometry":{"type":"LineString","coordinates":[[-73.90816,40.65462],[-73.90881,40.65452],[-73.90887,40.65451],[-73.90906,40.65448],[-73.90956,40.65441],[-73.90964,40.6544],[-73.90974,40.65438]]}},{"type":"Feature","properties":{"c":2,"s":"seg_1942053988_13064953417"},"geometry":{"type":"LineString","coordinates":[[-73.90871,40.65464],[-73.90883,40.65462],[-73.9089,40.65461],[-73.90916,40.65457],[-73.90966,40.6545],[-73.90977,40.65448]]}},{"type":"Feature","properties":{"c":2,"s":"seg_42477768_42516713"},"geometry":{"type":"LineString","coordinates":[[-73.9069,40.65467],[-73.90693,40.6548]]}},{"type":"Feature","properties":{"c":0,"s":"seg_1942053988_13064953417"},"geometry":{"type":"LineString","coordinates":[[-73.9069,40.65467],[-73.90679,40.65468],[-73.90604,40.6548]]}},{"type":"Feature","properties":{"c":2,"s":"seg_42467702_10694159060"},"geometry":{"type":"LineString","coordinates":[[-73.92213,40.65474],[-73.92232,40.65432]]}},{"type":"Feature","properties":{"c":2,"s":"seg_42467702_10694159060"},"geometry":{"type":"LineString","coordinates":[[-73.92179,40.65475],[-73.92168,40.65502],[-73.92165,40.65512],[-73.92155,40.6554]]}},{"type":"Feature","properties":{"c":2,"s":"seg_1942054630_1942054285"},"geometry":{"type":"LineString","coordinates":[[-73.90542,40.65479],[-73.90331,40.65511],[-73.90324,40.65512],[-73.90312,40.65515]]}},{"type":"Feature","properties":{"c":0,"s":"seg_1942054630_1942054285"},"geometry":{"type":"LineString","coordinates":[[-73.90604,40.6548],[-73.904,40.6551],[-73.90382,40.65513],[-73.90355,40.65517],[-73.90333,40.65521],[-73.90327,40.65522],[-73.90315,40.65525]]}},{"type":"Feature","properties":{"c":2,"s":"seg_42477768_42516713"},"geometry":{"type":"LineString","coordinates":[[-73.90693,40.6548],[-73.90696,40.6549]]}},{"type":"Feature","properties":{"c":0,"s":"seg_1942053988_13064953417"},"geometry":{"type":"LineString","coordinates":[[-73.90693,40.6548],[-73.90704,40.65478],[-73.90816,40.65462]]}},{"type":"Feature","properties":{"c":2,"s":"seg_1942053988_13064953417"},"geometry":{"type":"LineString","coordinates":[[-73.90696,40.6549],[-73.90707,40.65488],[-73.90805,40.65474],[-73.90871,40.65464]]}},{"type":"Feature","properties":{"c":0,"s":"seg_1942054630_1942054285"},"geometry":{"type":"LineString","coordinates":[[-73.90548,40.65501],[-73.90592,40.65495],[-73.90683,40.65481],[-73.90693,40.6548]]}},{"type":"Feature","properties":{"c":2,"s":"seg_1942053988_13064953417"},"geometry":{"type":"LineString","coordinates":[[-73.90616,40.65501],[-73.90686,40.65491],[-73.90696,40.6549]]}},{"type":"Feature","properties":{"c":2,"s":"seg_1942054630_1942054285"},"geometry":{"type":"LineString","coordinates":[[-73.90312,40.65515],[-73.90301,40.65519],[-73.90294,40.65522],[-73.90275,40.65533],[-73.90257,40.65544],[-73.90224,40.65565],[-73.9011,40.65638],[-73.90093,40.65651],[-73.90056,40.65691],[-73.9003,40.6571],[-73.90011,40.65719]]}},{"type":"Feature","properties":{"c":2,"s":"seg_1942054630_1942054285"},"geometry":{"type":"LineString","coordinates":[[-73.9051,40.65517],[-73.90616,40.65501]]}},{"type":"Feature","properties":{"c":2,"s":"seg_42467702_10694159060"},"geometry":{"type":"LineString","coordinates":[[-73.9219,40.6553],[-73.92205,40.65494],[-73.92206,40.65492],[-73.92208,40.65487],[-73.92213,40.65474]]}},{"type":"Feature","properties":{"c":2,"s":"seg_1942054630_1942054285"},"geometry":{"type":"LineString","coordinates":[[-73.90418,40.65531],[-73.90448,40.65526]]}},{"type":"Feature","properties":{"c":0,"s":"seg_1942054630_1942054285"},"geometry":{"type":"LineString","coordinates":[[-73.90319,40.65537],[-73.9033,40.65535],[-73.90338,40.65533],[-73.90514,40.65507]]}},{"type":"Feature","properties":{"c":2,"s":"seg_42467702_10694159060"},"geometry":{"type":"LineString","coordinates":[[-73.92155,40.6554],[-73.92151,40.65551]]}},{"type":"Feature","properties":{"c":2,"s":"seg_1942054630_1942054285"},"geometry":{"type":"LineString","coordinates":[[-73.90322,40.65547],[-73.90333,40.65544],[-73.90337,40.65543],[-73.90418,40.65531]]}},{"type":"Feature","properties":{"c":2,"s":"seg_42467702_10694159060"},"geometry":{"type":"LineString","coordinates":[[-73.92151,40.65551],[-73.92127,40.65615],[-73.92124,40.65624]]}},{"type":"Feature","properties":{"c":1,"s":"seg_42467702_10694159060"},"geometry":{"type":"LineString","coordinates":[[-73.92165,40.65562],[-73.92149,40.65604]]}},{"type":"Feature","properties":{"c":2,"s":"seg_42467702_10694159060"},"geometry":{"type":"LineString","coordinates":[[-73.9218,40.65563],[-73.9219,40.6553]]}},{"type":"Feature","properties":{"c":2,"s":"seg_42467702_10694159060"},"geometry":{"type":"LineString","coordinates":[[-73.92124,40.65624],[-73.92122,40.65631],[-73.92117,40.65646],[-73.921,40.65693]]}},{"type":"Feature","properties":{"c":2,"s":"seg_42467702_10694159060"},"geometry":{"type":"LineString","coordinates":[[-73.92149,40.65646],[-73.92152,40.65638],[-73.9218,40.65563]]}},{"type":"Feature","properties":{"c":2,"s":"seg_42467702_10694159060"},"geometry":{"type":"LineString","coordinates":[[-73.921,40.65693],[-73.92098,40.65699],[-73.92095,40.65707]]}},{"type":"Feature","properties":{"c":2,"s":"seg_42467702_10694159060"},"geometry":{"type":"LineString","coordinates":[[-73.92095,40.65707],[-73.92092,40.65714],[-73.9207,40.65776],[-73.92067,40.65783],[-73.92065,40.6579]]}},{"type":"Feature","properties":{"c":0,"s":"seg_1942054630_1942054285"},"geometry":{"type":"LineString","coordinates":[[-73.90011,40.65719],[-73.89972,40.65724]]}},{"type":"Feature","properties":{"c":2,"s":"seg_1942054630_1942054285"},"geometry":{"type":"LineString","coordinates":[[-73.89948,40.65721],[-73.89925,40.65723],[-73.89906,40.65724]]}},{"type":"Feature","properties":{"c":2,"s":"seg_1942054630_1942054285"},"geometry":{"type":"LineString","coordinates":[[-73.89972,40.65724],[-73.89948,40.65721]]}},{"type":"Feature","properties":{"c":0,"s":"seg_1942054630_1942054285"},"geometry":{"type":"LineString","coordinates":[[-73.89972,40.65724],[-73.89927,40.6573],[-73.89924,40.65731],[-73.89908,40.65733]]}},{"type":"Feature","properties":{"c":2,"s":"seg_42467702_10694159060"},"geometry":{"type":"LineString","coordinates":[[-73.92119,40.65729],[-73.92121,40.65721],[-73.92147,40.65654],[-73.92149,40.65646]]}},{"type":"Feature","properties":{"c":2,"s":"seg_1942054811_1942054833"},"geometry":{"type":"LineString","coordinates":[[-73.89311,40.65733],[-73.89306,40.65734],[-73.89297,40.65736]]}},{"type":"Feature","properties":{"c":0,"s":"seg_1942054630_1942054285"},"geometry":{"type":"LineString","coordinates":[[-73.89908,40.65733],[-73.89901,40.65734],[-73.89894,40.65735],[-73.8988,40.65737],[-73.8986,40.65739],[-73.89803,40.65746],[-73.89795,40.65747]]}},{"type":"Feature","properties":{"c":2,"s":"seg_1942054811_1942054833"},"geometry":{"type":"LineString","coordinates":[[-73.89297,40.65736],[-73.89288,40.6574],[-73.89281,40.65743],[-73.89254,40.65755],[-73.8923,40.65765],[-73.89216,40.65772]]}},{"type":"Feature","properties":{"c":2,"s":"seg_1942054811_1942054833"},"geometry":{"type":"LineString","coordinates":[[-73.89405,40.65737],[-73.89391,40.65734],[-73.89352,40.6573],[-73.89331,40.6573],[-73.89311,40.65733]]}},{"type":"Feature","properties":{"c":2,"s":"seg_1942054630_1942054285"},"geometry":{"type":"LineString","coordinates":[[-73.89793,40.65738],[-73.89784,40.65739],[-73.89709,40.6575],[-73.89701,40.65752]]}},{"type":"Feature","properties":{"c":0,"s":"seg_1942054630_1942054285"},"geometry":{"type":"LineString","coordinates":[[-73.89981,40.65737],[-73.90005,40.65732],[-73.90022,40.65729],[-73.90032,40.65727],[-73.90039,40.65725],[-73.90051,40.6572],[-73.90064,40.65713],[-73.90073,40.65705],[-73.90076,40.65703],[-73.901,40.65678],[-73.90118,40.6566],[-73.90135,40.65647],[-73.9024,40.6558],[-73.90283,40.65553],[-73.903,40.65545],[-73.90308,40.65541],[-73.90319,40.65537]]}},{"type":"Feature","properties":{"c":2,"s":"seg_1942054630_1942054285"},"geometry":{"type":"LineString","coordinates":[[-73.89981,40.65737],[-73.90009,40.65738],[-73.9003,40.65734]]}},{"type":"Feature","properties":{"c":0,"s":"seg_1942054630_1942054285"},"geometry":{"type":"LineString","coordinates":[[-73.89911,40.65743],[-73.8993,40.65741],[-73.89952,40.65738],[-73.89968,40.65738],[-73.89981,40.65737]]}},{"type":"Feature","properties":{"c":0,"s":"seg_1942054811_1942054833"},"geometry":{"type":"LineString","coordinates":[[-73.89305,40.65747],[-73.89296,40.6575],[-73.89287,40.65754],[-73.89213,40.65785]]}},{"type":"Feature","properties":{"c":0,"s":"seg_1942054630_1942054285"},"geometry":{"type":"LineString","coordinates":[[-73.89795,40.65747],[-73.89786,40.65749],[-73.89763,40.65752],[-73.89712,40.6576],[-73.89703,40.65761]]}},{"type":"Feature","properties":{"c":0,"s":"seg_1942054811_1942054833"},"geometry":{"type":"LineString","coordinates":[[-73.89413,40.65748],[-73.89401,40.65746],[-73.89361,40.65741],[-73.89348,40.6574],[-73.89347,40.6574],[-73.89334,40.6574],[-73.89322,40.65742],[-73.89314,40.65745],[-73.89305,40.65747]]}},{"type":"Feature","properties":{"c":2,"s":"seg_1942054630_1942054285"},"geometry":{"type":"LineString","coordinates":[[-73.89884,40.65753],[-73.89898,40.65751],[-73.89905,40.6575],[-73.89912,40.65749],[-73.89932,40.65746],[-73.89949,40.65743],[-73.89968,40.6574],[-73.89981,40.65737]]}},{"type":"Feature","properties":{"c":2,"s":"seg_1942054811_1942054833"},"geometry":{"type":"LineString","coordinates":[[-73.89525,40.65754],[-73.8942,40.65739],[-73.89405,40.65737]]}},{"type":"Feature","properties":{"c":0,"s":"seg_1942054811_1942054833"},"geometry":{"type":"LineString","coordinates":[[-73.89313,40.65758],[-73.89322,40.65755],[-73.89327,40.65754],[-73.89342,40.65752],[-73.89353,40.65753],[-73.89361,40.65754],[-73.89383,40.65757],[-73.89413,40.65761],[-73.89424,40.65763]]}},{"type":"Feature","properties":{"c":0,"s":"seg_1942054630_1942054285"},"geometry":{"type":"LineString","coordinates":[[-73.89798,40.6576],[-73.89806,40.65758],[-73.89808,40.65758],[-73.89818,40.65756],[-73.89821,40.65756],[-73.89846,40.65751],[-73.89872,40.65747],[-73.89882,40.65746],[-73.89896,40.65744],[-73.89904,40.65743],[-73.89911,40.65743]]}},{"type":"Feature","properties":{"c":0,"s":"seg_1942054630_1942054285"},"geometry":{"type":"LineString","coordinates":[[-73.89703,40.65761],[-73.89695,40.65762],[-73.89645,40.6577],[-73.89626,40.65773],[-73.8962,40.65773],[-73.89611,40.65774]]}},{"type":"Feature","properties":{"c":0,"s":"seg_1942054811_1942054833"},"geometry":{"type":"LineString","coordinates":[[-73.89424,40.65763],[-73.89437,40.65764],[-73.89466,40.65769]]}},{"type":"Feature","properties":{"c":2,"s":"seg_1942054630_1942054285"},"geometry":{"type":"LineString","coordinates":[[-73.89608,40.65764],[-73.89598,40.65763],[-73.89587,40.65763],[-73.89525,40.65754]]}},{"type":"Feature","properties":{"c":2,"s":"seg_1942054811_1942054833"},"geometry":{"type":"LineString","coordinates":[[-73.8932,40.65767],[-73.89328,40.65765],[-73.89337,40.65763],[-73.89355,40.65763],[-73.89368,40.65765],[-73.89422,40.65773],[-73.89433,40.65774]]}},{"type":"Feature","properties":{"c":0,"s":"seg_1942054811_1942054833"},"geometry":{"type":"LineString","coordinates":[[-73.89466,40.65769],[-73.89547,40.6578],[-73.89576,40.65784],[-73.89593,40.65786],[-73.89595,40.65786],[-73.89614,40.65786]]}},{"type":"Feature","properties":{"c":2,"s":"seg_1942054630_1942054285"},"geometry":{"type":"LineString","coordinates":[[-73.89801,40.65769],[-73.89809,40.65767],[-73.89851,40.6576],[-73.89884,40.65753]]}},{"type":"Feature","properties":{"c":2,"s":"seg_1942054811_1942054833"},"geometry":{"type":"LineString","coordinates":[[-73.89216,40.65772],[-73.89151,40.658]]}},{"type":"Feature","properties":{"c":0,"s":"seg_1942054630_1942054285"},"geometry":{"type":"LineString","coordinates":[[-73.89706,40.65773],[-73.89714,40.65772],[-73.8979,40.65761],[-73.89798,40.6576]]}},{"type":"Feature","properties":{"c":0,"s":"seg_1942054811_1942054833"},"geometry":{"type":"LineString","coordinates":[[-73.89611,40.65774],[-73.89596,40.65773],[-73.8959,40.65773],[-73.89562,40.6577],[-73.89482,40.65758],[-73.89427,40.6575],[-73.89413,40.65748]]}},{"type":"Feature","properties":{"c":2,"s":"seg_1942054811_1942054833"},"geometry":{"type":"LineString","coordinates":[[-73.89433,40.65774],[-73.89446,40.65776],[-73.89522,40.65787]]}},{"type":"Feature","properties":{"c":2,"s":"seg_1942054630_1942054285"},"geometry":{"type":"LineString","coordinates":[[-73.89709,40.65783],[-73.89717,40.65781],[-73.89792,40.6577],[-73.89801,40.65769]]}},{"type":"Feature","properties":{"c":0,"s":"seg_1942054811_1942054833"},"geometry":{"type":"LineString","coordinates":[[-73.89213,40.65785],[-73.89146,40.65814],[-73.8912,40.65825],[-73.891,40.65834],[-73.89071,40.65846],[-73.89058,40.65852]]}},{"type":"Feature","properties":{"c":0,"s":"seg_1942054630_1942054285"},"geometry":{"type":"LineString","coordinates":[[-73.89614,40.65786],[-73.89623,40.65785],[-73.8963,40.65784],[-73.8967,40.65778],[-73.89698,40.65774],[-73.89706,40.65773]]}},{"type":"Feature","properties":{"c":2,"s":"seg_1942054811_1942054833"},"geometry":{"type":"LineString","coordinates":[[-73.89522,40.65787],[-73.89553,40.65791]]}},{"type":"Feature","properties":{"c":2,"s":"seg_1942054630_1942054285"},"geometry":{"type":"LineString","coordinates":[[-73.89553,40.65791],[-73.89585,40.65796],[-73.8959,40.65796],[-73.89599,40.65797],[-73.89616,40.65797]]}},{"type":"Feature","properties":{"c":0,"s":"seg_1942054811_1942054833"},"geometry":{"type":"LineString","coordinates":[[-73.89224,40.65795],[-73.89256,40.65781],[-73.89275,40.65773],[-73.89294,40.65765],[-73.89305,40.65761],[-73.89313,40.65758]]}},{"type":"Feature","properties":{"c":2,"s":"seg_1942054630_1942054285"},"geometry":{"type":"LineString","coordinates":[[-73.89616,40.65797],[-73.89625,40.65795],[-73.89701,40.65784],[-73.89709,40.65783]]}},{"type":"Feature","properties":{"c":2,"s":"seg_1942054811_1942054833"},"geometry":{"type":"LineString","coordinates":[[-73.89151,40.658],[-73.89134,40.65807]]}},{"type":"Feature","properties":{"c":2,"s":"seg_1942054811_1942054833"},"geometry":{"type":"LineString","coordinates":[[-73.89238,40.65801],[-73.89306,40.65772],[-73.89312,40.65769],[-73.8932,40.65767]]}},{"type":"Feature","properties":{"c":2,"s":"seg_1942054811_1942054833"},"geometry":{"type":"LineString","coordinates":[[-73.89134,40.65807],[-73.89112,40.65817],[-73.89103,40.65821],[-73.89064,40.65837],[-73.89051,40.65844]]}},{"type":"Feature","properties":{"c":2,"s":"seg_1942054811_1942054833"},"geometry":{"type":"LineString","coordinates":[[-73.89174,40.65829],[-73.89238,40.65801]]}},{"type":"Feature","properties":{"c":2,"s":"seg_1942054811_1942054833"},"geometry":{"type":"LineString","coordinates":[[-73.89156,40.65837],[-73.89172,40.6583],[-73.89174,40.65829]]}},{"type":"Feature","properties":{"c":1,"s":"seg_42477821_42495641"},"geometry":{"type":"LineString","coordinates":[[-73.89051,40.65844],[-73.89058,40.65852]]}},{"type":"Feature","properties":{"c":2,"s":"seg_1942054811_1942054833"},"geometry":{"type":"LineString","coordinates":[[-73.89051,40.65844],[-73.89035,40.6585],[-73.89011,40.6586],[-73.88971,40.65877]]}},{"type":"Feature","properties":{"c":1,"s":"seg_5314096947_5314096946"},"geometry":{"type":"LineString","coordinates":[[-73.89051,40.65844],[-73.89053,40.65836],[-73.89043,40.65823],[-73.8904,40.65819],[-73.89038,40.65816],[-73.89033,40.6581],[-73.89026,40.65799],[-73.89016,40.65787],[-73.89001,40.65766],[-73.88992,40.65754],[-73.88988,40.65748],[-73.88965,40.65718],[-73.88954,40.65703],[-73.88948,40.65695]]}},{"type":"Feature","properties":{"c":1,"s":"seg_42477821_42495641"},"geometry":{"type":"LineString","coordinates":[[-73.89058,40.65852],[-73.89066,40.65863]]}},{"type":"Feature","properties":{"c":0,"s":"seg_1942054811_1942054833"},"geometry":{"type":"LineString","coordinates":[[-73.89058,40.65852],[-73.89043,40.65858],[-73.88937,40.65904],[-73.88904,40.65918],[-73.88895,40.65922]]}},{"type":"Feature","properties":{"c":1,"s":"seg_42477821_42495641"},"geometry":{"type":"LineString","coordinates":[[-73.89066,40.65863],[-73.89074,40.65873]]}},{"type":"Feature","properties":{"c":0,"s":"seg_1942054811_1942054833"},"geometry":{"type":"LineString","coordinates":[[-73.89066,40.65863],[-73.8908,40.65857],[-73.89095,40.6585],[-73.89224,40.65795]]}},{"type":"Feature","properties":{"c":2,"s":"seg_1942054811_1942054833"},"geometry":{"type":"LineString","coordinates":[[-73.89074,40.65873],[-73.89087,40.65867],[-73.89099,40.65862],[-73.89111,40.65856],[-73.89125,40.6585],[-73.8914,40.65844],[-73.89156,40.65837]]}},{"type":"Feature","properties":{"c":2,"s":"seg_1942054811_1942054833"},"geometry":{"type":"LineString","coordinates":[[-73.88971,40.65877],[-73.88898,40.65909],[-73.88888,40.65913]]}},{"type":"Feature","properties":{"c":2,"s":"seg_1942054811_1942054833"},"geometry":{"type":"LineString","coordinates":[[-73.88993,40.65907],[-73.89039,40.65887],[-73.89053,40.65882],[-73.89063,40.65877],[-73.89074,40.65873]]}},{"type":"Feature","properties":{"c":2,"s":"seg_1942054811_1942054833"},"geometry":{"type":"LineString","coordinates":[[-73.88989,40.65909],[-73.88993,40.65907]]}},{"type":"Feature","properties":{"c":2,"s":"seg_1942054811_1942054833"},"geometry":{"type":"LineString","coordinates":[[-73.88888,40.65913],[-73.88876,40.65918],[-73.8883,40.65938]]}},{"type":"Feature","properties":{"c":0,"s":"seg_1942054811_1942054833"},"geometry":{"type":"LineString","coordinates":[[-73.88937,40.65918],[-73.88981,40.65899],[-73.89054,40.65868],[-73.89066,40.65863]]}},{"type":"Feature","properties":{"c":0,"s":"seg_1942054811_1942054833"},"geometry":{"type":"LineString","coordinates":[[-73.88895,40.65922],[-73.88884,40.65927],[-73.88787,40.65969]]}},{"type":"Feature","properties":{"c":0,"s":"seg_1942054811_1942054833"},"geometry":{"type":"LineString","coordinates":[[-73.88903,40.65933],[-73.88912,40.65929],[-73.88937,40.65918]]}},{"type":"Feature","properties":{"c":2,"s":"seg_1942054811_1942054833"},"geometry":{"type":"LineString","coordinates":[[-73.8883,40.65938],[-73.88653,40.66015]]}},{"type":"Feature","properties":{"c":2,"s":"seg_1942054811_1942054833"},"geometry":{"type":"LineString","coordinates":[[-73.88911,40.65942],[-73.88919,40.65939],[-73.88989,40.65909]]}},{"type":"Feature","properties":{"c":0,"s":"seg_1942054811_1942054833"},"geometry":{"type":"LineString","coordinates":[[-73.88787,40.65969],[-73.88719,40.65998]]}},{"type":"Feature","properties":{"c":2,"s":"seg_1942054811_1942054833"},"geometry":{"type":"LineString","coordinates":[[-73.8883,40.65977],[-73.88902,40.65946],[-73.88911,40.65942]]}},{"type":"Feature","properties":{"c":0,"s":"seg_1942054811_1942054833"},"geometry":{"type":"LineString","coordinates":[[-73.88773,40.65989],[-73.88855,40.65954],[-73.88894,40.65937],[-73.88903,40.65933]]}},{"type":"Feature","properties":{"c":0,"s":"seg_1942054897_1942054908"},"geometry":{"type":"LineString","coordinates":[[-73.88719,40.65998],[-73.88622,40.6604],[-73.88586,40.66056],[-73.88575,40.66061]]}},{"type":"Feature","properties":{"c":2,"s":"seg_1942054811_1942054833"},"geometry":{"type":"LineString","coordinates":[[-73.88749,40.66012],[-73.8883,40.65977]]}},{"type":"Feature","properties":{"c":0,"s":"seg_1942054811_1942054833"},"geometry":{"type":"LineString","coordinates":[[-73.88721,40.66012],[-73.88773,40.65989]]}},{"type":"Feature","properties":{"c":2,"s":"seg_1942054897_1942054908"},"geometry":{"type":"LineString","coordinates":[[-73.88653,40.66015],[-73.88578,40.66047],[-73.88568,40.66051]]}},{"type":"Feature","properties":{"c":2,"s":"seg_1942054897_1942054908"},"geometry":{"type":"LineString","coordinates":[[-73.88677,40.66043],[-73.88749,40.66012]]}},{"type":"Feature","properties":{"c":2,"s":"seg_1942054897_1942054908"},"geometry":{"type":"LineString","coordinates":[[-73.88666,40.66047],[-73.88677,40.66043]]}},{"type":"Feature","properties":{"c":2,"s":"seg_1942054897_1942054908"},"geometry":{"type":"LineString","coordinates":[[-73.88568,40.66051],[-73.88555,40.66057],[-73.88482,40.66088]]}},{"type":"Feature","properties":{"c":0,"s":"seg_1942054897_1942054908"},"geometry":{"type":"LineString","coordinates":[[-73.88575,40.66061],[-73.88563,40.66066],[-73.88447,40.66115],[-73.88414,40.6613],[-73.88406,40.66133]]}},{"type":"Feature","properties":{"c":0,"s":"seg_1942054897_1942054908"},"geometry":{"type":"LineString","coordinates":[[-73.88583,40.66072],[-73.88595,40.66066],[-73.88721,40.66012]]}},{"type":"Feature","properties":{"c":2,"s":"seg_1942054897_1942054908"},"geometry":{"type":"LineString","coordinates":[[-73.8859,40.6608],[-73.88603,40.66074],[-73.88666,40.66047]]}},{"type":"Feature","properties":{"c":2,"s":"seg_1942054897_1942054908"},"geometry":{"type":"LineString","coordinates":[[-73.88482,40.66088],[-73.88407,40.6612],[-73.88399,40.66124]]}},{"type":"Feature","properties":{"c":2,"s":"seg_1942054897_1942054908"},"geometry":{"type":"LineString","coordinates":[[-73.88503,40.66118],[-73.88578,40.66085],[-73.8859,40.6608]]}},{"type":"Feature","properties":{"c":2,"s":"seg_1942054897_1942054908"},"geometry":{"type":"LineString","coordinates":[[-73.88399,40.66124],[-73.88389,40.66128],[-73.88334,40.66152]]}},{"type":"Feature","properties":{"c":0,"s":"seg_1942054897_1942054908"},"geometry":{"type":"LineString","coordinates":[[-73.88441,40.66132],[-73.88506,40.66105],[-73.88572,40.66076],[-73.88583,40.66072]]}},{"type":"Feature","properties":{"c":0,"s":"seg_1942054897_1942054908"},"geometry":{"type":"LineString","coordinates":[[-73.88406,40.66133],[-73.88397,40.66137],[-73.88293,40.66182]]}},{"type":"Feature","properties":{"c":0,"s":"seg_1942054897_1942054908"},"geometry":{"type":"LineString","coordinates":[[-73.88414,40.66144],[-73.88422,40.6614],[-73.88441,40.66132]]}},{"type":"Feature","properties":{"c":2,"s":"seg_1942054897_1942054908"},"geometry":{"type":"LineString","coordinates":[[-73.88334,40.66152],[-73.88217,40.66204],[-73.8815,40.66232]]}},{"type":"Feature","properties":{"c":2,"s":"seg_1942054897_1942054908"},"geometry":{"type":"LineString","coordinates":[[-73.88421,40.66153],[-73.88429,40.6615],[-73.88503,40.66118]]}},{"type":"Feature","properties":{"c":0,"s":"seg_1942054897_1942054908"},"geometry":{"type":"LineString","coordinates":[[-73.88293,40.66182],[-73.88253,40.66199],[-73.88208,40.66218]]}},{"type":"Feature","properties":{"c":2,"s":"seg_1942054897_1942054908"},"geometry":{"type":"LineString","coordinates":[[-73.88341,40.66188],[-73.88414,40.66157],[-73.88421,40.66153]]}},{"type":"Feature","properties":{"c":2,"s":"seg_1942054897_1942054908"},"geometry":{"type":"LineString","coordinates":[[-73.8831,40.66201],[-73.88341,40.66188]]}},{"type":"Feature","properties":{"c":0,"s":"seg_1942054897_1942054908"},"geometry":{"type":"LineString","coordinates":[[-73.88256,40.66212],[-73.88406,40.66148],[-73.88414,40.66144]]}},{"type":"Feature","properties":{"c":0,"s":"seg_1942054937_1942055019"},"geometry":{"type":"LineString","coordinates":[[-73.88208,40.66218],[-73.88126,40.66253],[-73.88091,40.66268],[-73.88081,40.66272]]}},{"type":"Feature","properties":{"c":2,"s":"seg_1942054897_1942054908"},"geometry":{"type":"LineString","coordinates":[[-73.88258,40.66223],[-73.88298,40.66207],[-73.8831,40.66201]]}},{"type":"Feature","properties":{"c":2,"s":"seg_1942054937_1942055019"},"geometry":{"type":"LineString","coordinates":[[-73.8815,40.66232],[-73.88086,40.66259],[-73.88075,40.66264]]}},{"type":"Feature","properties":{"c":0,"s":"seg_1942054897_1942054908"},"geometry":{"type":"LineString","coordinates":[[-73.88181,40.66244],[-73.88256,40.66212]]}},{"type":"Feature","properties":{"c":2,"s":"seg_1942054897_1942054908"},"geometry":{"type":"LineString","coordinates":[[-73.88178,40.66257],[-73.88258,40.66223]]}},{"type":"Feature","properties":{"c":2,"s":"seg_1942054937_1942055019"},"geometry":{"type":"LineString","coordinates":[[-73.88075,40.66264],[-73.88066,40.66268],[-73.87991,40.66299]]}},{"type":"Feature","properties":{"c":0,"s":"seg_1942054937_1942055019"},"geometry":{"type":"LineString","coordinates":[[-73.88081,40.66272],[-73.88072,40.66276],[-73.87982,40.66316],[-73.87921,40.66343],[-73.87908,40.66349],[-73.87845,40.66376],[-73.87829,40.66383],[-73.87761,40.6641],[-73.8769,40.66441]]}},{"type":"Feature","properties":{"c":2,"s":"seg_1942054937_1942055019"},"geometry":{"type":"LineString","coordinates":[[-73.88131,40.66278],[-73.8816,40.66265],[-73.88178,40.66257]]}},{"type":"Feature","properties":{"c":0,"s":"seg_1942054937_1942055019"},"geometry":{"type":"LineString","coordinates":[[-73.88089,40.66284],[-73.88098,40.6628],[-73.88181,40.66244]]}},{"type":"Feature","properties":{"c":2,"s":"seg_1942054937_1942055019"},"geometry":{"type":"LineString","coordinates":[[-73.88096,40.66292],[-73.88103,40.66289],[-73.88131,40.66278]]}},{"type":"Feature","properties":{"c":2,"s":"seg_1942054937_1942055019"},"geometry":{"type":"LineString","coordinates":[[-73.87991,40.66299],[-73.87911,40.66336]]}},{"type":"Feature","properties":{"c":2,"s":"seg_1942054937_1942055019"},"geometry":{"type":"LineString","coordinates":[[-73.88013,40.66329],[-73.88087,40.66296],[-73.88096,40.66292]]}},{"type":"Feature","properties":{"c":2,"s":"seg_1942054937_1942055019"},"geometry":{"type":"LineString","coordinates":[[-73.87911,40.66336],[-73.87902,40.6634],[-73.8784,40.66368],[-73.87831,40.66372]]}},{"type":"Feature","properties":{"c":0,"s":"seg_1942054937_1942055019"},"geometry":{"type":"LineString","coordinates":[[-73.87956,40.66341],[-73.88015,40.66316],[-73.88023,40.66312],[-73.8808,40.66288],[-73.88089,40.66284]]}},{"type":"Feature","properties":{"c":2,"s":"seg_1942054937_1942055019"},"geometry":{"type":"LineString","coordinates":[[-73.8793,40.66361],[-73.88013,40.66329]]}},{"type":"Feature","properties":{"c":2,"s":"seg_1942054937_1942055019"},"geometry":{"type":"LineString","coordinates":[[-73.87831,40.66372],[-73.87747,40.66405]]}},{"type":"Feature","properties":{"c":2,"s":"seg_1942054937_1942055019"},"geometry":{"type":"LineString","coordinates":[[-73.87849,40.66397],[-73.87858,40.66393],[-73.87919,40.66365],[-73.8793,40.66361]]}},{"type":"Feature","properties":{"c":2,"s":"seg_1942054937_1942055019"},"geometry":{"type":"LineString","coordinates":[[-73.87747,40.66405],[-73.87734,40.6641]]}},{"type":"Feature","properties":{"c":2,"s":"seg_1942054937_1942055019"},"geometry":{"type":"LineString","coordinates":[[-73.87734,40.6641],[-73.87713,40.66419],[-73.87703,40.66424],[-73.87665,40.6644]]}},{"type":"Feature","properties":{"c":0,"s":"seg_1942054937_1942055019"},"geometry":{"type":"LineString","coordinates":[[-73.87756,40.66427],[-73.87838,40.6639],[-73.87852,40.66384],[-73.87914,40.66357],[-73.87923,40.66353],[-73.87929,40.66351],[-73.87956,40.66341]]}},{"type":"Feature","properties":{"c":2,"s":"seg_1942054937_1942055019"},"geometry":{"type":"LineString","coordinates":[[-73.87768,40.66433],[-73.87849,40.66397]]}},{"type":"Feature","properties":{"c":2,"s":"seg_1942054937_1942055019"},"geometry":{"type":"LineString","coordinates":[[-73.87665,40.6644],[-73.87583,40.66475]]}},{"type":"Feature","properties":{"c":0,"s":"seg_1942054937_1942055019"},"geometry":{"type":"LineString","coordinates":[[-73.8769,40.66441],[-73.87643,40.66461]]}},{"type":"Feature","properties":{"c":0,"s":"seg_1942054937_1942055019"},"geometry":{"type":"LineString","coordinates":[[-73.87643,40.66461],[-73.87516,40.66516],[-73.87508,40.66519]]}},{"type":"Feature","properties":{"c":2,"s":"seg_1942054937_1942055019"},"geometry":{"type":"LineString","coordinates":[[-73.87705,40.66462],[-73.87768,40.66433]]}},{"type":"Feature","properties":{"c":2,"s":"seg_1942054937_1942055019"},"geometry":{"type":"LineString","coordinates":[[-73.87687,40.6647],[-73.87705,40.66462]]}},{"type":"Feature","properties":{"c":2,"s":"seg_1942054937_1942055019"},"geometry":{"type":"LineString","coordinates":[[-73.87583,40.66475],[-73.87534,40.66496],[-73.87509,40.66507],[-73.87502,40.6651]]}},{"type":"Feature","properties":{"c":2,"s":"seg_1942054937_1942055019"},"geometry":{"type":"LineString","coordinates":[[-73.87653,40.66485],[-73.87676,40.66475],[-73.87687,40.6647]]}},{"type":"Feature","properties":{"c":0,"s":"seg_1942054937_1942055019"},"geometry":{"type":"LineString","coordinates":[[-73.87592,40.66498],[-73.87688,40.66457],[-73.87756,40.66427]]}},{"type":"Feature","properties":{"c":2,"s":"seg_1942054937_1942055019"},"geometry":{"type":"LineString","coordinates":[[-73.87605,40.66505],[-73.87653,40.66485]]}},{"type":"Feature","properties":{"c":2,"s":"seg_1942054937_1942055019"},"geometry":{"type":"LineString","coordinates":[[-73.87502,40.6651],[-73.87494,40.66513],[-73.87468,40.66525],[-73.87463,40.66527]]}},{"type":"Feature","properties":{"c":0,"s":"seg_1942055203_1942055159"},"geometry":{"type":"LineString","coordinates":[[-73.87508,40.66519],[-73.87501,40.66523],[-73.87417,40.66559]]}},{"type":"Feature","properties":{"c":2,"s":"seg_1942055203_1942055159"},"geometry":{"type":"LineString","coordinates":[[-73.87463,40.66527],[-73.8742,40.66546]]}},{"type":"Feature","properties":{"c":0,"s":"seg_1942054937_1942055019"},"geometry":{"type":"LineString","coordinates":[[-73.87517,40.6653],[-73.87524,40.66527],[-73.87556,40.66513],[-73.87592,40.66498]]}},{"type":"Feature","properties":{"c":2,"s":"seg_1942054937_1942055019"},"geometry":{"type":"LineString","coordinates":[[-73.87524,40.6654],[-73.87532,40.66537],[-73.8756,40.66524],[-73.87605,40.66505]]}},{"type":"Feature","properties":{"c":2,"s":"seg_1942055203_1942055159"},"geometry":{"type":"LineString","coordinates":[[-73.8742,40.66546],[-73.87338,40.6658]]}},{"type":"Feature","properties":{"c":0,"s":"seg_1942055203_1942055159"},"geometry":{"type":"LineString","coordinates":[[-73.87417,40.66559],[-73.87351,40.66586]]}},{"type":"Feature","properties":{"c":2,"s":"seg_1942055203_1942055159"},"geometry":{"type":"LineString","coordinates":[[-73.87442,40.66575],[-73.87516,40.66543],[-73.87524,40.6654]]}},{"type":"Feature","properties":{"c":2,"s":"seg_1942055203_1942055159"},"geometry":{"type":"LineString","coordinates":[[-73.87338,40.6658],[-73.8732,40.66588],[-73.87295,40.66599]]}},{"type":"Feature","properties":{"c":0,"s":"seg_1942055203_1942055159"},"geometry":{"type":"LineString","coordinates":[[-73.87351,40.66586],[-73.8724,40.66633],[-73.87233,40.66636],[-73.87212,40.66646],[-73.87191,40.66658],[-73.87179,40.66666]]}},{"type":"Feature","properties":{"c":2,"s":"seg_1942055203_1942055159"},"geometry":{"type":"LineString","coordinates":[[-73.87401,40.66592],[-73.87442,40.66575]]}},{"type":"Feature","properties":{"c":2,"s":"seg_1942055203_1942055159"},"geometry":{"type":"LineString","coordinates":[[-73.87295,40.66599],[-73.87286,40.66603],[-73.87257,40.66616]]}},{"type":"Feature","properties":{"c":0,"s":"seg_1942055203_1942055159"},"geometry":{"type":"LineString","coordinates":[[-73.87348,40.66602],[-73.87461,40.66554],[-73.87509,40.66533],[-73.87517,40.6653]]}},{"type":"Feature","properties":{"c":2,"s":"seg_1942055203_1942055159"},"geometry":{"type":"LineString","coordinates":[[-73.8736,40.66609],[-73.87401,40.66592]]}},{"type":"Feature","properties":{"c":2,"s":"seg_1942055203_1942055159"},"geometry":{"type":"LineString","coordinates":[[-73.87257,40.66616],[-73.87226,40.6663],[-73.87216,40.66635],[-73.87197,40.66645],[-73.87186,40.66651]]}},{"type":"Feature","properties":{"c":2,"s":"seg_1942055203_1942055159"},"geometry":{"type":"LineString","coordinates":[[-73.87277,40.66643],[-73.87306,40.66631],[-73.87323,40.66624],[-73.8736,40.66609]]}},{"type":"Feature","properties":{"c":2,"s":"seg_6463799134_42505118"},"geometry":{"type":"LineString","coordinates":[[-73.87172,40.66658],[-73.87179,40.66666]]}},{"type":"Feature","properties":{"c":2,"s":"seg_6463799134_42505118"},"geometry":{"type":"LineString","coordinates":[[-73.87172,40.66658],[-73.87168,40.66653]]}},{"type":"Feature","properties":{"c":2,"s":"seg_1942055203_1942055159"},"geometry":{"type":"LineString","coordinates":[[-73.87172,40.66658],[-73.87153,40.66669],[-73.87147,40.66673],[-73.87122,40.66688],[-73.87112,40.66695],[-73.87082,40.66717]]}},{"type":"Feature","properties":{"c":2,"s":"seg_6463799134_42505118"},"geometry":{"type":"LineString","coordinates":[[-73.87179,40.66666],[-73.87187,40.66675]]}},{"type":"Feature","properties":{"c":0,"s":"seg_1942055203_1942055159"},"geometry":{"type":"LineString","coordinates":[[-73.87179,40.66666],[-73.87162,40.66676],[-73.87152,40.66681],[-73.87122,40.66702],[-73.87093,40.66722]]}},{"type":"Feature","properties":{"c":2,"s":"seg_6463799134_42505118"},"geometry":{"type":"LineString","coordinates":[[-73.87187,40.66675],[-73.87194,40.66684]]}},{"type":"Feature","properties":{"c":0,"s":"seg_1942055203_1942055159"},"geometry":{"type":"LineString","coordinates":[[-73.87187,40.66675],[-73.87197,40.6667],[-73.87199,40.66668],[-73.87218,40.66658],[-73.87254,40.66641],[-73.87348,40.66602]]}},{"type":"Feature","properties":{"c":2,"s":"seg_1942055203_1942055159"},"geometry":{"type":"LineString","coordinates":[[-73.87194,40.66684],[-73.87206,40.66677],[-73.8723,40.66663],[-73.87277,40.66643]]}},{"type":"Feature","properties":{"c":2,"s":"seg_1942055203_1942055159"},"geometry":{"type":"LineString","coordinates":[[-73.87082,40.66717],[-73.87043,40.66745]]}},{"type":"Feature","properties":{"c":0,"s":"seg_1942055203_1942055159"},"geometry":{"type":"LineString","coordinates":[[-73.87093,40.66722],[-73.87046,40.66757],[-73.87015,40.6678],[-73.87006,40.66787]]}},{"type":"Feature","properties":{"c":2,"s":"seg_1942055203_1942055159"},"geometry":{"type":"LineString","coordinates":[[-73.87043,40.66745],[-73.87032,40.66753],[-73.8701,40.66769],[-73.87003,40.66775]]}},{"type":"Feature","properties":{"c":2,"s":"seg_1942055203_1942055159"},"geometry":{"type":"LineString","coordinates":[[-73.87003,40.66775],[-73.86994,40.66781],[-73.86976,40.66795],[-73.86966,40.66803],[-73.86938,40.66824],[-73.8692,40.66834]]}},{"type":"Feature","properties":{"c":0,"s":"seg_1942055203_1942055159"},"geometry":{"type":"LineString","coordinates":[[-73.87006,40.66787],[-73.86997,40.66793],[-73.86964,40.66818],[-73.86942,40.66833],[-73.86926,40.66841],[-73.86903,40.6685],[-73.8688,40.66854],[-73.86871,40.66855],[-73.86841,40.66859],[-73.8683,40.66861]]}},{"type":"Feature","properties":{"c":0,"s":"seg_1942055203_1942055159"},"geometry":{"type":"LineString","coordinates":[[-73.8701,40.66803],[-73.87021,40.66795],[-73.87137,40.66708],[-73.87161,40.66692],[-73.87173,40.66684],[-73.87187,40.66675]]}},{"type":"Feature","properties":{"c":2,"s":"seg_1942055203_1942055159"},"geometry":{"type":"LineString","coordinates":[[-73.87013,40.66813],[-73.87025,40.66805],[-73.87045,40.6679],[-73.87057,40.66781],[-73.87125,40.6673],[-73.8716,40.66707],[-73.87183,40.66691],[-73.87194,40.66684]]}},{"type":"Feature","properties":{"c":1,"s":"seg_42479194_1942055212"},"geometry":{"type":"LineString","coordinates":[[-73.92013,40.66825],[-73.92011,40.66814],[-73.91981,40.66701],[-73.9195,40.66585],[-73.91942,40.66579]]}},{"type":"Feature","properties":{"c":1,"s":"seg_42479194_1942055212"},"geometry":{"type":"LineString","coordinates":[[-73.91999,40.6683],[-73.92001,40.66838],[-73.92003,40.66846],[-73.91996,40.66913]]}},{"type":"Feature","properties":{"c":2,"s":"seg_1942055283_4680651601"},"geometry":{"type":"LineString","coordinates":[[-73.8692,40.66834],[-73.86898,40.66841],[-73.86874,40.66845],[-73.86838,40.6685],[-73.86828,40.66852]]}},{"type":"Feature","properties":{"c":1,"s":"seg_42479194_1942055212"},"geometry":{"type":"LineString","coordinates":[[-73.92015,40.66835],[-73.92013,40.66825]]}},{"type":"Feature","properties":{"c":2,"s":"seg_1942055283_4680651601"},"geometry":{"type":"LineString","coordinates":[[-73.86828,40.66852],[-73.86815,40.66854],[-73.86778,40.66859],[-73.86702,40.66869]]}},{"type":"Feature","properties":{"c":0,"s":"seg_1942055283_4680651601"},"geometry":{"type":"LineString","coordinates":[[-73.8683,40.66861],[-73.86818,40.66863],[-73.86765,40.6687]]}},{"type":"Feature","properties":{"c":2,"s":"seg_1942055203_1942055159"},"geometry":{"type":"LineString","coordinates":[[-73.86929,40.66868],[-73.86946,40.6686],[-73.86949,40.66858],[-73.86951,40.66857],[-73.86963,40.6685],[-73.86982,40.66836]]}},{"type":"Feature","properties":{"c":2,"s":"seg_1942055283_4680651601"},"geometry":{"type":"LineString","coordinates":[[-73.86702,40.66869],[-73.86645,40.66877]]}},{"type":"Feature","properties":{"c":0,"s":"seg_1942055283_4680651601"},"geometry":{"type":"LineString","coordinates":[[-73.86765,40.6687],[-73.86636,40.66889],[-73.86564,40.66899],[-73.86552,40.669]]}},{"type":"Feature","properties":{"c":2,"s":"seg_1942055283_4680651601"},"geometry":{"type":"LineString","coordinates":[[-73.86645,40.66877],[-73.86633,40.66879],[-73.86599,40.66884],[-73.86589,40.66885]]}},{"type":"Feature","properties":{"c":2,"s":"seg_1942055283_4680651601"},"geometry":{"type":"LineString","coordinates":[[-73.86836,40.66883],[-73.86847,40.66882],[-73.86878,40.66878],[-73.86907,40.66874],[-73.86929,40.66868]]}},{"type":"Feature","properties":{"c":2,"s":"seg_1942055283_4680651601"},"geometry":{"type":"LineString","coordinates":[[-73.86589,40.66885],[-73.86562,40.66889],[-73.8655,40.66891],[-73.86539,40.66892],[-73.86369,40.66917]]}},{"type":"Feature","properties":{"c":2,"s":"seg_1942055283_4680651601"},"geometry":{"type":"LineString","coordinates":[[-73.86745,40.66896],[-73.86825,40.66885],[-73.86836,40.66883]]}},{"type":"Feature","properties":{"c":0,"s":"seg_1942055283_4680651601"},"geometry":{"type":"LineString","coordinates":[[-73.86644,40.669],[-73.8676,40.66884],[-73.86822,40.66875],[-73.86833,40.66873]]}},{"type":"Feature","properties":{"c":2,"s":"seg_1942055283_4680651601"},"geometry":{"type":"LineString","coordinates":[[-73.867,40.66902],[-73.86704,40.66902],[-73.86745,40.66896]]}},{"type":"Feature","properties":{"c":2,"s":"seg_1942055283_4680651601"},"geometry":{"type":"LineString","coordinates":[[-73.86653,40.66909],[-73.86695,40.66903],[-73.867,40.66902]]}},{"type":"Feature","properties":{"c":1,"s":"seg_42479194_1942055212"},"geometry":{"type":"LineString","coordinates":[[-73.92011,40.66915],[-73.92013,40.66889],[-73.92017,40.66847],[-73.92015,40.66835]]}},{"type":"Feature","properties":{"c":2,"s":"seg_1942055283_4680651601"},"geometry":{"type":"LineString","coordinates":[[-73.86369,40.66917],[-73.86319,40.66924],[-73.86307,40.66925],[-73.86291,40.66928],[-73.86279,40.66929]]}},{"type":"Feature","properties":{"c":0,"s":"seg_1942055283_4680651601"},"geometry":{"type":"LineString","coordinates":[[-73.86428,40.66918],[-73.86385,40.66924],[-73.8634,40.66931],[-73.86293,40.66938],[-73.86281,40.6694]]}},{"type":"Feature","properties":{"c":2,"s":"seg_1942055283_4680651601"},"geometry":{"type":"LineString","coordinates":[[-73.86558,40.66922],[-73.86569,40.66921],[-73.86643,40.6691],[-73.86649,40.66909],[-73.86653,40.66909]]}},{"type":"Feature","properties":{"c":0,"s":"seg_1942055283_4680651601"},"geometry":{"type":"LineString","coordinates":[[-73.8646,40.66927],[-73.86545,40.66914],[-73.86556,40.66913],[-73.86567,40.66911],[-73.8664,40.66901],[-73.86644,40.669]]}},{"type":"Feature","properties":{"c":2,"s":"seg_1942055376_1942055354"},"geometry":{"type":"LineString","coordinates":[[-73.86279,40.66929],[-73.86267,40.66931],[-73.86175,40.66944]]}},{"type":"Feature","properties":{"c":1,"s":"seg_1260335220_1260335264"},"geometry":{"type":"LineString","coordinates":[[-73.92009,40.66937],[-73.91993,40.66943]]}},{"type":"Feature","properties":{"c":1,"s":"seg_42479194_1942055212"},"geometry":{"type":"LineString","coordinates":[[-73.92009,40.66937],[-73.92009,40.6693],[-73.92011,40.66915]]}},{"type":"Feature","properties":{"c":0,"s":"seg_1942055376_1942055354"},"geometry":{"type":"LineString","coordinates":[[-73.86281,40.6694],[-73.8627,40.66941],[-73.86232,40.66946]]}},{"type":"Feature","properties":{"c":2,"s":"seg_1942055283_4680651601"},"geometry":{"type":"LineString","coordinates":[[-73.8641,40.66943],[-73.8647,40.66935],[-73.86506,40.6693],[-73.86547,40.66924],[-73.86558,40.66922]]}},{"type":"Feature","properties":{"c":2,"s":"seg_1942055376_1942055354"},"geometry":{"type":"LineString","coordinates":[[-73.86175,40.66944],[-73.86104,40.66954],[-73.86092,40.66956]]}},{"type":"Feature","properties":{"c":0,"s":"seg_1942055376_1942055354"},"geometry":{"type":"LineString","coordinates":[[-73.86232,40.66946],[-73.86161,40.66956],[-73.86106,40.66963],[-73.86094,40.66965]]}},{"type":"Feature","properties":{"c":0,"s":"seg_1942055283_4680651601"},"geometry":{"type":"LineString","coordinates":[[-73.86284,40.66952],[-73.86295,40.6695],[-73.8646,40.66927]]}},{"type":"Feature","properties":{"c":2,"s":"seg_1942055376_1942055354"},"geometry":{"type":"LineString","coordinates":[[-73.86092,40.66956],[-73.8608,40.66958],[-73.85973,40.66974]]}},{"type":"Feature","properties":{"c":2,"s":"seg_1942055283_4680651601"},"geometry":{"type":"LineString","coordinates":[[-73.86287,40.66961],[-73.86297,40.6696],[-73.86324,40.66956],[-73.8636,40.66951],[-73.8641,40.66943]]}},{"type":"Feature","properties":{"c":0,"s":"seg_1942055376_1942055354"},"geometry":{"type":"LineString","coordinates":[[-73.86094,40.66965],[-73.86083,40.66966],[-73.85915,40.66992]]}},{"type":"Feature","properties":{"c":0,"s":"seg_1942055376_1942055354"},"geometry":{"type":"LineString","coordinates":[[-73.86179,40.66968],[-73.86215,40.66962],[-73.86273,40.66953],[-73.86284,40.66952]]}},{"type":"Feature","properties":{"c":2,"s":"seg_1942055376_1942055354"},"geometry":{"type":"LineString","coordinates":[[-73.86235,40.66969],[-73.86275,40.66963],[-73.86287,40.66961]]}},{"type":"Feature","properties":{"c":2,"s":"seg_1942055376_1942055354"},"geometry":{"type":"LineString","coordinates":[[-73.85973,40.66974],[-73.8597,40.66974],[-73.8594,40.66978],[-73.85907,40.66983]]}},{"type":"Feature","properties":{"c":2,"s":"seg_1942055376_1942055354"},"geometry":{"type":"LineString","coordinates":[[-73.8619,40.66976],[-73.86235,40.66969]]}},{"type":"Feature","properties":{"c":0,"s":"seg_1942055376_1942055354"},"geometry":{"type":"LineString","coordinates":[[-73.86098,40.6698],[-73.86109,40.66978],[-73.86179,40.66968]]}},{"type":"Feature","properties":{"c":2,"s":"seg_1942055376_1942055354"},"geometry":{"type":"LineString","coordinates":[[-73.85907,40.66983],[-73.85815,40.66996]]}},{"type":"Feature","properties":{"c":2,"s":"seg_1942055376_1942055354"},"geometry":{"type":"LineString","coordinates":[[-73.86101,40.66989],[-73.86111,40.66988],[-73.86155,40.66981],[-73.8619,40.66976]]}},{"type":"Feature","properties":{"c":0,"s":"seg_1942055376_1942055354"},"geometry":{"type":"LineString","coordinates":[[-73.85915,40.66992],[-73.85804,40.67008]]}},{"type":"Feature","properties":{"c":2,"s":"seg_1942055376_1942055354"},"geometry":{"type":"LineString","coordinates":[[-73.85815,40.66996],[-73.85782,40.67001],[-73.85749,40.67006]]}},{"type":"Feature","properties":{"c":2,"s":"seg_1942055376_1942055354"},"geometry":{"type":"LineString","coordinates":[[-73.86008,40.67003],[-73.86056,40.66996],[-73.86075,40.66993],[-73.86091,40.6699],[-73.86101,40.66989]]}},{"type":"Feature","properties":{"c":2,"s":"seg_1942055376_1942055354"},"geometry":{"type":"LineString","coordinates":[[-73.85916,40.67016],[-73.85961,40.67009],[-73.86008,40.67003]]}},{"type":"Feature","properties":{"c":0,"s":"seg_1942055376_1942055354"},"geometry":{"type":"LineString","coordinates":[[-73.85834,40.67017],[-73.85961,40.67],[-73.86011,40.66992],[-73.86088,40.66982],[-73.86098,40.6698]]}},{"type":"Feature","properties":{"c":2,"s":"seg_1942055376_1942055354"},"geometry":{"type":"LineString","coordinates":[[-73.859,40.67018],[-73.85916,40.67016]]}},{"type":"Feature","properties":{"c":2,"s":"seg_1942055376_1942055354"},"geometry":{"type":"LineString","coordinates":[[-73.85823,40.67029],[-73.859,40.67018]]}},{"type":"Feature","properties":{"c":2,"s":"seg_597728004_597748756"},"geometry":{"type":"LineString","coordinates":[[-73.90713,40.67624],[-73.90745,40.67625],[-73.90786,40.67628],[-73.90793,40.67628],[-73.90802,40.67628]]}},{"type":"Feature","properties":{"c":2,"s":"seg_42491856_42511753"},"geometry":{"type":"LineString","coordinates":[[-73.93747,40.62198],[-73.93738,40.62201],[-73.93697,40.62215],[-73.93672,40.62223],[-73.93654,40.62231]]}},{"type":"Feature","properties":{"c":1,"s":"seg_42489678_42520476"},"geometry":{"type":"LineString","coordinates":[[-73.95258,40.61113],[-73.9525,40.61114],[-73.95208,40.61122]]}},{"type":"Feature","properties":{"c":2,"s":"seg_42489678_42520476"},"geometry":{"type":"LineString","coordinates":[[-73.95075,40.6115],[-73.95067,40.61153],[-73.95064,40.61154],[-73.95001,40.6121],[-73.94993,40.61217]]}},{"type":"Feature","properties":{"c":2,"s":"seg_42489678_42520476"},"geometry":{"type":"LineString","coordinates":[[-73.95079,40.61175],[-73.95088,40.61171],[-73.95099,40.61166],[-73.9516,40.61143],[-73.95169,40.6114]]}},{"type":"Feature","properties":{"c":2,"s":"seg_42489678_42520476"},"geometry":{"type":"LineString","coordinates":[[-73.94993,40.61217],[-73.94987,40.61222],[-73.9492,40.61284],[-73.9491,40.61293]]}},{"type":"Feature","properties":{"c":2,"s":"seg_42489678_42520476"},"geometry":{"type":"LineString","coordinates":[[-73.95,40.61246],[-73.95006,40.61241],[-73.95072,40.61181],[-73.95079,40.61175]]}},{"type":"Feature","properties":{"c":2,"s":"seg_42489678_42520476"},"geometry":{"type":"LineString","coordinates":[[-73.9491,40.61293],[-73.94901,40.61299],[-73.94832,40.61346],[-73.94824,40.61352]]}},{"type":"Feature","properties":{"c":2,"s":"seg_42489678_42520476"},"geometry":{"type":"LineString","coordinates":[[-73.94914,40.61322],[-73.94925,40.61314],[-73.94925,40.61314],[-73.94992,40.61253],[-73.95,40.61246]]}},{"type":"Feature","properties":{"c":2,"s":"seg_42489678_42520476"},"geometry":{"type":"LineString","coordinates":[[-73.94772,40.61418],[-73.94823,40.61383],[-73.94832,40.61377],[-73.94839,40.61373],[-73.94904,40.61329],[-73.94914,40.61322]]}},{"type":"Feature","properties":{"c":2,"s":"seg_42464505_42481782"},"geometry":{"type":"LineString","coordinates":[[-73.94655,40.61467],[-73.94649,40.61471],[-73.9458,40.61518],[-73.94571,40.61524]]}},{"type":"Feature","properties":{"c":2,"s":"seg_42464505_42481782"},"geometry":{"type":"LineString","coordinates":[[-73.94659,40.61492],[-73.94667,40.61487],[-73.94737,40.6144],[-73.94743,40.61436]]}},{"type":"Feature","properties":{"c":2,"s":"seg_42464505_42481782"},"geometry":{"type":"LineString","coordinates":[[-73.94571,40.61524],[-73.94564,40.61529],[-73.94498,40.61577],[-73.94493,40.61581],[-73.9448,40.6159]]}},{"type":"Feature","properties":{"c":2,"s":"seg_42464505_42481782"},"geometry":{"type":"LineString","coordinates":[[-73.94576,40.6155],[-73.94584,40.61544],[-73.94653,40.61497],[-73.94659,40.61492]]}},{"type":"Feature","properties":{"c":2,"s":"seg_42464505_42481782"},"geometry":{"type":"LineString","coordinates":[[-73.9448,40.6159],[-73.94464,40.61603],[-73.94459,40.61608]]}},{"type":"Feature","properties":{"c":2,"s":"seg_42464505_42481782"},"geometry":{"type":"LineString","coordinates":[[-73.94486,40.61619],[-73.94498,40.6161],[-73.94568,40.61556],[-73.94576,40.6155]]}},{"type":"Feature","properties":{"c":2,"s":"seg_42464505_42481782"},"geometry":{"type":"LineString","coordinates":[[-73.94394,40.61665],[-73.94388,40.61672],[-73.94331,40.61733],[-73.94324,40.61741]]}},{"type":"Feature","properties":{"c":2,"s":"seg_42464505_42481782"},"geometry":{"type":"LineString","coordinates":[[-73.94365,40.61737],[-73.94372,40.61729],[-73.94392,40.61707],[-73.944,40.61699]]}},{"type":"Feature","properties":{"c":3,"s":"seg_2356694563_42480221"},"geometry":{"type":"LineString","coordinates":[[-73.96879,40.57639],[-73.96882,40.57628]]}},{"type":"Feature","properties":{"c":3,"s":"seg_2356694563_42480221"},"geometry":{"type":"LineString","coordinates":[[-73.96788,40.58039],[-73.96791,40.58026]]}},{"type":"Feature","properties":{"c":3,"s":"seg_2356694563_42480221"},"geometry":{"type":"LineString","coordinates":[[-73.96761,40.58157],[-73.96764,40.58148],[-73.96783,40.58058],[-73.96785,40.58049],[-73.96788,40.58039]]}},{"type":"Feature","properties":{"c":3,"s":"seg_2356694563_42480221"},"geometry":{"type":"LineString","coordinates":[[-73.96665,40.58332],[-73.96653,40.58382],[-73.96644,40.58421],[-73.96635,40.58458]]}},{"type":"Feature","properties":{"c":3,"s":"seg_2356694563_42480221"},"geometry":{"type":"LineString","coordinates":[[-73.96719,40.58341],[-73.96721,40.58332],[-73.96728,40.58298],[-73.9673,40.58292]]}},{"type":"Feature","properties":{"c":3,"s":"seg_2356694563_42480221"},"geometry":{"type":"LineString","coordinates":[[-73.96692,40.58456],[-73.96694,40.5845],[-73.96701,40.58419],[-73.9671,40.58379],[-73.96717,40.58349],[-73.96719,40.58341]]}},{"type":"Feature","properties":{"c":3,"s":"seg_2356694563_42480221"},"geometry":{"type":"LineString","coordinates":[[-73.96635,40.58458],[-73.96634,40.58465],[-73.96627,40.58492]]}},{"type":"Feature","properties":{"c":3,"s":"seg_2356694563_42480221"},"geometry":{"type":"LineString","coordinates":[[-73.96683,40.58496],[-73.96689,40.58472],[-73.9669,40.58464],[-73.96692,40.58456]]}},{"type":"Feature","properties":{"c":3,"s":"seg_2356694563_42480221"},"geometry":{"type":"LineString","coordinates":[[-73.96679,40.58513],[-73.96683,40.58496]]}},{"type":"Feature","properties":{"c":3,"s":"seg_2356694563_42480221"},"geometry":{"type":"LineString","coordinates":[[-73.96662,40.58587],[-73.96668,40.5856],[-73.96672,40.58544]]}},{"type":"Feature","properties":{"c":3,"s":"seg_2356694563_42480221"},"geometry":{"type":"LineString","coordinates":[[-73.96644,40.58664],[-73.96646,40.58656],[-73.96662,40.58587]]}},{"type":"Feature","properties":{"c":3,"s":"seg_2356694563_42480221"},"geometry":{"type":"LineString","coordinates":[[-73.96586,40.5867],[-73.96584,40.58679],[-73.96568,40.58747]]}},{"type":"Feature","properties":{"c":3,"s":"seg_2356694563_42480221"},"geometry":{"type":"LineString","coordinates":[[-73.96627,40.58739],[-73.96641,40.58677],[-73.96642,40.58673],[-73.96644,40.58664]]}},{"type":"Feature","properties":{"c":3,"s":"seg_2356694563_42480221"},"geometry":{"type":"LineString","coordinates":[[-73.96568,40.58747],[-73.96552,40.58817]]}},{"type":"Feature","properties":{"c":3,"s":"seg_2356694563_42480221"},"geometry":{"type":"LineString","coordinates":[[-73.96611,40.5881],[-73.96627,40.58739]]}},{"type":"Feature","properties":{"c":3,"s":"seg_2356694563_42480221"},"geometry":{"type":"LineString","coordinates":[[-73.96552,40.58817],[-73.96538,40.5888],[-73.96537,40.58884],[-73.96535,40.58892]]}},{"type":"Feature","properties":{"c":3,"s":"seg_2356694563_42480221"},"geometry":{"type":"LineString","coordinates":[[-73.96593,40.58886],[-73.96595,40.58877],[-73.96611,40.5881]]}},{"type":"Feature","properties":{"c":3,"s":"seg_42508867_42508875"},"geometry":{"type":"LineString","coordinates":[[-73.96535,40.58892],[-73.96533,40.58901],[-73.96518,40.58968]]}},{"type":"Feature","properties":{"c":3,"s":"seg_42508867_42508875"},"geometry":{"type":"LineString","coordinates":[[-73.96575,40.58961],[-73.96589,40.589],[-73.96591,40.58894],[-73.96593,40.58886]]}},{"type":"Feature","properties":{"c":3,"s":"seg_42508867_42508875"},"geometry":{"type":"LineString","coordinates":[[-73.96518,40.58968],[-73.96506,40.59022],[-73.96501,40.5904]]}},{"type":"Feature","properties":{"c":3,"s":"seg_42508867_42508875"},"geometry":{"type":"LineString","coordinates":[[-73.96559,40.59032],[-73.96565,40.59007],[-73.96575,40.58961]]}},{"type":"Feature","properties":{"c":3,"s":"seg_42508867_42508875"},"geometry":{"type":"LineString","coordinates":[[-73.96501,40.5904],[-73.96487,40.59101],[-73.96486,40.59106],[-73.96484,40.59114]]}},{"type":"Feature","properties":{"c":3,"s":"seg_42508867_42508875"},"geometry":{"type":"LineString","coordinates":[[-73.96542,40.59108],[-73.96544,40.591],[-73.96559,40.59032]]}},{"type":"Feature","properties":{"c":3,"s":"seg_42508867_42508875"},"geometry":{"type":"LineString","coordinates":[[-73.96484,40.59114],[-73.96482,40.59123],[-73.96466,40.59189]]}},{"type":"Feature","properties":{"c":3,"s":"seg_42508867_42508875"},"geometry":{"type":"LineString","coordinates":[[-73.96523,40.59183],[-73.96539,40.59121],[-73.9654,40.59116],[-73.96542,40.59108]]}},{"type":"Feature","properties":{"c":3,"s":"seg_42508867_42508875"},"geometry":{"type":"LineString","coordinates":[[-73.96466,40.59189],[-73.96451,40.59262]]}},{"type":"Feature","properties":{"c":3,"s":"seg_42508867_42508875"},"geometry":{"type":"LineString","coordinates":[[-73.96451,40.59262],[-73.96437,40.59323],[-73.96436,40.59328],[-73.96435,40.59336]]}},{"type":"Feature","properties":{"c":3,"s":"seg_42508867_42508875"},"geometry":{"type":"LineString","coordinates":[[-73.96492,40.5933],[-73.96493,40.59321],[-73.96523,40.59183]]}},{"type":"Feature","properties":{"c":3,"s":"seg_42508867_42508875"},"geometry":{"type":"LineString","coordinates":[[-73.96435,40.59336],[-73.96436,40.59345],[-73.96452,40.59429],[-73.96453,40.59435],[-73.96454,40.5944]]}},{"type":"Feature","properties":{"c":3,"s":"seg_42508867_42508875"},"geometry":{"type":"LineString","coordinates":[[-73.96454,40.5944],[-73.96456,40.59446],[-73.96478,40.59563],[-73.96478,40.59567],[-73.9648,40.59575]]}},{"type":"Feature","properties":{"c":3,"s":"seg_42508867_42508875"},"geometry":{"type":"LineString","coordinates":[[-73.96512,40.59446],[-73.96492,40.59344],[-73.96492,40.59339],[-73.96492,40.5933]]}},{"type":"Feature","properties":{"c":3,"s":"seg_42508867_42508875"},"geometry":{"type":"LineString","coordinates":[[-73.96535,40.59568],[-73.96534,40.59561],[-73.96512,40.59446]]}},{"type":"Feature","properties":{"c":3,"s":"seg_42508845_42508849"},"geometry":{"type":"LineString","coordinates":[[-73.9648,40.59575],[-73.96482,40.59583],[-73.96519,40.59774],[-73.9652,40.59779],[-73.96521,40.59787]]}},{"type":"Feature","properties":{"c":3,"s":"seg_42508845_42508849"},"geometry":{"type":"LineString","coordinates":[[-73.96575,40.59781],[-73.96574,40.59773],[-73.96538,40.59582],[-73.96537,40.59577],[-73.96535,40.59568]]}},{"type":"Feature","properties":{"c":3,"s":"seg_42508845_42508849"},"geometry":{"type":"LineString","coordinates":[[-73.96521,40.59787],[-73.96523,40.59795],[-73.96561,40.59999],[-73.96562,40.60004],[-73.96564,40.60012]]}},{"type":"Feature","properties":{"c":3,"s":"seg_42508845_42508849"},"geometry":{"type":"LineString","coordinates":[[-73.96617,40.60006],[-73.96616,40.59998],[-73.96604,40.59934],[-73.96587,40.59843],[-73.96578,40.59794],[-73.96577,40.59789],[-73.96575,40.59781]]}},{"type":"Feature","properties":{"c":3,"s":"seg_42508841_42508845"},"geometry":{"type":"LineString","coordinates":[[-73.96564,40.60012],[-73.96565,40.6002],[-73.96606,40.60238],[-73.96607,40.60243],[-73.96609,40.60251]]}},{"type":"Feature","properties":{"c":3,"s":"seg_42508841_42508845"},"geometry":{"type":"LineString","coordinates":[[-73.96663,40.60246],[-73.96662,40.60237],[-73.9662,40.6002],[-73.96619,40.60015],[-73.96617,40.60006]]}},{"type":"Feature","properties":{"c":3,"s":"seg_42508841_42508845"},"geometry":{"type":"LineString","coordinates":[[-73.96609,40.60251],[-73.9661,40.6026],[-73.96651,40.60471],[-73.96652,40.60475],[-73.96653,40.60484]]}},{"type":"Feature","properties":{"c":3,"s":"seg_42508841_42508845"},"geometry":{"type":"LineString","coordinates":[[-73.96653,40.60484],[-73.96655,40.60493],[-73.96669,40.60567],[-73.96671,40.60576]]}},{"type":"Feature","properties":{"c":3,"s":"seg_42508841_42508845"},"geometry":{"type":"LineString","coordinates":[[-73.96671,40.60576],[-73.96672,40.60584],[-73.96697,40.60717],[-73.96698,40.60722],[-73.96699,40.6073]]}},{"type":"Feature","properties":{"c":3,"s":"seg_42508841_42508845"},"geometry":{"type":"LineString","coordinates":[[-73.96754,40.60723],[-73.96752,40.60715],[-73.96724,40.60566],[-73.96723,40.60558]]}},{"type":"Feature","properties":{"c":3,"s":"seg_42508808_42508812"},"geometry":{"type":"LineString","coordinates":[[-73.96699,40.6073],[-73.96701,40.60738],[-73.96738,40.60934],[-73.9674,40.60944]]}},{"type":"Feature","properties":{"c":3,"s":"seg_42508808_42508812"},"geometry":{"type":"LineString","coordinates":[[-73.96794,40.60938],[-73.96792,40.60928],[-73.96775,40.60845],[-73.96756,40.60737],[-73.96756,40.60732],[-73.96754,40.60723]]}},{"type":"Feature","properties":{"c":3,"s":"seg_42508808_42508812"},"geometry":{"type":"LineString","coordinates":[[-73.9674,40.60944],[-73.96742,40.60955],[-73.96786,40.61187],[-73.96787,40.61191],[-73.96788,40.61199]]}},{"type":"Feature","properties":{"c":3,"s":"seg_42508808_42508812"},"geometry":{"type":"LineString","coordinates":[[-73.96843,40.61193],[-73.96842,40.61186],[-73.96796,40.60949],[-73.96794,40.60938]]}},{"type":"Feature","properties":{"c":3,"s":"seg_42508808_42508812"},"geometry":{"type":"LineString","coordinates":[[-73.96788,40.61199],[-73.9679,40.61208],[-73.96836,40.61454],[-73.96837,40.61459],[-73.96838,40.61465]]}},{"type":"Feature","properties":{"c":3,"s":"seg_42508808_42508812"},"geometry":{"type":"LineString","coordinates":[[-73.96888,40.61426],[-73.96876,40.61366],[-73.96863,40.61297],[-73.96846,40.61207],[-73.96845,40.61201],[-73.96843,40.61193]]}},{"type":"Feature","properties":{"c":3,"s":"seg_42508808_42508812"},"geometry":{"type":"LineString","coordinates":[[-73.96893,40.61459],[-73.96892,40.61452],[-73.96888,40.61426]]}},{"type":"Feature","properties":{"c":3,"s":"seg_42508808_42508812"},"geometry":{"type":"LineString","coordinates":[[-73.96838,40.61465],[-73.9684,40.61473],[-73.96881,40.61689],[-73.96882,40.61693],[-73.96882,40.61696],[-73.96884,40.61705]]}},{"type":"Feature","properties":{"c":3,"s":"seg_42508808_42508812"},"geometry":{"type":"LineString","coordinates":[[-73.96938,40.61698],[-73.96937,40.61691],[-73.96904,40.61518],[-73.96896,40.61472],[-73.96895,40.61468],[-73.96893,40.61459]]}},{"type":"Feature","properties":{"c":3,"s":"seg_42508786_42508803"},"geometry":{"type":"LineString","coordinates":[[-73.96884,40.61705],[-73.96886,40.61713],[-73.969,40.61788],[-73.96926,40.61931],[-73.96927,40.61935],[-73.96928,40.61944]]}},{"type":"Feature","properties":{"c":3,"s":"seg_42508786_42508803"},"geometry":{"type":"LineString","coordinates":[[-73.96984,40.61938],[-73.96982,40.6193],[-73.96967,40.61849],[-73.96941,40.61713],[-73.9694,40.61708],[-73.96938,40.61698]]}},{"type":"Feature","properties":{"c":3,"s":"seg_42508786_42508803"},"geometry":{"type":"LineString","coordinates":[[-73.96928,40.61944],[-73.9693,40.61952],[-73.96971,40.62171],[-73.96971,40.62174],[-73.96973,40.62183]]}},{"type":"Feature","properties":{"c":3,"s":"seg_42508786_42508803"},"geometry":{"type":"LineString","coordinates":[[-73.96973,40.62183],[-73.96975,40.62193],[-73.96988,40.62256],[-73.96991,40.62272],[-73.96996,40.62296],[-73.97007,40.62352],[-73.97018,40.62413],[-73.9702,40.62422]]}},{"type":"Feature","properties":{"c":3,"s":"seg_42508786_42508803"},"geometry":{"type":"LineString","coordinates":[[-73.97075,40.62416],[-73.97073,40.62407],[-73.97065,40.62364],[-73.9705,40.62292],[-73.97046,40.62268],[-73.97027,40.62169],[-73.97025,40.6216],[-73.96995,40.61995],[-73.96986,40.61951],[-73.96985,40.61946],[-73.96984,40.61938]]}},{"type":"Feature","properties":{"c":3,"s":"seg_42468913_42508786"},"geometry":{"type":"LineString","coordinates":[[-73.9702,40.62422],[-73.97022,40.6243],[-73.97035,40.62503],[-73.97043,40.62548],[-73.97062,40.62647],[-73.97062,40.62652],[-73.97064,40.62661]]}},{"type":"Feature","properties":{"c":3,"s":"seg_42468913_42508786"},"geometry":{"type":"LineString","coordinates":[[-73.97119,40.62655],[-73.97117,40.62646],[-73.9711,40.62607],[-73.97108,40.62596]]}},{"type":"Feature","properties":{"c":3,"s":"seg_42468913_42508786"},"geometry":{"type":"LineString","coordinates":[[-73.97064,40.62661],[-73.97066,40.6267],[-73.97107,40.62885],[-73.97108,40.62891],[-73.97109,40.62898]]}},{"type":"Feature","properties":{"c":3,"s":"seg_42468913_42508786"},"geometry":{"type":"LineString","coordinates":[[-73.97139,40.62756],[-73.97137,40.6275],[-73.97122,40.62669],[-73.97121,40.62665],[-73.97119,40.62655]]}},{"type":"Feature","properties":{"c":3,"s":"seg_42468913_42508786"},"geometry":{"type":"LineString","coordinates":[[-73.97109,40.62898],[-73.97111,40.62906],[-73.97119,40.62947],[-73.97128,40.62996],[-73.97129,40.63002],[-73.97131,40.63012]]}},{"type":"Feature","properties":{"c":3,"s":"seg_42468913_42508786"},"geometry":{"type":"LineString","coordinates":[[-73.97183,40.62987],[-73.97181,40.62978],[-73.97154,40.62832],[-73.9714,40.62762],[-73.97139,40.62756]]}},{"type":"Feature","properties":{"c":3,"s":"seg_42508585_42508588"},"geometry":{"type":"LineString","coordinates":[[-73.97131,40.63012],[-73.97133,40.6302],[-73.97144,40.63081],[-73.97145,40.63087]]}},{"type":"Feature","properties":{"c":3,"s":"seg_42508841_42508845"},"geometry":{"type":"LineString","coordinates":[[-73.96707,40.60477],[-73.96706,40.6047],[-73.96696,40.60419],[-73.96692,40.60396],[-73.96666,40.60258],[-73.96665,40.60254],[-73.96663,40.60246]]}},{"type":"Feature","properties":{"c":3,"s":"seg_42508841_42508845"},"geometry":{"type":"LineString","coordinates":[[-73.96723,40.60558],[-73.96721,40.60548],[-73.9671,40.6049],[-73.96709,40.60486],[-73.96707,40.60477]]}},{"type":"Feature","properties":{"c":3,"s":"seg_2356694563_42480221"},"geometry":{"type":"LineString","coordinates":[[-73.96807,40.57955],[-73.96819,40.579],[-73.96823,40.57883],[-73.96826,40.5787],[-73.96829,40.57857],[-73.96831,40.5785]]}},{"type":"Feature","properties":{"c":3,"s":"seg_2356694563_42480221"},"geometry":{"type":"LineString","coordinates":[[-73.9673,40.58292],[-73.96758,40.5817],[-73.96759,40.58166],[-73.96761,40.58157]]}},{"type":"Feature","properties":{"c":2,"s":"seg_2356694563_42480221"},"geometry":{"type":"LineString","coordinates":[[-73.9671,40.58255],[-73.96707,40.5826]]}},{"type":"Feature","properties":{"c":3,"s":"seg_2356694563_42480221"},"geometry":{"type":"LineString","coordinates":[[-73.96731,40.58041],[-73.96729,40.58051],[-73.96704,40.58159],[-73.96675,40.58286],[-73.96675,40.58288]]}},{"type":"Feature","properties":{"c":1,"s":"seg_42489678_42520476"},"geometry":{"type":"LineString","coordinates":[[-73.95323,40.61076],[-73.95307,40.61086],[-73.9527,40.61103],[-73.95265,40.61107],[-73.95258,40.61113]]}},{"type":"Feature","properties":{"c":2,"s":"seg_42489678_42520476"},"geometry":{"type":"LineString","coordinates":[[-73.95323,40.61076],[-73.95264,40.61098],[-73.95256,40.61101]]}},{"type":"Feature","properties":{"c":3,"s":"seg_42469045_42469047"},"geometry":{"type":"LineString","coordinates":[[-74.00061,40.59549],[-74.00069,40.59542],[-74.00079,40.59533],[-74.00099,40.59512],[-74.00107,40.59501]]}},{"type":"Feature","properties":{"c":2,"s":"seg_3611735243_13185917109"},"geometry":{"type":"LineString","coordinates":[[-73.92758,40.63488],[-73.92728,40.6352],[-73.92721,40.63527]]}},{"type":"Feature","properties":{"c":2,"s":"seg_3611735243_13185917109"},"geometry":{"type":"LineString","coordinates":[[-73.92767,40.63525],[-73.92775,40.63516],[-73.92808,40.63482],[-73.92818,40.63471],[-73.9284,40.63447],[-73.92853,40.63432]]}},{"type":"Feature","properties":{"c":2,"s":"seg_3611735243_13185917109"},"geometry":{"type":"LineString","coordinates":[[-73.92721,40.63527],[-73.92714,40.63537],[-73.92691,40.6357],[-73.92687,40.63577],[-73.92685,40.6358],[-73.92674,40.63594]]}},{"type":"Feature","properties":{"c":2,"s":"seg_3611735243_13185917109"},"geometry":{"type":"LineString","coordinates":[[-73.92674,40.63594],[-73.92661,40.63614]]}},{"type":"Feature","properties":{"c":2,"s":"seg_3611735243_13185917109"},"geometry":{"type":"LineString","coordinates":[[-73.92661,40.63614],[-73.9265,40.6363]]}},{"type":"Feature","properties":{"c":2,"s":"seg_42493581_42530731"},"geometry":{"type":"LineString","coordinates":[[-73.92595,40.64],[-73.926,40.63991],[-73.9262,40.63958]]}},{"type":"Feature","properties":{"c":2,"s":"seg_42493581_42530731"},"geometry":{"type":"LineString","coordinates":[[-73.92563,40.63998],[-73.9256,40.6401],[-73.92555,40.64037]]}},{"type":"Feature","properties":{"c":2,"s":"seg_42493581_42530731"},"geometry":{"type":"LineString","coordinates":[[-73.92555,40.64037],[-73.92549,40.64074],[-73.92548,40.64082],[-73.9254,40.64122]]}},{"type":"Feature","properties":{"c":2,"s":"seg_42493581_42530731"},"geometry":{"type":"LineString","coordinates":[[-73.92534,40.64159],[-73.92522,40.64231],[-73.92521,40.6424]]}},{"type":"Feature","properties":{"c":2,"s":"seg_42493581_42530731"},"geometry":{"type":"LineString","coordinates":[[-73.92549,40.6425],[-73.9255,40.64247],[-73.92551,40.64238]]}},{"type":"Feature","properties":{"c":2,"s":"seg_42467702_10694159060"},"geometry":{"type":"LineString","coordinates":[[-73.92497,40.64359],[-73.92482,40.64455]]}},{"type":"Feature","properties":{"c":2,"s":"seg_42493581_42530731"},"geometry":{"type":"LineString","coordinates":[[-73.92531,40.64361],[-73.92549,40.6425]]}},{"type":"Feature","properties":{"c":3,"s":"seg_42493581_42530731"},"geometry":{"type":"LineString","coordinates":[[-73.92531,40.64361],[-73.92536,40.64362],[-73.92551,40.64363],[-73.92553,40.64363],[-73.92561,40.64364]]}},{"type":"Feature","properties":{"c":2,"s":"seg_42467702_10694159060"},"geometry":{"type":"LineString","coordinates":[[-73.92482,40.64455],[-73.9248,40.64464],[-73.92478,40.64475]]}},{"type":"Feature","properties":{"c":2,"s":"seg_42467702_10694159060"},"geometry":{"type":"LineString","coordinates":[[-73.9251,40.64473],[-73.92512,40.64461],[-73.92526,40.6439]]}},{"type":"Feature","properties":{"c":2,"s":"seg_42467702_10694159060"},"geometry":{"type":"LineString","coordinates":[[-73.92478,40.64475],[-73.92476,40.64484],[-73.92473,40.64495]]}},{"type":"Feature","properties":{"c":2,"s":"seg_42467702_10694159060"},"geometry":{"type":"LineString","coordinates":[[-73.92491,40.64577],[-73.92496,40.64546]]}},{"type":"Feature","properties":{"c":2,"s":"seg_42467702_10694159060"},"geometry":{"type":"LineString","coordinates":[[-73.92476,40.64663],[-73.92477,40.64656],[-73.92491,40.64577]]}},{"type":"Feature","properties":{"c":2,"s":"seg_42467702_10694159060"},"geometry":{"type":"LineString","coordinates":[[-73.92444,40.64665],[-73.92442,40.64675],[-73.92431,40.64736]]}},{"type":"Feature","properties":{"c":2,"s":"seg_42467702_10694159060"},"geometry":{"type":"LineString","coordinates":[[-73.92425,40.6477],[-73.92416,40.64819]]}},{"type":"Feature","properties":{"c":2,"s":"seg_42467702_10694159060"},"geometry":{"type":"LineString","coordinates":[[-73.92442,40.64854],[-73.92443,40.64845],[-73.92462,40.6474]]}},{"type":"Feature","properties":{"c":2,"s":"seg_42467702_10694159060"},"geometry":{"type":"LineString","coordinates":[[-73.9241,40.64856],[-73.92408,40.64864],[-73.92403,40.64892],[-73.92401,40.64898],[-73.92392,40.6492],[-73.92371,40.6498]]}},{"type":"Feature","properties":{"c":2,"s":"seg_42491856_42511753"},"geometry":{"type":"LineString","coordinates":[[-73.9391,40.62147],[-73.93902,40.6215],[-73.93831,40.62172],[-73.93821,40.62176]]}},{"type":"Feature","properties":{"c":2,"s":"seg_42491856_42511753"},"geometry":{"type":"LineString","coordinates":[[-73.93914,40.62167],[-73.93922,40.62165],[-73.93944,40.62158],[-73.9399,40.62136],[-73.93993,40.62135],[-73.94002,40.6213]]}},{"type":"Feature","properties":{"c":2,"s":"seg_42491856_42511753"},"geometry":{"type":"LineString","coordinates":[[-73.93821,40.62176],[-73.93813,40.62178],[-73.93756,40.62195],[-73.93747,40.62198]]}},{"type":"Feature","properties":{"c":2,"s":"seg_42491856_42511753"},"geometry":{"type":"LineString","coordinates":[[-73.93825,40.62199],[-73.93834,40.62196],[-73.93905,40.6217],[-73.93914,40.62167]]}},{"type":"Feature","properties":{"c":2,"s":"seg_42491856_42511753"},"geometry":{"type":"LineString","coordinates":[[-73.93654,40.62231],[-73.9364,40.62237],[-73.93593,40.62265],[-73.93578,40.62282],[-73.93571,40.62298],[-73.93554,40.62338]]}},{"type":"Feature","properties":{"c":2,"s":"seg_42491856_42511753"},"geometry":{"type":"LineString","coordinates":[[-73.93673,40.62249],[-73.93688,40.62244],[-73.93747,40.62224],[-73.93755,40.62221]]}},{"type":"Feature","properties":{"c":2,"s":"seg_42491856_42511753"},"geometry":{"type":"LineString","coordinates":[[-73.9358,40.62351],[-73.93585,40.62338]]}},{"type":"Feature","properties":{"c":2,"s":"seg_42491856_42511753"},"geometry":{"type":"LineString","coordinates":[[-73.93537,40.62379],[-73.93533,40.62385],[-73.93531,40.62388],[-73.93477,40.62435]]}},{"type":"Feature","properties":{"c":2,"s":"seg_42491856_42511753"},"geometry":{"type":"LineString","coordinates":[[-73.93558,40.62398],[-73.93561,40.62391],[-73.9358,40.62351]]}},{"type":"Feature","properties":{"c":2,"s":"seg_42491856_42511753"},"geometry":{"type":"LineString","coordinates":[[-73.93477,40.62435],[-73.93421,40.62484],[-73.93393,40.62507]]}},{"type":"Feature","properties":{"c":2,"s":"seg_42491856_42511753"},"geometry":{"type":"LineString","coordinates":[[-73.93449,40.62493],[-73.93492,40.62455]]}},{"type":"Feature","properties":{"c":2,"s":"seg_42493127_42530659"},"geometry":{"type":"LineString","coordinates":[[-73.93382,40.62552],[-73.93413,40.62524],[-73.93449,40.62493]]}},{"type":"Feature","properties":{"c":2,"s":"seg_42493127_42530659"},"geometry":{"type":"LineString","coordinates":[[-73.93256,40.62645],[-73.93228,40.62672],[-73.93221,40.62686],[-73.93218,40.62701],[-73.93219,40.62717],[-73.93231,40.62781],[-73.93233,40.62789]]}},{"type":"Feature","properties":{"c":2,"s":"seg_42493127_42530659"},"geometry":{"type":"LineString","coordinates":[[-73.93245,40.62863],[-73.93246,40.6299],[-73.93238,40.63012],[-73.93233,40.63018],[-73.93225,40.63026]]}},{"type":"Feature","properties":{"c":2,"s":"seg_42493127_42530659"},"geometry":{"type":"LineString","coordinates":[[-73.9329,40.62992],[-73.93277,40.62865]]}},{"type":"Feature","properties":{"c":2,"s":"seg_42493127_42530659"},"geometry":{"type":"LineString","coordinates":[[-73.93225,40.63026],[-73.93214,40.63035],[-73.932,40.63046]]}},{"type":"Feature","properties":{"c":2,"s":"seg_42493127_42530659"},"geometry":{"type":"LineString","coordinates":[[-73.932,40.63046],[-73.93125,40.63113],[-73.93112,40.63124]]}},{"type":"Feature","properties":{"c":2,"s":"seg_42493127_42530659"},"geometry":{"type":"LineString","coordinates":[[-73.93204,40.6308],[-73.93257,40.63032],[-73.9326,40.63029],[-73.93265,40.63023]]}},{"type":"Feature","properties":{"c":2,"s":"seg_42493127_42530659"},"geometry":{"type":"LineString","coordinates":[[-73.93112,40.63124],[-73.93103,40.63134],[-73.93034,40.63205]]}},{"type":"Feature","properties":{"c":2,"s":"seg_42493127_42530659"},"geometry":{"type":"LineString","coordinates":[[-73.93116,40.6316],[-73.93126,40.63151],[-73.93185,40.63097]]}},{"type":"Feature","properties":{"c":2,"s":"seg_3611735243_13185917109"},"geometry":{"type":"LineString","coordinates":[[-73.93025,40.63214],[-73.92971,40.63268],[-73.92964,40.63277]]}},{"type":"Feature","properties":{"c":2,"s":"seg_42493127_42530659"},"geometry":{"type":"LineString","coordinates":[[-73.93029,40.63248],[-73.93042,40.63237],[-73.93106,40.63171],[-73.93116,40.6316]]}},{"type":"Feature","properties":{"c":2,"s":"seg_3611735243_13185917109"},"geometry":{"type":"LineString","coordinates":[[-73.93004,40.63274],[-73.93012,40.63266],[-73.93029,40.63248]]}},{"type":"Feature","properties":{"c":2,"s":"seg_3611735243_13185917109"},"geometry":{"type":"LineString","coordinates":[[-73.92964,40.63277],[-73.92954,40.63287],[-73.92938,40.63302]]}},{"type":"Feature","properties":{"c":2,"s":"seg_3611735243_13185917109"},"geometry":{"type":"LineString","coordinates":[[-73.92938,40.63302],[-73.92932,40.63309],[-73.92924,40.63317],[-73.92908,40.63333],[-73.92863,40.63378],[-73.92848,40.63393]]}},{"type":"Feature","properties":{"c":2,"s":"seg_3611735243_13185917109"},"geometry":{"type":"LineString","coordinates":[[-73.92942,40.63338],[-73.92964,40.63315],[-73.92977,40.63302],[-73.92988,40.63291],[-73.92995,40.63284],[-73.93004,40.63274]]}},{"type":"Feature","properties":{"c":2,"s":"seg_3611735243_13185917109"},"geometry":{"type":"LineString","coordinates":[[-73.92918,40.63362],[-73.92942,40.63338]]}},{"type":"Feature","properties":{"c":2,"s":"seg_3611735243_13185917109"},"geometry":{"type":"LineString","coordinates":[[-73.92848,40.63393],[-73.92835,40.63406],[-73.92771,40.63474]]}},{"type":"Feature","properties":{"c":2,"s":"seg_3611735243_13185917109"},"geometry":{"type":"LineString","coordinates":[[-73.92853,40.63432],[-73.92866,40.63417],[-73.92912,40.63368],[-73.92918,40.63362]]}},{"type":"Feature","properties":{"c":2,"s":"seg_42464505_42481782"},"geometry":{"type":"LineString","coordinates":[[-73.944,40.61699],[-73.94408,40.61691],[-73.94418,40.6168],[-73.94432,40.61667],[-73.94435,40.61665],[-73.94455,40.61646],[-73.94471,40.61633],[-73.94473,40.61631],[-73.94486,40.61619]]}},{"type":"Feature","properties":{"c":2,"s":"seg_42464505_42481782"},"geometry":{"type":"LineString","coordinates":[[-73.94324,40.61741],[-73.94315,40.61752],[-73.94247,40.6183],[-73.94238,40.61841]]}},{"type":"Feature","properties":{"c":2,"s":"seg_42464505_42481782"},"geometry":{"type":"LineString","coordinates":[[-73.94323,40.61787],[-73.94357,40.61746],[-73.94365,40.61737]]}},{"type":"Feature","properties":{"c":2,"s":"seg_42464505_42481782"},"geometry":{"type":"LineString","coordinates":[[-73.94238,40.61841],[-73.94232,40.61848],[-73.94165,40.61928]]}},{"type":"Feature","properties":{"c":2,"s":"seg_42464505_42481782"},"geometry":{"type":"LineString","coordinates":[[-73.94245,40.61876],[-73.94252,40.61868],[-73.94256,40.61864],[-73.94323,40.61787]]}},{"type":"Feature","properties":{"c":2,"s":"seg_42464505_42481782"},"geometry":{"type":"LineString","coordinates":[[-73.94165,40.61928],[-73.94152,40.61943],[-73.94144,40.61951],[-73.94133,40.61959]]}},{"type":"Feature","properties":{"c":1,"s":"seg_42464505_42481782"},"geometry":{"type":"LineString","coordinates":[[-73.94162,40.61977],[-73.94163,40.61966],[-73.94164,40.61962],[-73.94169,40.61954],[-73.94174,40.61945],[-73.94179,40.61939],[-73.94225,40.61886],[-73.94235,40.61875],[-73.94236,40.61874],[-73.94242,40.61859]]}},{"type":"Feature","properties":{"c":2,"s":"seg_42464505_42481782"},"geometry":{"type":"LineString","coordinates":[[-73.94162,40.61977],[-73.94167,40.61968],[-73.9418,40.61951],[-73.94236,40.61887],[-73.94237,40.61886],[-73.94245,40.61876]]}},{"type":"Feature","properties":{"c":2,"s":"seg_42491856_42511753"},"geometry":{"type":"LineString","coordinates":[[-73.93997,40.62103],[-73.93989,40.62108],[-73.93955,40.62128],[-73.9392,40.62143],[-73.9391,40.62147]]}},{"type":"Feature","properties":{"c":2,"s":"seg_42491856_42511753"},"geometry":{"type":"LineString","coordinates":[[-73.94002,40.6213],[-73.94009,40.62125],[-73.94012,40.62123],[-73.94029,40.62111],[-73.9405,40.62095],[-73.94075,40.62074],[-73.94079,40.6207]]}},{"type":"Feature","properties":{"c":2,"s":"seg_5666512607_2318552253"},"geometry":{"type":"LineString","coordinates":[[-73.94355,40.58359],[-73.94346,40.5836],[-73.94338,40.5836],[-73.94327,40.58361],[-73.94316,40.58362],[-73.94257,40.58364]]}},{"type":"Feature","properties":{"c":2,"s":"seg_5666512607_2318552253"},"geometry":{"type":"LineString","coordinates":[[-73.94963,40.5836],[-73.95034,40.58353],[-73.95043,40.58352]]}},{"type":"Feature","properties":{"c":2,"s":"seg_5666512607_2318552253"},"geometry":{"type":"LineString","coordinates":[[-73.94487,40.58364],[-73.94407,40.5836],[-73.94387,40.58359],[-73.94367,40.58359],[-73.94355,40.58359]]}},{"type":"Feature","properties":{"c":2,"s":"seg_5666512607_2318552253"},"geometry":{"type":"LineString","coordinates":[[-73.94257,40.58364],[-73.94147,40.58375]]}},{"type":"Feature","properties":{"c":2,"s":"seg_5666512607_2318552253"},"geometry":{"type":"LineString","coordinates":[[-73.94147,40.58375],[-73.94072,40.58378]]}},{"type":"Feature","properties":{"c":2,"s":"seg_5666512607_2318552253"},"geometry":{"type":"LineString","coordinates":[[-73.94845,40.58372],[-73.9486,40.58371],[-73.94963,40.5836]]}},{"type":"Feature","properties":{"c":2,"s":"seg_5666512607_2318552253"},"geometry":{"type":"LineString","coordinates":[[-73.94072,40.58378],[-73.93982,40.58381]]}},{"type":"Feature","properties":{"c":2,"s":"seg_5666512607_2318552253"},"geometry":{"type":"LineString","coordinates":[[-73.9474,40.58377],[-73.94831,40.58374],[-73.94845,40.58372]]}},{"type":"Feature","properties":{"c":2,"s":"seg_5666512607_2318552253"},"geometry":{"type":"LineString","coordinates":[[-73.9415,40.58387],[-73.94259,40.58376]]}},{"type":"Feature","properties":{"c":2,"s":"seg_5391643305_5391643312"},"geometry":{"type":"LineString","coordinates":[[-73.93882,40.58396],[-73.9388,40.58384]]}},{"type":"Feature","properties":{"c":2,"s":"seg_5666512607_2318552253"},"geometry":{"type":"LineString","coordinates":[[-73.93882,40.58396],[-73.93891,40.58396],[-73.9394,40.58394],[-73.9398,40.58393]]}},{"type":"Feature","properties":{"c":2,"s":"seg_5666512607_2318552253"},"geometry":{"type":"LineString","coordinates":[[-73.93588,40.58394],[-73.93494,40.58398]]}},{"type":"Feature","properties":{"c":2,"s":"seg_5666512607_2318552253"},"geometry":{"type":"LineString","coordinates":[[-73.93494,40.58398],[-73.9347,40.584],[-73.93444,40.584],[-73.93419,40.58401],[-73.9341,40.58401],[-73.93396,40.58402]]}},{"type":"Feature","properties":{"c":2,"s":"seg_5666512607_2318552253"},"geometry":{"type":"LineString","coordinates":[[-73.93396,40.58402],[-73.93382,40.58402],[-73.93317,40.58404],[-73.93298,40.58406]]}},{"type":"Feature","properties":{"c":2,"s":"seg_5666512607_2318552253"},"geometry":{"type":"LineString","coordinates":[[-73.93298,40.58406],[-73.93257,40.58412],[-73.93237,40.58414],[-73.9323,40.58415],[-73.93205,40.58418]]}},{"type":"Feature","properties":{"c":2,"s":"seg_5666512607_2318552253"},"geometry":{"type":"LineString","coordinates":[[-73.93397,40.58414],[-73.93411,40.58413],[-73.93474,40.58411],[-73.93496,40.5841]]}},{"type":"Feature","properties":{"c":2,"s":"seg_5666512607_2318552253"},"geometry":{"type":"LineString","coordinates":[[-73.93205,40.58418],[-73.93125,40.58424],[-73.9311,40.58424]]}},{"type":"Feature","properties":{"c":2,"s":"seg_5666512607_2318552253"},"geometry":{"type":"LineString","coordinates":[[-73.933,40.58418],[-73.9332,40.58416],[-73.93357,40.58415],[-73.93383,40.58414],[-73.93397,40.58414]]}},{"type":"Feature","properties":{"c":2,"s":"seg_5666512607_2318552253"},"geometry":{"type":"LineString","coordinates":[[-73.93101,40.58441],[-73.93114,40.5844]]}},{"type":"Feature","properties":{"c":2,"s":"seg_42470545_451663024"},"geometry":{"type":"LineString","coordinates":[[-74.03661,40.63657],[-74.03656,40.63664],[-74.03634,40.63689],[-74.03629,40.63694],[-74.03625,40.637],[-74.0362,40.63708],[-74.03612,40.6372],[-74.03606,40.6373]]}},{"type":"Feature","properties":{"c":2,"s":"seg_42470545_451663024"},"geometry":{"type":"LineString","coordinates":[[-74.03606,40.6373],[-74.03604,40.63737],[-74.03602,40.63745],[-74.03602,40.63752],[-74.03603,40.63764],[-74.03604,40.63776],[-74.03608,40.63793],[-74.03609,40.638],[-74.0361,40.6381],[-74.0361,40.6382],[-74.03608,40.63834],[-74.03607,40.63842],[-74.03606,40.63843],[-74.03604,40.63854],[-74.03598,40.63873],[-74.03595,40.63881]]}},{"type":"Feature","properties":{"c":3,"s":"seg_42469045_42469047"},"geometry":{"type":"LineString","coordinates":[[-74.00107,40.59501],[-74.00146,40.59463],[-74.00174,40.59436]]}},{"type":"Feature","properties":{"c":3,"s":"seg_42469045_42469047"},"geometry":{"type":"LineString","coordinates":[[-74.00107,40.59501],[-74.00093,40.59509],[-74.00085,40.59515],[-74.00072,40.59523],[-74.00058,40.59536],[-74.00028,40.59564],[-74.00028,40.59565],[-74.00023,40.59569]]}},{"type":"Feature","properties":{"c":3,"s":"seg_2356694563_42480221"},"geometry":{"type":"LineString","coordinates":[[-73.96791,40.58026],[-73.96793,40.58017],[-73.96803,40.57973],[-73.96805,40.57966],[-73.96807,40.57955]]}},{"type":"Feature","properties":{"c":3,"s":"seg_2356694563_42480221"},"geometry":{"type":"LineString","coordinates":[[-73.96675,40.58288],[-73.96666,40.58326],[-73.96665,40.58332]]}},{"type":"Feature","properties":{"c":2,"s":"seg_42464392_2356694542"},"geometry":{"type":"LineString","coordinates":[[-73.93974,40.57829],[-73.93934,40.57832]]}},{"type":"Feature","properties":{"c":2,"s":"seg_42464392_2356694542"},"geometry":{"type":"LineString","coordinates":[[-73.93934,40.57832],[-73.93887,40.57833]]}},{"type":"Feature","properties":{"c":3,"s":"seg_42464392_2356694542"},"geometry":{"type":"LineString","coordinates":[[-73.93934,40.57832],[-73.93933,40.57825],[-73.93932,40.57822],[-73.93904,40.57673],[-73.93902,40.57664],[-73.93901,40.57658]]}},{"type":"Feature","properties":{"c":3,"s":"seg_2356694563_42480221"},"geometry":{"type":"LineString","coordinates":[[-73.96672,40.58544],[-73.96679,40.58513]]}},{"type":"Feature","properties":{"c":1,"s":"seg_2356694563_42480221"},"geometry":{"type":"LineString","coordinates":[[-73.96643,40.58579],[-73.96654,40.58534],[-73.96658,40.58514],[-73.9667,40.58469],[-73.96667,40.58464],[-73.96662,40.58457]]}},{"type":"Feature","properties":{"c":1,"s":"seg_42468925_42468943"},"geometry":{"type":"LineString","coordinates":[[-73.97127,40.62558],[-73.97121,40.62563],[-73.97117,40.62567],[-73.97111,40.62568],[-73.97103,40.6257]]}},{"type":"Feature","properties":{"c":2,"s":"seg_598050847_42481022"},"geometry":{"type":"LineString","coordinates":[[-73.98652,40.7002],[-73.98671,40.70013],[-73.98676,40.70012],[-73.98682,40.70011],[-73.98689,40.7001]]}},{"type":"Feature","properties":{"c":3,"s":"seg_598050847_42481022"},"geometry":{"type":"LineString","coordinates":[[-73.98652,40.7002],[-73.98686,40.70019],[-73.98693,40.70019]]}},{"type":"Feature","properties":{"c":3,"s":"seg_2356694563_42480221"},"geometry":{"type":"LineString","coordinates":[[-73.96627,40.58492],[-73.96626,40.58496],[-73.96622,40.58514],[-73.96614,40.5855],[-73.96613,40.58553],[-73.96612,40.58559],[-73.96588,40.58659],[-73.96588,40.58662],[-73.96586,40.5867]]}},{"type":"Feature","properties":{"c":3,"s":"seg_42468913_42508786"},"geometry":{"type":"LineString","coordinates":[[-73.97103,40.6257],[-73.97076,40.62424],[-73.97075,40.62416]]}},{"type":"Feature","properties":{"c":1,"s":"seg_622232007_622232010"},"geometry":{"type":"LineString","coordinates":[[-73.94552,40.73176],[-73.94594,40.73161],[-73.9461,40.73155],[-73.94617,40.73152],[-73.94624,40.7315],[-73.94641,40.73144]]}},{"type":"Feature","properties":{"c":1,"s":"seg_622232007_622232010"},"geometry":{"type":"LineString","coordinates":[[-73.94552,40.73176],[-73.94497,40.73196],[-73.94468,40.73206],[-73.9446,40.73209]]}},{"type":"Feature","properties":{"c":1,"s":"seg_622232007_622232010"},"geometry":{"type":"LineString","coordinates":[[-73.94641,40.73144],[-73.94653,40.7314],[-73.94658,40.73139],[-73.94791,40.73091]]}},{"type":"Feature","properties":{"c":2,"s":"seg_42493127_42530659"},"geometry":{"type":"LineString","coordinates":[[-73.93265,40.63023],[-73.93272,40.63015],[-73.93275,40.6301],[-73.9329,40.62992]]}},{"type":"Feature","properties":{"c":2,"s":"seg_1942054630_1942054285"},"geometry":{"type":"LineString","coordinates":[[-73.89906,40.65724],[-73.89898,40.65724],[-73.89891,40.65725],[-73.89889,40.65725],[-73.89874,40.65727]]}},{"type":"Feature","properties":{"c":2,"s":"seg_1942054630_1942054285"},"geometry":{"type":"LineString","coordinates":[[-73.89701,40.65752],[-73.89693,40.65753],[-73.89628,40.65763],[-73.89617,40.65764],[-73.89608,40.65764]]}},{"type":"Feature","properties":{"c":2,"s":"seg_42493127_42530659"},"geometry":{"type":"LineString","coordinates":[[-73.93233,40.62789],[-73.93235,40.62799],[-73.93243,40.62839],[-73.93245,40.62863]]}},{"type":"Feature","properties":{"c":2,"s":"seg_42493581_42530731"},"geometry":{"type":"LineString","coordinates":[[-73.92551,40.64238],[-73.92553,40.64229],[-73.92568,40.64143],[-73.92579,40.64083]]}},{"type":"Feature","properties":{"c":3,"s":"seg_2356694563_42480221"},"geometry":{"type":"LineString","coordinates":[[-73.96882,40.57628],[-73.96883,40.57621],[-73.96903,40.57542],[-73.96898,40.57528]]}},{"type":"Feature","properties":{"c":2,"s":"seg_5666512607_2318552253"},"geometry":{"type":"LineString","coordinates":[[-73.93982,40.58381],[-73.93936,40.58383],[-73.93887,40.58384],[-73.9388,40.58384]]}},{"type":"Feature","properties":{"c":2,"s":"seg_42489678_42520476"},"geometry":{"type":"LineString","coordinates":[[-73.94824,40.61352],[-73.94816,40.61357],[-73.94747,40.61404],[-73.94739,40.61409]]}},{"type":"Feature","properties":{"c":2,"s":"seg_42489678_42520476"},"geometry":{"type":"LineString","coordinates":[[-73.94739,40.61409],[-73.94733,40.61414],[-73.94663,40.61461],[-73.94655,40.61467]]}},{"type":"Feature","properties":{"c":2,"s":"seg_42464505_42481782"},"geometry":{"type":"LineString","coordinates":[[-73.94459,40.61608],[-73.94401,40.61659],[-73.94394,40.61665]]}},{"type":"Feature","properties":{"c":2,"s":"seg_42489678_42520476"},"geometry":{"type":"LineString","coordinates":[[-73.94743,40.61436],[-73.94751,40.61431],[-73.94772,40.61418]]}},{"type":"Feature","properties":{"c":1,"s":"seg_42505549_42505552"},"geometry":{"type":"LineString","coordinates":[[-73.91986,40.68824],[-73.92005,40.68835]]}},{"type":"Feature","properties":{"c":2,"s":"seg_42517380_42530073"},"geometry":{"type":"LineString","coordinates":[[-73.99574,40.62809],[-73.99569,40.62815],[-73.99521,40.62861],[-73.99516,40.62866]]}},{"type":"Feature","properties":{"c":1,"s":"seg_42521217_2620907651"},"geometry":{"type":"LineString","coordinates":[[-74.01776,40.64139],[-74.0177,40.64145],[-74.01722,40.64191],[-74.01718,40.64195]]}},{"type":"Feature","properties":{"c":1,"s":"seg_42521217_2620907651"},"geometry":{"type":"LineString","coordinates":[[-74.01787,40.64146],[-74.01793,40.64141],[-74.01806,40.64128],[-74.0184,40.64095],[-74.01848,40.64088]]}},{"type":"Feature","properties":{"c":2,"s":"seg_42465789_42465785"},"geometry":{"type":"LineString","coordinates":[[-74.01963,40.64253],[-74.01958,40.64258],[-74.0191,40.64303],[-74.01905,40.64308]]}},{"type":"Feature","properties":{"c":2,"s":"seg_42467702_10694159060"},"geometry":{"type":"LineString","coordinates":[[-73.92431,40.64911],[-73.9244,40.64862],[-73.92442,40.64854]]}},{"type":"Feature","properties":{"c":2,"s":"seg_42467702_10694159060"},"geometry":{"type":"LineString","coordinates":[[-73.92375,40.65052],[-73.92379,40.65043],[-73.9238,40.6504],[-73.92406,40.64975]]}},{"type":"Feature","properties":{"c":2,"s":"seg_42467702_10694159060"},"geometry":{"type":"LineString","coordinates":[[-73.92352,40.65113],[-73.9237,40.65065],[-73.92372,40.6506],[-73.92375,40.65052]]}},{"type":"Feature","properties":{"c":2,"s":"seg_42467702_10694159060"},"geometry":{"type":"LineString","coordinates":[[-73.92104,40.65772],[-73.92116,40.65737],[-73.92119,40.65729]]}},{"type":"Feature","properties":{"c":2,"s":"seg_42467702_10694159060"},"geometry":{"type":"LineString","coordinates":[[-73.92065,40.6579],[-73.92061,40.65797],[-73.92058,40.65802]]}},{"type":"Feature","properties":{"c":2,"s":"seg_42467702_10694159060"},"geometry":{"type":"LineString","coordinates":[[-73.92058,40.65802],[-73.92036,40.65864],[-73.92033,40.65872]]}},{"type":"Feature","properties":{"c":2,"s":"seg_42467702_10694159060"},"geometry":{"type":"LineString","coordinates":[[-73.92089,40.65812],[-73.92092,40.65805],[-73.92104,40.65772]]}},{"type":"Feature","properties":{"c":0,"s":"seg_1942053995_1942053917"},"geometry":{"type":"LineString","coordinates":[[-73.91385,40.65424],[-73.91402,40.65425],[-73.91535,40.65429]]}},{"type":"Feature","properties":{"c":3,"s":"seg_7964524502_1257569840"},"geometry":{"type":"LineString","coordinates":[[-73.90076,40.62642],[-73.90074,40.62647],[-73.90021,40.62714],[-73.90003,40.62724],[-73.89995,40.62723],[-73.89988,40.62721]]}},{"type":"Feature","properties":{"c":3,"s":"seg_42493581_42530731"},"geometry":{"type":"LineString","coordinates":[[-73.92467,40.64358],[-73.92475,40.64358],[-73.9249,40.64359],[-73.92492,40.64359],[-73.92497,40.64359]]}},{"type":"Feature","properties":{"c":1,"s":"seg_42488967_42464054"},"geometry":{"type":"LineString","coordinates":[[-73.86817,40.68271],[-73.86825,40.68268],[-73.86904,40.68248]]}},{"type":"Feature","properties":{"c":1,"s":"seg_42488967_42464054"},"geometry":{"type":"LineString","coordinates":[[-73.86714,40.68302],[-73.86767,40.68286],[-73.86791,40.68279],[-73.86809,40.68273],[-73.86814,40.68272],[-73.86817,40.68271]]}},{"type":"Feature","properties":{"c":3,"s":"seg_42489210_42528437"},"geometry":{"type":"LineString","coordinates":[[-73.95163,40.61113],[-73.95156,40.61114],[-73.95079,40.61124],[-73.9507,40.61125]]}},{"type":"Feature","properties":{"c":1,"s":"seg_42488967_42464054"},"geometry":{"type":"LineString","coordinates":[[-73.87357,40.68106],[-73.87349,40.68108],[-73.87249,40.68136],[-73.87163,40.6816],[-73.87154,40.68163]]}},{"type":"Feature","properties":{"c":1,"s":"seg_42488967_42464054"},"geometry":{"type":"LineString","coordinates":[[-73.87255,40.68147],[-73.87304,40.68134],[-73.87353,40.6812],[-73.87362,40.68118]]}},{"type":"Feature","properties":{"c":1,"s":"seg_42488967_42464054"},"geometry":{"type":"LineString","coordinates":[[-73.87157,40.68175],[-73.87166,40.68172],[-73.87183,40.68168],[-73.87208,40.68161],[-73.87255,40.68147]]}},{"type":"Feature","properties":{"c":1,"s":"seg_42488967_42464054"},"geometry":{"type":"LineString","coordinates":[[-73.87072,40.682],[-73.8715,40.68177],[-73.87157,40.68175]]}},{"type":"Feature","properties":{"c":1,"s":"seg_42488967_42464054"},"geometry":{"type":"LineString","coordinates":[[-73.86983,40.68225],[-73.86991,40.68223],[-73.87072,40.682]]}},{"type":"Feature","properties":{"c":1,"s":"seg_42488967_42464054"},"geometry":{"type":"LineString","coordinates":[[-73.86904,40.68248],[-73.86975,40.68227],[-73.86983,40.68225]]}},{"type":"Feature","properties":{"c":1,"s":"seg_597728004_597748756"},"geometry":{"type":"LineString","coordinates":[[-73.90816,40.67614],[-73.90802,40.67614]]}},{"type":"Feature","properties":{"c":1,"s":"seg_1260335220_1260335264"},"geometry":{"type":"LineString","coordinates":[[-73.90816,40.67614],[-73.90817,40.67609]]}},{"type":"Feature","properties":{"c":1,"s":"seg_1260335220_1260335264"},"geometry":{"type":"LineString","coordinates":[[-73.90802,40.67614],[-73.90801,40.67622]]}},{"type":"Feature","properties":{"c":1,"s":"seg_2954866488_2954866560"},"geometry":{"type":"LineString","coordinates":[[-73.90802,40.67614],[-73.90794,40.67614],[-73.90786,40.67613],[-73.90482,40.67598],[-73.90444,40.67596],[-73.90385,40.67591],[-73.90322,40.67583],[-73.90307,40.67581],[-73.90251,40.67574],[-73.90225,40.6757],[-73.90153,40.67561],[-73.90118,40.67558],[-73.90072,40.67556],[-73.89981,40.67558],[-73.89892,40.6756],[-73.89885,40.6756],[-73.89878,40.6756]]}},{"type":"Feature","properties":{"c":1,"s":"seg_1260335220_1260335264"},"geometry":{"type":"LineString","coordinates":[[-73.90801,40.67622],[-73.90802,40.67628]]}},{"type":"Feature","properties":{"c":1,"s":"seg_597728004_597748756"},"geometry":{"type":"LineString","coordinates":[[-73.90801,40.67622],[-73.90816,40.67623]]}},{"type":"Feature","properties":{"c":1,"s":"seg_2954866488_2954866560"},"geometry":{"type":"LineString","coordinates":[[-73.89879,40.67568],[-73.89888,40.67567],[-73.89892,40.67567],[-73.8997,40.67566],[-73.90046,40.67565],[-73.90094,40.67566],[-73.90116,40.67567],[-73.90139,40.67569],[-73.90165,40.67571],[-73.90224,40.67579],[-73.90251,40.67582],[-73.90273,40.67585],[-73.90305,40.67589],[-73.90308,40.6759],[-73.90355,40.67596],[-73.90407,40.67601],[-73.90442,40.67604],[-73.90481,40.67606],[-73.90738,40.67619],[-73.90785,40.67622],[-73.90793,40.67622],[-73.90801,40.67622]]}},{"type":"Feature","properties":{"c":1,"s":"seg_1260335220_1260335264"},"geometry":{"type":"LineString","coordinates":[[-73.90816,40.67623],[-73.90816,40.67614]]}},{"type":"Feature","properties":{"c":1,"s":"seg_597728004_597748756"},"geometry":{"type":"LineString","coordinates":[[-73.90816,40.67623],[-73.90826,40.67626],[-73.90829,40.67627]]}},{"type":"Feature","properties":{"c":1,"s":"seg_598622272_598622278"},"geometry":{"type":"LineString","coordinates":[[-73.89878,40.6756],[-73.89868,40.67559],[-73.89845,40.67558]]}},{"type":"Feature","properties":{"c":1,"s":"seg_2987758879_7725544404"},"geometry":{"type":"LineString","coordinates":[[-73.95221,40.73327],[-73.9522,40.73322],[-73.95216,40.73302],[-73.9521,40.73263],[-73.95209,40.73257]]}},{"type":"Feature","properties":{"c":1,"s":"seg_2987758879_7725544404"},"geometry":{"type":"LineString","coordinates":[[-73.95206,40.73329],[-73.95207,40.73336],[-73.95213,40.73371],[-73.95217,40.73393],[-73.95218,40.734]]}},{"type":"Feature","properties":{"c":1,"s":"seg_2987758879_7725544404"},"geometry":{"type":"LineString","coordinates":[[-73.95195,40.73258],[-73.95196,40.73264],[-73.95199,40.73283],[-73.95199,40.73286],[-73.95202,40.73304],[-73.95205,40.73323],[-73.95206,40.73329]]}},{"type":"Feature","properties":{"c":1,"s":"seg_2987758879_7725544404"},"geometry":{"type":"LineString","coordinates":[[-73.95183,40.73187],[-73.95184,40.73194],[-73.95186,40.73208],[-73.95191,40.73238],[-73.95194,40.73252],[-73.95195,40.73258]]}},{"type":"Feature","properties":{"c":1,"s":"seg_2987758879_7725544404"},"geometry":{"type":"LineString","coordinates":[[-73.95197,40.73186],[-73.95196,40.7318],[-73.95193,40.73159],[-73.95186,40.73121],[-73.95185,40.73115]]}},{"type":"Feature","properties":{"c":1,"s":"seg_2987758879_7725544404"},"geometry":{"type":"LineString","coordinates":[[-73.95185,40.73115],[-73.95184,40.73109],[-73.95183,40.73103],[-73.95182,40.73101],[-73.95181,40.73096],[-73.95179,40.73088],[-73.95174,40.73077],[-73.9517,40.73068],[-73.95168,40.73064],[-73.95161,40.73053],[-73.95157,40.73046]]}},{"type":"Feature","properties":{"c":1,"s":"seg_2987758879_7725544404"},"geometry":{"type":"LineString","coordinates":[[-73.95171,40.73117],[-73.95172,40.73123],[-73.95174,40.73132],[-73.95176,40.73145],[-73.95182,40.73181],[-73.95183,40.73187]]}},{"type":"Feature","properties":{"c":1,"s":"seg_42514448_42514451"},"geometry":{"type":"LineString","coordinates":[[-73.95157,40.73046],[-73.95143,40.73047]]}},{"type":"Feature","properties":{"c":1,"s":"seg_2987758879_7725544404"},"geometry":{"type":"LineString","coordinates":[[-73.95157,40.73046],[-73.95153,40.73039],[-73.95136,40.73009],[-73.95127,40.72994],[-73.95123,40.72987],[-73.95117,40.72975],[-73.9511,40.72962],[-73.95095,40.72937],[-73.95078,40.72908],[-73.95076,40.72904],[-73.95072,40.72898]]}},{"type":"Feature","properties":{"c":1,"s":"seg_2987758879_7725544404"},"geometry":{"type":"LineString","coordinates":[[-73.95,40.72799],[-73.95003,40.72805],[-73.95055,40.72897],[-73.95059,40.72902]]}},{"type":"Feature","properties":{"c":1,"s":"seg_2987758893_5051959089"},"geometry":{"type":"LineString","coordinates":[[-73.94823,40.72462],[-73.9482,40.72456],[-73.94818,40.72452],[-73.9475,40.72332]]}},{"type":"Feature","properties":{"c":1,"s":"seg_2987758893_5051959089"},"geometry":{"type":"LineString","coordinates":[[-73.9475,40.72332],[-73.94743,40.7232],[-73.94723,40.72288],[-73.94721,40.72284],[-73.94715,40.72277]]}},{"type":"Feature","properties":{"c":1,"s":"seg_42502920_2987758901"},"geometry":{"type":"LineString","coordinates":[[-73.94715,40.72277],[-73.94711,40.72271],[-73.9471,40.72269],[-73.9469,40.7225],[-73.94665,40.72227],[-73.94658,40.72221]]}},{"type":"Feature","properties":{"c":1,"s":"seg_2987758893_5051959089"},"geometry":{"type":"LineString","coordinates":[[-73.94701,40.72278],[-73.94705,40.72283],[-73.94706,40.72286],[-73.94726,40.72318],[-73.9475,40.72358],[-73.94765,40.72386],[-73.94808,40.7246],[-73.94811,40.72466]]}},{"type":"Feature","properties":{"c":1,"s":"seg_42502920_2987758901"},"geometry":{"type":"LineString","coordinates":[[-73.94658,40.72221],[-73.94625,40.72192],[-73.94595,40.72165],[-73.94588,40.72158]]}},{"type":"Feature","properties":{"c":1,"s":"seg_42502920_2987758901"},"geometry":{"type":"LineString","coordinates":[[-73.94642,40.72222],[-73.94648,40.72228],[-73.94676,40.72253],[-73.94689,40.72265],[-73.94696,40.72273],[-73.94701,40.72278]]}},{"type":"Feature","properties":{"c":1,"s":"seg_42502920_2987758901"},"geometry":{"type":"LineString","coordinates":[[-73.94588,40.72158],[-73.94582,40.72152],[-73.9456,40.72133]]}},{"type":"Feature","properties":{"c":1,"s":"seg_42502920_2987758901"},"geometry":{"type":"LineString","coordinates":[[-73.94572,40.7216],[-73.94579,40.72166],[-73.94621,40.72203],[-73.94642,40.72222]]}},{"type":"Feature","properties":{"c":1,"s":"seg_42502920_2987758901"},"geometry":{"type":"LineString","coordinates":[[-73.9456,40.72133],[-73.94556,40.7213],[-73.9454,40.72115],[-73.9451,40.72087],[-73.94507,40.72084],[-73.94501,40.72079]]}},{"type":"Feature","properties":{"c":1,"s":"seg_42502920_2987758901"},"geometry":{"type":"LineString","coordinates":[[-73.9455,40.72139],[-73.94566,40.72153],[-73.94572,40.7216]]}},{"type":"Feature","properties":{"c":1,"s":"seg_42502920_2987758901"},"geometry":{"type":"LineString","coordinates":[[-73.94501,40.72079],[-73.94496,40.72074],[-73.94483,40.72062]]}},{"type":"Feature","properties":{"c":1,"s":"seg_42502920_2987758901"},"geometry":{"type":"LineString","coordinates":[[-73.94491,40.72084],[-73.94497,40.72089],[-73.94498,40.7209],[-73.94546,40.72136],[-73.9455,40.72139]]}},{"type":"Feature","properties":{"c":1,"s":"seg_42502920_2987758901"},"geometry":{"type":"LineString","coordinates":[[-73.94483,40.72062],[-73.94473,40.72054],[-73.94461,40.72042],[-73.94454,40.72034],[-73.94452,40.72032],[-73.94439,40.72024]]}},{"type":"Feature","properties":{"c":1,"s":"seg_2987758879_7725544404"},"geometry":{"type":"LineString","coordinates":[[-73.95218,40.734],[-73.95219,40.73406],[-73.95226,40.7344],[-73.9523,40.7346],[-73.95232,40.73465],[-73.95234,40.73471]]}},{"type":"Feature","properties":{"c":2,"s":"seg_1942054630_1942054285"},"geometry":{"type":"LineString","coordinates":[[-73.89874,40.65727],[-73.898,40.65737],[-73.89793,40.65738]]}},{"type":"Feature","properties":{"c":1,"s":"seg_42467024_42469614"},"geometry":{"type":"LineString","coordinates":[[-73.98338,40.69361],[-73.98319,40.69358]]}},{"type":"Feature","properties":{"c":1,"s":"seg_597728149_597728151"},"geometry":{"type":"LineString","coordinates":[[-73.96416,40.681],[-73.96148,40.68044],[-73.96139,40.68042]]}},{"type":"Feature","properties":{"c":1,"s":"seg_598050847_42481022"},"geometry":{"type":"LineString","coordinates":[[-73.98625,40.69993],[-73.98605,40.69992]]}},{"type":"Feature","properties":{"c":1,"s":"seg_42474795_9836260730"},"geometry":{"type":"LineString","coordinates":[[-73.96898,40.67288],[-73.96888,40.6729],[-73.96872,40.6729],[-73.96853,40.67291],[-73.96842,40.67295]]}},{"type":"Feature","properties":{"c":1,"s":"seg_622232007_622232010"},"geometry":{"type":"LineString","coordinates":[[-73.94924,40.73069],[-73.94915,40.73071],[-73.94908,40.73071],[-73.94879,40.73074]]}},{"type":"Feature","properties":{"c":1,"s":"seg_42514448_42514451"},"geometry":{"type":"LineString","coordinates":[[-73.94924,40.73069],[-73.94933,40.73068],[-73.94937,40.73067],[-73.9497,40.73064],[-73.94972,40.73064],[-73.95,40.73061],[-73.95063,40.73055]]}},{"type":"Feature","properties":{"c":1,"s":"seg_622232007_622232010"},"geometry":{"type":"LineString","coordinates":[[-73.94879,40.73074],[-73.94858,40.73076],[-73.94836,40.73078],[-73.9483,40.73078],[-73.94826,40.73079],[-73.94821,40.7308],[-73.94816,40.73082],[-73.94809,40.73084],[-73.94802,40.73087],[-73.94791,40.73091]]}},{"type":"Feature","properties":{"c":2,"s":"seg_42478859_42497275"},"geometry":{"type":"LineString","coordinates":[[-73.97925,40.6403],[-73.97924,40.64022],[-73.97882,40.63806],[-73.9788,40.63799],[-73.97879,40.63791]]}},{"type":"Feature","properties":{"c":2,"s":"seg_42501950_42501956"},"geometry":{"type":"LineString","coordinates":[[-73.97879,40.63791],[-73.97876,40.63783],[-73.97854,40.63767],[-73.97842,40.63758]]}},{"type":"Feature","properties":{"c":2,"s":"seg_42468848_3509302812"},"geometry":{"type":"LineString","coordinates":[[-73.97513,40.59064],[-73.97581,40.59105],[-73.97586,40.59108]]}},{"type":"Feature","properties":{"c":2,"s":"seg_42468848_3509302812"},"geometry":{"type":"LineString","coordinates":[[-73.97993,40.59354],[-73.98024,40.59372],[-73.98034,40.59379],[-73.98044,40.59385],[-73.98057,40.59392],[-73.98068,40.59399]]}},{"type":"Feature","properties":{"c":2,"s":"seg_42468848_3509302812"},"geometry":{"type":"LineString","coordinates":[[-73.98068,40.59399],[-73.98081,40.59407],[-73.98108,40.59423]]}},{"type":"Feature","properties":{"c":2,"s":"seg_42493506_3514016522"},"geometry":{"type":"LineString","coordinates":[[-73.95777,40.63294],[-73.95776,40.63286]]}},{"type":"Feature","properties":{"c":1,"s":"seg_3527276331_3527276327"},"geometry":{"type":"LineString","coordinates":[[-73.91983,40.60723],[-73.9194,40.60686],[-73.91857,40.60603],[-73.91817,40.60577]]}},{"type":"Feature","properties":{"c":1,"s":"seg_3527276331_3527276327"},"geometry":{"type":"LineString","coordinates":[[-73.92082,40.60813],[-73.91983,40.60723]]}},{"type":"Feature","properties":{"c":2,"s":"seg_42524489_42531283"},"geometry":{"type":"LineString","coordinates":[[-73.92257,40.6097],[-73.92245,40.60978]]}},{"type":"Feature","properties":{"c":1,"s":"seg_3527276331_3527276327"},"geometry":{"type":"LineString","coordinates":[[-73.92257,40.6097],[-73.92249,40.60963],[-73.92201,40.60919],[-73.92197,40.60915],[-73.92191,40.6091],[-73.92178,40.60898],[-73.92163,40.60886],[-73.92146,40.60871],[-73.92144,40.60869],[-73.9213,40.60856],[-73.92125,40.60852],[-73.92117,40.60845],[-73.92105,40.60834],[-73.9209,40.60821],[-73.92082,40.60813]]}},{"type":"Feature","properties":{"c":1,"s":"seg_12726268810_3527276336"},"geometry":{"type":"LineString","coordinates":[[-73.9245,40.61139],[-73.92441,40.61132],[-73.92426,40.61118],[-73.924,40.61095],[-73.92389,40.61086],[-73.92378,40.61077],[-73.92362,40.61062]]}},{"type":"Feature","properties":{"c":2,"s":"seg_42493581_42530731"},"geometry":{"type":"LineString","coordinates":[[-73.92521,40.6424],[-73.92519,40.64248],[-73.925,40.64343],[-73.92497,40.64359]]}},{"type":"Feature","properties":{"c":2,"s":"seg_42498990_42505026"},"geometry":{"type":"LineString","coordinates":[[-73.9995,40.57733],[-73.99897,40.57736]]}},{"type":"Feature","properties":{"c":2,"s":"seg_42498990_42505026"},"geometry":{"type":"LineString","coordinates":[[-73.99897,40.57736],[-73.99801,40.57748],[-73.99788,40.5775]]}},{"type":"Feature","properties":{"c":2,"s":"seg_42498990_42505026"},"geometry":{"type":"LineString","coordinates":[[-73.99788,40.5775],[-73.99778,40.57751],[-73.99686,40.57761]]}},{"type":"Feature","properties":{"c":2,"s":"seg_42498990_42505026"},"geometry":{"type":"LineString","coordinates":[[-73.99686,40.57761],[-73.99581,40.57773]]}},{"type":"Feature","properties":{"c":2,"s":"seg_42498990_42505026"},"geometry":{"type":"LineString","coordinates":[[-73.99581,40.57773],[-73.99486,40.57783],[-73.99475,40.57785]]}},{"type":"Feature","properties":{"c":2,"s":"seg_42505018_42498990"},"geometry":{"type":"LineString","coordinates":[[-73.99475,40.57785],[-73.99466,40.57786],[-73.99368,40.57796]]}},{"type":"Feature","properties":{"c":2,"s":"seg_42505018_42498990"},"geometry":{"type":"LineString","coordinates":[[-73.99368,40.57796],[-73.99272,40.57807],[-73.99262,40.57808]]}},{"type":"Feature","properties":{"c":2,"s":"seg_42505018_42498990"},"geometry":{"type":"LineString","coordinates":[[-73.99262,40.57808],[-73.99255,40.57809],[-73.99173,40.57818],[-73.99166,40.5782],[-73.99157,40.57823]]}},{"type":"Feature","properties":{"c":2,"s":"seg_42478154_598227835"},"geometry":{"type":"LineString","coordinates":[[-74.00101,40.67629],[-74.00104,40.67636]]}},{"type":"Feature","properties":{"c":2,"s":"seg_42469437_42469447"},"geometry":{"type":"LineString","coordinates":[[-73.96251,40.70042],[-73.96241,40.70032],[-73.9623,40.70025],[-73.96227,40.70023],[-73.96219,40.70018]]}},{"type":"Feature","properties":{"c":2,"s":"seg_42469437_42469447"},"geometry":{"type":"LineString","coordinates":[[-73.96321,40.70101],[-73.96312,40.70094],[-73.963,40.70085],[-73.96281,40.7007],[-73.96265,40.70056],[-73.96261,40.70053],[-73.96257,40.70049],[-73.96254,40.70046],[-73.96251,40.70042]]}},{"type":"Feature","properties":{"c":2,"s":"seg_42469437_42469447"},"geometry":{"type":"LineString","coordinates":[[-73.96388,40.70155],[-73.96374,40.70144],[-73.96343,40.7012],[-73.96326,40.70106],[-73.96321,40.70101]]}},{"type":"Feature","properties":{"c":1,"s":"seg_3611735243_13185917109"},"geometry":{"type":"LineString","coordinates":[[-73.92668,40.63625],[-73.92666,40.63629],[-73.92652,40.6365],[-73.92647,40.63661],[-73.92622,40.63742],[-73.92617,40.63757],[-73.92613,40.63782]]}},{"type":"Feature","properties":{"c":2,"s":"seg_42478154_598227835"},"geometry":{"type":"LineString","coordinates":[[-74.00319,40.67941],[-74.00353,40.67979],[-74.00377,40.68008]]}},{"type":"Feature","properties":{"c":2,"s":"seg_42478154_598227835"},"geometry":{"type":"LineString","coordinates":[[-74.00316,40.67938],[-74.00319,40.67941]]}},{"type":"Feature","properties":{"c":2,"s":"seg_42486313_42515022"},"geometry":{"type":"LineString","coordinates":[[-74.0058,40.68366],[-74.00585,40.68358],[-74.00589,40.68349],[-74.00593,40.68342],[-74.00594,40.6834]]}},{"type":"Feature","properties":{"c":1,"s":"seg_42497773_42497777"},"geometry":{"type":"LineString","coordinates":[[-73.99944,40.69167],[-73.99934,40.69163],[-73.99926,40.69161],[-73.99893,40.6915],[-73.99885,40.69148]]}},{"type":"Feature","properties":{"c":2,"s":"seg_42460776_42487360"},"geometry":{"type":"LineString","coordinates":[[-74.01517,40.63316],[-74.01513,40.63324]]}},{"type":"Feature","properties":{"c":2,"s":"seg_42460776_42487360"},"geometry":{"type":"LineString","coordinates":[[-74.01542,40.63251],[-74.01541,40.63255],[-74.01517,40.63316]]}},{"type":"Feature","properties":{"c":2,"s":"seg_42460776_42487360"},"geometry":{"type":"LineString","coordinates":[[-74.01513,40.63324],[-74.01511,40.63329],[-74.01502,40.63348],[-74.01497,40.63361],[-74.01492,40.63373],[-74.01489,40.63379],[-74.01484,40.63385],[-74.01482,40.63387],[-74.01474,40.63397]]}},{"type":"Feature","properties":{"c":2,"s":"seg_42493957_42493960"},"geometry":{"type":"LineString","coordinates":[[-73.91947,40.6403],[-73.91948,40.64041],[-73.91951,40.6407],[-73.91953,40.64084]]}},{"type":"Feature","properties":{"c":2,"s":"seg_42506224_42506228"},"geometry":{"type":"LineString","coordinates":[[-74.0232,40.6465],[-74.02291,40.64679],[-74.02262,40.64706]]}},{"type":"Feature","properties":{"c":0,"s":"seg_42461379_588036479"},"geometry":{"type":"LineString","coordinates":[[-73.99211,40.70222],[-73.99156,40.70177],[-73.99137,40.70161],[-73.99085,40.70119],[-73.99064,40.70102],[-73.99041,40.70085]]}},{"type":"Feature","properties":{"c":2,"s":"seg_3611735243_13185917109"},"geometry":{"type":"LineString","coordinates":[[-73.9265,40.6363],[-73.92636,40.63651],[-73.92629,40.63666],[-73.92616,40.63705],[-73.92612,40.63717]]}},{"type":"Feature","properties":{"c":1,"s":"seg_3611735243_13185917109"},"geometry":{"type":"LineString","coordinates":[[-73.92609,40.63801],[-73.92613,40.63782]]}},{"type":"Feature","properties":{"c":1,"s":"seg_42467702_10694159060"},"geometry":{"type":"LineString","coordinates":[[-73.92453,40.64702],[-73.9245,40.64719],[-73.92445,40.64745]]}},{"type":"Feature","properties":{"c":1,"s":"seg_452382143_4335349964"},"geometry":{"type":"LineString","coordinates":[[-73.87827,40.64484],[-73.87832,40.64488],[-73.87845,40.645],[-73.87878,40.6453],[-73.87894,40.64545],[-73.87918,40.64566]]}},{"type":"Feature","properties":{"c":1,"s":"seg_452382143_4335349964"},"geometry":{"type":"LineString","coordinates":[[-73.87918,40.64566],[-73.87944,40.64589],[-73.87972,40.64614],[-73.87979,40.64621]]}},{"type":"Feature","properties":{"c":1,"s":"seg_452382143_4335349964"},"geometry":{"type":"LineString","coordinates":[[-73.87979,40.64621],[-73.87985,40.64626],[-73.88031,40.64668],[-73.88045,40.64681],[-73.88058,40.64692],[-73.88063,40.64697]]}},{"type":"Feature","properties":{"c":1,"s":"seg_5314096934_5314096947"},"geometry":{"type":"LineString","coordinates":[[-73.88063,40.64697],[-73.88072,40.64705],[-73.88131,40.64759],[-73.88138,40.64766]]}},{"type":"Feature","properties":{"c":1,"s":"seg_5314096934_5314096947"},"geometry":{"type":"LineString","coordinates":[[-73.88138,40.64766],[-73.88147,40.64774],[-73.88194,40.64815],[-73.88222,40.64839],[-73.88225,40.64841],[-73.88235,40.6485]]}},{"type":"Feature","properties":{"c":1,"s":"seg_5314096934_5314096947"},"geometry":{"type":"LineString","coordinates":[[-73.88235,40.6485],[-73.8824,40.64854],[-73.88244,40.64858],[-73.88301,40.64911]]}},{"type":"Feature","properties":{"c":1,"s":"seg_5314096934_5314096947"},"geometry":{"type":"LineString","coordinates":[[-73.88301,40.64911],[-73.88338,40.64943],[-73.88342,40.64947]]}},{"type":"Feature","properties":{"c":1,"s":"seg_42493127_42530659"},"geometry":{"type":"LineString","coordinates":[[-73.93255,40.62825],[-73.93262,40.6286],[-73.93265,40.62895]]}},{"type":"Feature","properties":{"c":1,"s":"seg_3527276331_3527276327"},"geometry":{"type":"LineString","coordinates":[[-73.9215,40.60909],[-73.92168,40.60926],[-73.92181,40.60938],[-73.922,40.60956],[-73.92226,40.60978],[-73.92234,40.60985]]}},{"type":"Feature","properties":{"c":1,"s":"seg_3527276331_3527276327"},"geometry":{"type":"LineString","coordinates":[[-73.92362,40.61062],[-73.92336,40.61039],[-73.92292,40.61002],[-73.92274,40.60986],[-73.92267,40.6098]]}},{"type":"Feature","properties":{"c":2,"s":"seg_42524489_42531283"},"geometry":{"type":"LineString","coordinates":[[-73.92343,40.60931],[-73.9235,40.60926],[-73.92377,40.60909],[-73.92405,40.60886],[-73.92411,40.60881]]}},{"type":"Feature","properties":{"c":1,"s":"seg_3527276331_3527276327"},"geometry":{"type":"LineString","coordinates":[[-73.92267,40.6098],[-73.92257,40.6097]]}},{"type":"Feature","properties":{"c":2,"s":"seg_42524489_42531283"},"geometry":{"type":"LineString","coordinates":[[-73.92267,40.6098],[-73.92279,40.60972],[-73.92285,40.60968],[-73.92332,40.60938],[-73.92337,40.60935],[-73.92343,40.60931]]}},{"type":"Feature","properties":{"c":2,"s":"seg_42524489_42531283"},"geometry":{"type":"LineString","coordinates":[[-73.92245,40.60995],[-73.9225,40.60991],[-73.92256,40.60987]]}},{"type":"Feature","properties":{"c":1,"s":"seg_3527276331_3527276327"},"geometry":{"type":"LineString","coordinates":[[-73.92245,40.60995],[-73.92251,40.61],[-73.92254,40.61003],[-73.92267,40.61015],[-73.92295,40.61039]]}},{"type":"Feature","properties":{"c":3,"s":"seg_42524489_42531283"},"geometry":{"type":"LineString","coordinates":[[-73.92188,40.61031],[-73.92226,40.61006],[-73.92234,40.61002],[-73.92245,40.60995]]}},{"type":"Feature","properties":{"c":3,"s":"seg_42524489_42531283"},"geometry":{"type":"LineString","coordinates":[[-73.92117,40.61075],[-73.92153,40.61053],[-73.9218,40.61036],[-73.92188,40.61031]]}},{"type":"Feature","properties":{"c":2,"s":"seg_42529657_42537451"},"geometry":{"type":"LineString","coordinates":[[-73.92096,40.58909],[-73.92102,40.58915],[-73.92105,40.58918],[-73.92174,40.5898],[-73.92217,40.59018],[-73.92225,40.59026],[-73.92231,40.59031]]}},{"type":"Feature","properties":{"c":2,"s":"seg_4729745527_4729788362"},"geometry":{"type":"LineString","coordinates":[[-73.92761,40.59506],[-73.92755,40.59501],[-73.92747,40.59493],[-73.92736,40.59483],[-73.9266,40.59415],[-73.92655,40.59411]]}},{"type":"Feature","properties":{"c":2,"s":"seg_42515240_42535318"},"geometry":{"type":"LineString","coordinates":[[-73.92761,40.59506],[-73.92766,40.5951],[-73.92861,40.59597],[-73.92867,40.59602]]}},{"type":"Feature","properties":{"c":2,"s":"seg_2356694563_42480221"},"geometry":{"type":"LineString","coordinates":[[-73.96864,40.57587],[-73.96874,40.57571],[-73.96882,40.5755],[-73.96889,40.57537],[-73.96898,40.57528]]}},{"type":"Feature","properties":{"c":2,"s":"seg_42467247_42488485"},"geometry":{"type":"LineString","coordinates":[[-73.99896,40.59753],[-73.99881,40.59741],[-73.99877,40.59737],[-73.99866,40.59728]]}},{"type":"Feature","properties":{"c":2,"s":"seg_42467247_42488485"},"geometry":{"type":"LineString","coordinates":[[-73.99896,40.59753],[-73.9991,40.59768],[-73.99933,40.59785]]}},{"type":"Feature","properties":{"c":1,"s":"seg_42474795_9836260730"},"geometry":{"type":"LineString","coordinates":[[-73.96842,40.67295],[-73.96854,40.67299],[-73.96873,40.67299],[-73.96888,40.673]]}},{"type":"Feature","properties":{"c":2,"s":"seg_42493852_42493860"},"geometry":{"type":"LineString","coordinates":[[-73.98602,40.58229],[-73.98606,40.58242],[-73.98619,40.58284],[-73.98621,40.58291],[-73.98626,40.58307]]}},{"type":"Feature","properties":{"c":2,"s":"seg_42493852_42493860"},"geometry":{"type":"LineString","coordinates":[[-73.98626,40.58307],[-73.98629,40.58316],[-73.98637,40.5834],[-73.98639,40.58344],[-73.98642,40.58356],[-73.98644,40.58364]]}},{"type":"Feature","properties":{"c":2,"s":"seg_42493852_42493860"},"geometry":{"type":"LineString","coordinates":[[-73.98644,40.58364],[-73.9866,40.58393],[-73.98681,40.58431],[-73.98689,40.58445],[-73.98729,40.58512],[-73.98735,40.58529]]}},{"type":"Feature","properties":{"c":2,"s":"seg_42493852_42493860"},"geometry":{"type":"LineString","coordinates":[[-73.98735,40.58529],[-73.98747,40.58546],[-73.98778,40.58585],[-73.98783,40.58592]]}},{"type":"Feature","properties":{"c":2,"s":"seg_42493852_42493860"},"geometry":{"type":"LineString","coordinates":[[-73.98783,40.58592],[-73.98788,40.58598],[-73.98827,40.58646],[-73.98836,40.58657]]}},{"type":"Feature","properties":{"c":2,"s":"seg_42493852_42493860"},"geometry":{"type":"LineString","coordinates":[[-73.98836,40.58657],[-73.98841,40.58664],[-73.98887,40.58722],[-73.98892,40.58728]]}},{"type":"Feature","properties":{"c":2,"s":"seg_42472449_42493786"},"geometry":{"type":"LineString","coordinates":[[-73.98892,40.58728],[-73.98897,40.58733],[-73.98942,40.58789],[-73.98946,40.58794]]}},{"type":"Feature","properties":{"c":2,"s":"seg_42472449_42493786"},"geometry":{"type":"LineString","coordinates":[[-73.98946,40.58794],[-73.98951,40.58801],[-73.98966,40.5882],[-73.98982,40.58841],[-73.98989,40.5885]]}},{"type":"Feature","properties":{"c":2,"s":"seg_42472449_42493786"},"geometry":{"type":"LineString","coordinates":[[-73.98989,40.5885],[-73.98995,40.58857],[-73.99043,40.58914]]}},{"type":"Feature","properties":{"c":2,"s":"seg_42472449_42493786"},"geometry":{"type":"LineString","coordinates":[[-73.99043,40.58914],[-73.99065,40.5894],[-73.99099,40.58982],[-73.99103,40.58987]]}},{"type":"Feature","properties":{"c":2,"s":"seg_42472449_42493786"},"geometry":{"type":"LineString","coordinates":[[-73.99103,40.58987],[-73.99108,40.58993],[-73.99141,40.59035],[-73.99147,40.59042]]}},{"type":"Feature","properties":{"c":2,"s":"seg_42472449_42493786"},"geometry":{"type":"LineString","coordinates":[[-73.99147,40.59042],[-73.99153,40.59051],[-73.99175,40.59078],[-73.99176,40.59079],[-73.992,40.59108]]}},{"type":"Feature","properties":{"c":2,"s":"seg_42472449_42493786"},"geometry":{"type":"LineString","coordinates":[[-73.992,40.59108],[-73.99251,40.5917]]}},{"type":"Feature","properties":{"c":2,"s":"seg_42472449_42493786"},"geometry":{"type":"LineString","coordinates":[[-73.99251,40.5917],[-73.99278,40.59205],[-73.99291,40.59222],[-73.99293,40.59224],[-73.99297,40.59229],[-73.99303,40.59237]]}},{"type":"Feature","properties":{"c":2,"s":"seg_42472449_42493786"},"geometry":{"type":"LineString","coordinates":[[-73.99303,40.59237],[-73.99309,40.59245],[-73.99355,40.59302]]}},{"type":"Feature","properties":{"c":2,"s":"seg_42472449_42493786"},"geometry":{"type":"LineString","coordinates":[[-73.99355,40.59302],[-73.99376,40.59324],[-73.99381,40.59328],[-73.9941,40.59354],[-73.9942,40.59362]]}},{"type":"Feature","properties":{"c":2,"s":"seg_42472449_42493786"},"geometry":{"type":"LineString","coordinates":[[-73.9942,40.59362],[-73.99429,40.59369],[-73.99463,40.59396],[-73.99467,40.59399],[-73.99471,40.59403],[-73.99476,40.59409]]}},{"type":"Feature","properties":{"c":2,"s":"seg_42472449_42493786"},"geometry":{"type":"LineString","coordinates":[[-73.99476,40.59409],[-73.99485,40.59416],[-73.995,40.59429],[-73.99505,40.59434],[-73.99524,40.59449]]}},{"type":"Feature","properties":{"c":2,"s":"seg_42472449_42493786"},"geometry":{"type":"LineString","coordinates":[[-73.99542,40.59464],[-73.996,40.59511],[-73.99606,40.59516]]}},{"type":"Feature","properties":{"c":2,"s":"seg_42472449_42493786"},"geometry":{"type":"LineString","coordinates":[[-73.99606,40.59516],[-73.99612,40.59521],[-73.99658,40.59561],[-73.99662,40.59563],[-73.9967,40.5957]]}},{"type":"Feature","properties":{"c":2,"s":"seg_42472449_42493786"},"geometry":{"type":"LineString","coordinates":[[-73.998,40.59671],[-73.9977,40.59644]]}},{"type":"Feature","properties":{"c":2,"s":"seg_42472449_42493786"},"geometry":{"type":"LineString","coordinates":[[-73.998,40.59671],[-73.99814,40.59684],[-73.9983,40.59697],[-73.99838,40.59704],[-73.99848,40.59713],[-73.99852,40.59717],[-73.99857,40.5972],[-73.99866,40.59728]]}},{"type":"Feature","properties":{"c":1,"s":"seg_42465230_4207763060"},"geometry":{"type":"LineString","coordinates":[[-73.97666,40.68375],[-73.97627,40.68354],[-73.9762,40.68351],[-73.97613,40.68349],[-73.97607,40.68348],[-73.976,40.68346]]}},{"type":"Feature","properties":{"c":1,"s":"seg_42465230_4207763060"},"geometry":{"type":"LineString","coordinates":[[-73.97376,40.68301],[-73.97365,40.68298],[-73.97238,40.68272],[-73.97196,40.68263],[-73.97185,40.68261]]}},{"type":"Feature","properties":{"c":2,"s":"seg_42469437_42469447"},"geometry":{"type":"LineString","coordinates":[[-73.96847,40.70922],[-73.96847,40.70927],[-73.9685,40.70999],[-73.9685,40.71004]]}},{"type":"Feature","properties":{"c":2,"s":"seg_42505380_9990599496"},"geometry":{"type":"LineString","coordinates":[[-73.96548,40.71052],[-73.96559,40.71054],[-73.96621,40.71061],[-73.96663,40.71065],[-73.96669,40.71066],[-73.96675,40.71067]]}},{"type":"Feature","properties":{"c":2,"s":"seg_42505380_9990599496"},"geometry":{"type":"LineString","coordinates":[[-73.96675,40.71067],[-73.96686,40.71068],[-73.96711,40.7107],[-73.96765,40.71076]]}},{"type":"Feature","properties":{"c":2,"s":"seg_42505380_9990599496"},"geometry":{"type":"LineString","coordinates":[[-73.96765,40.71076],[-73.96837,40.71084],[-73.96841,40.71085],[-73.96849,40.71086]]}},{"type":"Feature","properties":{"c":1,"s":"seg_42467024_42469614"},"geometry":{"type":"LineString","coordinates":[[-73.98251,40.69357],[-73.98244,40.69357],[-73.98184,40.69356],[-73.98174,40.69359]]}},{"type":"Feature","properties":{"c":1,"s":"seg_42467024_42469614"},"geometry":{"type":"LineString","coordinates":[[-73.98319,40.69358],[-73.9831,40.69358],[-73.98258,40.69357],[-73.98251,40.69357]]}},{"type":"Feature","properties":{"c":2,"s":"seg_1691133695_1691133701"},"geometry":{"type":"LineString","coordinates":[[-73.97399,40.65714],[-73.97383,40.6566],[-73.9738,40.6565]]}},{"type":"Feature","properties":{"c":2,"s":"seg_42517380_42530073"},"geometry":{"type":"LineString","coordinates":[[-73.99668,40.62719],[-73.99657,40.6273],[-73.99641,40.62745],[-73.99635,40.62751]]}},{"type":"Feature","properties":{"c":2,"s":"seg_42468439_42470180"},"geometry":{"type":"LineString","coordinates":[[-73.87756,40.64396],[-73.87747,40.64413]]}},{"type":"Feature","properties":{"c":1,"s":"seg_452382143_4335349964"},"geometry":{"type":"LineString","coordinates":[[-73.87756,40.64396],[-73.87749,40.64389],[-73.87729,40.64376]]}},{"type":"Feature","properties":{"c":1,"s":"seg_452382143_4335349964"},"geometry":{"type":"LineString","coordinates":[[-73.87747,40.64413],[-73.87755,40.64422],[-73.87767,40.64432],[-73.87792,40.64452],[-73.87805,40.64464],[-73.87827,40.64484]]}},{"type":"Feature","properties":{"c":2,"s":"seg_42469437_42469447"},"geometry":{"type":"LineString","coordinates":[[-73.96844,40.70848],[-73.96844,40.70853],[-73.96844,40.70864],[-73.96845,40.70891],[-73.96846,40.70916],[-73.96847,40.70922]]}},{"type":"Feature","properties":{"c":0,"s":"seg_42488218_42464054"},"geometry":{"type":"LineString","coordinates":[[-73.86541,40.67604],[-73.86589,40.67618],[-73.86611,40.67625]]}},{"type":"Feature","properties":{"c":3,"s":"seg_42467024_42469614"},"geometry":{"type":"LineString","coordinates":[[-73.98343,40.69372],[-73.98356,40.69372],[-73.98379,40.69373],[-73.98431,40.69374],[-73.98434,40.69369],[-73.98429,40.69361]]}},{"type":"Feature","properties":{"c":2,"s":"seg_42464392_2356694542"},"geometry":{"type":"LineString","coordinates":[[-73.94351,40.57788],[-73.94343,40.57789],[-73.94259,40.57798]]}},{"type":"Feature","properties":{"c":2,"s":"seg_42464392_2356694542"},"geometry":{"type":"LineString","coordinates":[[-73.94727,40.57746],[-73.94717,40.57747],[-73.94629,40.57757]]}},{"type":"Feature","properties":{"c":1,"s":"seg_2987758879_7725544404"},"geometry":{"type":"LineString","coordinates":[[-73.95209,40.73257],[-73.95208,40.73251],[-73.95201,40.73211],[-73.95198,40.73192],[-73.95197,40.73186]]}},{"type":"Feature","properties":{"c":1,"s":"seg_2987758879_7725544404"},"geometry":{"type":"LineString","coordinates":[[-73.95232,40.73398],[-73.95231,40.73392],[-73.9523,40.73383],[-73.95227,40.73368],[-73.95224,40.73348],[-73.95222,40.73334],[-73.95221,40.73327]]}},{"type":"Feature","properties":{"c":0,"s":"seg_1942055283_4680651601"},"geometry":{"type":"LineString","coordinates":[[-73.86552,40.669],[-73.86542,40.66902],[-73.86536,40.66903],[-73.86428,40.66918]]}},{"type":"Feature","properties":{"c":2,"s":"seg_4729745527_4729788362"},"geometry":{"type":"LineString","coordinates":[[-73.92548,40.59314],[-73.92542,40.59309],[-73.92535,40.59302],[-73.92446,40.59223],[-73.92441,40.59219]]}},{"type":"Feature","properties":{"c":2,"s":"seg_4729745527_4729788362"},"geometry":{"type":"LineString","coordinates":[[-73.92548,40.59314],[-73.92554,40.59319],[-73.9256,40.59325],[-73.92648,40.59404],[-73.92655,40.59411]]}},{"type":"Feature","properties":{"c":2,"s":"seg_4729745527_4729788362"},"geometry":{"type":"LineString","coordinates":[[-73.92331,40.59121],[-73.92326,40.59117],[-73.92243,40.59042],[-73.92237,40.59037],[-73.92231,40.59031]]}},{"type":"Feature","properties":{"c":2,"s":"seg_4729745527_4729788362"},"geometry":{"type":"LineString","coordinates":[[-73.92331,40.59121],[-73.92336,40.59125],[-73.92339,40.59128],[-73.92393,40.59175],[-73.924,40.59181],[-73.92406,40.59187]]}},{"type":"Feature","properties":{"c":2,"s":"seg_4729745527_4729788362"},"geometry":{"type":"LineString","coordinates":[[-73.92441,40.59219],[-73.92435,40.59213],[-73.92414,40.59194],[-73.92406,40.59187]]}},{"type":"Feature","properties":{"c":2,"s":"seg_42460776_42487360"},"geometry":{"type":"LineString","coordinates":[[-74.01639,40.63319],[-74.01643,40.63309]]}},{"type":"Feature","properties":{"c":2,"s":"seg_42464392_2356694542"},"geometry":{"type":"LineString","coordinates":[[-73.95384,40.57678],[-73.95357,40.5768]]}},{"type":"Feature","properties":{"c":1,"s":"seg_2987758879_7725544404"},"geometry":{"type":"LineString","coordinates":[[-73.94905,40.72632],[-73.9491,40.7264],[-73.94973,40.72751],[-73.94997,40.72793],[-73.95,40.72799]]}},{"type":"Feature","properties":{"c":1,"s":"seg_2987758893_5051959089"},"geometry":{"type":"LineString","coordinates":[[-73.94919,40.72628],[-73.94915,40.72622],[-73.94913,40.72619],[-73.94871,40.72545],[-73.94848,40.72505],[-73.9483,40.72472],[-73.94828,40.72469],[-73.94823,40.72462]]}},{"type":"Feature","properties":{"c":1,"s":"seg_2987758893_5051959089"},"geometry":{"type":"LineString","coordinates":[[-73.94811,40.72466],[-73.94815,40.72473],[-73.94816,40.72475],[-73.94827,40.72493],[-73.94845,40.72526],[-73.9486,40.72552],[-73.94867,40.72564],[-73.94868,40.72566],[-73.9488,40.72588],[-73.94885,40.72597],[-73.94887,40.72599],[-73.949,40.72623],[-73.94902,40.72626],[-73.94905,40.72632]]}},{"type":"Feature","properties":{"c":1,"s":"seg_42514448_42514451"},"geometry":{"type":"LineString","coordinates":[[-73.95143,40.73047],[-73.95132,40.73048],[-73.95093,40.73052],[-73.95063,40.73055]]}},{"type":"Feature","properties":{"c":1,"s":"seg_2987758879_7725544404"},"geometry":{"type":"LineString","coordinates":[[-73.95143,40.73047],[-73.95147,40.73055],[-73.95153,40.73066],[-73.95156,40.73072],[-73.9516,40.7308],[-73.95163,40.73086],[-73.95164,40.73088],[-73.95166,40.73093],[-73.95167,40.73098],[-73.95168,40.73101],[-73.95169,40.73105],[-73.9517,40.7311],[-73.95171,40.73117]]}},{"type":"Feature","properties":{"c":1,"s":"seg_5070529441_7948205416"},"geometry":{"type":"LineString","coordinates":[[-73.89748,40.58723],[-73.89858,40.58823]]}},{"type":"Feature","properties":{"c":1,"s":"seg_5070529441_7948205416"},"geometry":{"type":"LineString","coordinates":[[-73.8977,40.58714],[-73.89459,40.58432],[-73.89379,40.58363],[-73.89282,40.58277],[-73.89275,40.58271],[-73.8925,40.58249],[-73.89207,40.58216],[-73.89154,40.58173]]}},{"type":"Feature","properties":{"c":2,"s":"seg_42469437_42469447"},"geometry":{"type":"LineString","coordinates":[[-73.96675,40.7039],[-73.9667,40.70381],[-73.96618,40.70341],[-73.96596,40.70324],[-73.96591,40.7032]]}},{"type":"Feature","properties":{"c":2,"s":"seg_42491856_42511753"},"geometry":{"type":"LineString","coordinates":[[-73.93755,40.62221],[-73.93762,40.62219],[-73.93817,40.62201],[-73.93825,40.62199]]}},{"type":"Feature","properties":{"c":3,"s":"seg_42512632_42512641"},"geometry":{"type":"LineString","coordinates":[[-73.90762,40.6499],[-73.90759,40.6498],[-73.90593,40.64831],[-73.90592,40.64831],[-73.9058,40.64827]]}},{"type":"Feature","properties":{"c":3,"s":"seg_42512632_42512641"},"geometry":{"type":"LineString","coordinates":[[-73.9058,40.64827],[-73.90573,40.6482],[-73.90561,40.64809],[-73.90549,40.64798],[-73.90523,40.64773],[-73.9051,40.64761]]}},{"type":"Feature","properties":{"c":1,"s":"seg_5314096934_5314096947"},"geometry":{"type":"LineString","coordinates":[[-73.88363,40.64965],[-73.88387,40.64986],[-73.88399,40.64997],[-73.88402,40.65],[-73.88419,40.65015],[-73.88432,40.65028],[-73.88434,40.65031],[-73.88445,40.65044],[-73.88466,40.65072],[-73.88472,40.65079]]}},{"type":"Feature","properties":{"c":1,"s":"seg_5314096934_5314096947"},"geometry":{"type":"LineString","coordinates":[[-73.88342,40.64947],[-73.88354,40.64957],[-73.88363,40.64965]]}},{"type":"Feature","properties":{"c":1,"s":"seg_5314096947_5314096946"},"geometry":{"type":"LineString","coordinates":[[-73.88625,40.65285],[-73.8863,40.65292],[-73.88649,40.65316],[-73.88656,40.65325],[-73.88668,40.6534],[-73.88671,40.65344],[-73.88691,40.65372],[-73.88715,40.65406],[-73.88719,40.65411],[-73.88723,40.65417]]}},{"type":"Feature","properties":{"c":1,"s":"seg_5314096947_5314096946"},"geometry":{"type":"LineString","coordinates":[[-73.88614,40.65274],[-73.88625,40.65285]]}},{"type":"Feature","properties":{"c":1,"s":"seg_5314096947_5314096946"},"geometry":{"type":"LineString","coordinates":[[-73.88472,40.65079],[-73.88479,40.65089],[-73.88486,40.65099],[-73.88499,40.65116],[-73.88516,40.65141],[-73.88544,40.65178],[-73.88545,40.65181],[-73.8856,40.65202],[-73.88563,40.65206],[-73.8861,40.65268],[-73.88614,40.65274]]}},{"type":"Feature","properties":{"c":2,"s":"seg_42484216_7712107371"},"geometry":{"type":"LineString","coordinates":[[-73.92947,40.7144],[-73.93024,40.71448],[-73.93035,40.71448],[-73.93045,40.71448],[-73.93058,40.71444]]}},{"type":"Feature","properties":{"c":2,"s":"seg_42484216_7712107371"},"geometry":{"type":"LineString","coordinates":[[-73.93058,40.71444],[-73.93048,40.71442],[-73.93038,40.71439],[-73.92997,40.71435],[-73.92991,40.71434]]}},{"type":"Feature","properties":{"c":1,"s":"seg_42490339_42524611"},"geometry":{"type":"LineString","coordinates":[[-73.93058,40.71444],[-73.93069,40.71442],[-73.9308,40.71439],[-73.93107,40.71433],[-73.93137,40.71426],[-73.9314,40.71425],[-73.93148,40.71423]]}},{"type":"Feature","properties":{"c":2,"s":"seg_42491856_42511753"},"geometry":{"type":"LineString","coordinates":[[-73.94079,40.6207],[-73.94082,40.62061],[-73.94083,40.62054]]}},{"type":"Feature","properties":{"c":2,"s":"seg_5666512607_2318552253"},"geometry":{"type":"LineString","coordinates":[[-73.93114,40.5844],[-73.93125,40.58438],[-73.93208,40.5843]]}},{"type":"Feature","properties":{"c":2,"s":"seg_5391643305_5391643312"},"geometry":{"type":"LineString","coordinates":[[-73.94061,40.59381],[-73.94064,40.59371],[-73.9405,40.59289],[-73.9403,40.59177],[-73.94029,40.59168]]}},{"type":"Feature","properties":{"c":2,"s":"seg_5391643305_5391643312"},"geometry":{"type":"LineString","coordinates":[[-73.94029,40.59168],[-73.94027,40.59159],[-73.94022,40.59132],[-73.93992,40.58988],[-73.93989,40.58971],[-73.93988,40.58965],[-73.93986,40.58956]]}},{"type":"Feature","properties":{"c":2,"s":"seg_5391643305_5391643312"},"geometry":{"type":"LineString","coordinates":[[-73.93986,40.58956],[-73.93984,40.58948],[-73.93946,40.58738],[-73.93945,40.58731]]}},{"type":"Feature","properties":{"c":2,"s":"seg_5391643305_5391643312"},"geometry":{"type":"LineString","coordinates":[[-73.93945,40.58731],[-73.93944,40.58723],[-73.93939,40.58696],[-73.93932,40.58664],[-73.93929,40.58649],[-73.93922,40.58604],[-73.93915,40.58597]]}},{"type":"Feature","properties":{"c":1,"s":"seg_5314096947_5314096946"},"geometry":{"type":"LineString","coordinates":[[-73.88934,40.65701],[-73.8894,40.6571],[-73.88956,40.6573],[-73.88983,40.65766],[-73.88984,40.65769],[-73.88996,40.65784],[-73.88998,40.65786],[-73.89006,40.65798],[-73.89027,40.65826],[-73.89036,40.65837],[-73.89039,40.65842],[-73.89051,40.65844]]}},{"type":"Feature","properties":{"c":1,"s":"seg_5314096947_5314096946"},"geometry":{"type":"LineString","coordinates":[[-73.88823,40.65553],[-73.88829,40.65562],[-73.88845,40.65583],[-73.88908,40.65667],[-73.88929,40.65695],[-73.88934,40.65701]]}},{"type":"Feature","properties":{"c":1,"s":"seg_5314096947_5314096946"},"geometry":{"type":"LineString","coordinates":[[-73.88948,40.65695],[-73.88943,40.65688],[-73.88931,40.65672],[-73.88928,40.65668],[-73.88903,40.65635],[-73.88868,40.65588],[-73.88844,40.65555],[-73.88838,40.65547]]}},{"type":"Feature","properties":{"c":1,"s":"seg_5314096947_5314096946"},"geometry":{"type":"LineString","coordinates":[[-73.88838,40.65547],[-73.88833,40.6554],[-73.88765,40.65447],[-73.88744,40.65419],[-73.88738,40.65411]]}},{"type":"Feature","properties":{"c":1,"s":"seg_5314096947_5314096946"},"geometry":{"type":"LineString","coordinates":[[-73.88738,40.65411],[-73.88732,40.65405],[-73.88729,40.65402],[-73.88711,40.65377],[-73.88711,40.65376],[-73.8869,40.65348],[-73.88683,40.65339],[-73.88664,40.65311],[-73.88657,40.65302],[-73.88654,40.65296],[-73.8865,40.65291],[-73.88646,40.65285],[-73.8864,40.65278]]}},{"type":"Feature","properties":{"c":1,"s":"seg_42517106_42517107"},"geometry":{"type":"LineString","coordinates":[[-73.91467,40.69919],[-73.9148,40.69918],[-73.91492,40.69917]]}},{"type":"Feature","properties":{"c":2,"s":"seg_42467702_10694159060"},"geometry":{"type":"LineString","coordinates":[[-73.92473,40.64495],[-73.92461,40.64569]]}},{"type":"Feature","properties":{"c":2,"s":"seg_42501872_42466432"},"geometry":{"type":"LineString","coordinates":[[-73.96808,40.68945],[-73.96819,40.68944],[-73.96899,40.68946],[-73.9691,40.68947]]}},{"type":"Feature","properties":{"c":2,"s":"seg_42472449_42493786"},"geometry":{"type":"LineString","coordinates":[[-73.9977,40.59644],[-73.99756,40.59625],[-73.99752,40.5962],[-73.99747,40.59615]]}},{"type":"Feature","properties":{"c":2,"s":"seg_3611735243_13185917109"},"geometry":{"type":"LineString","coordinates":[[-73.92612,40.63717],[-73.92606,40.63738],[-73.92605,40.63747],[-73.92604,40.63763],[-73.92605,40.63767],[-73.92606,40.6377],[-73.92613,40.63782]]}},{"type":"Feature","properties":{"c":2,"s":"seg_10767156880_10767156881"},"geometry":{"type":"LineString","coordinates":[[-73.97409,40.58964],[-73.97404,40.58974],[-73.97401,40.59005],[-73.97399,40.59014]]}},{"type":"Feature","properties":{"c":2,"s":"seg_10767156880_10767156881"},"geometry":{"type":"LineString","coordinates":[[-73.97409,40.58964],[-73.97411,40.59004],[-73.97417,40.59012]]}},{"type":"Feature","properties":{"c":1,"s":"seg_42467702_10694159060"},"geometry":{"type":"LineString","coordinates":[[-73.92336,40.65114],[-73.92324,40.65145]]}},{"type":"Feature","properties":{"c":2,"s":"seg_42467702_10694159060"},"geometry":{"type":"LineString","coordinates":[[-73.92333,40.65166],[-73.92352,40.65113]]}},{"type":"Feature","properties":{"c":2,"s":"seg_42493127_42530659"},"geometry":{"type":"LineString","coordinates":[[-73.9333,40.62561],[-73.9332,40.62571],[-73.93318,40.62573],[-73.93256,40.62645]]}},{"type":"Feature","properties":{"c":2,"s":"seg_42493127_42530659"},"geometry":{"type":"LineString","coordinates":[[-73.93352,40.62578],[-73.93363,40.62568],[-73.93382,40.62552]]}},{"type":"Feature","properties":{"c":2,"s":"seg_42498990_42505026"},"geometry":{"type":"LineString","coordinates":[[-73.99793,40.5776],[-73.99803,40.57759],[-73.99865,40.57749],[-73.99899,40.57743]]}},{"type":"Feature","properties":{"c":2,"s":"seg_5391643305_5391643312"},"geometry":{"type":"LineString","coordinates":[[-73.93888,40.58512],[-73.93897,40.58536],[-73.93904,40.58542]]}},{"type":"Feature","properties":{"c":2,"s":"seg_5391643305_5391643312"},"geometry":{"type":"LineString","coordinates":[[-73.93866,40.58385],[-73.93868,40.58396]]}},{"type":"Feature","properties":{"c":2,"s":"seg_5666512607_2318552253"},"geometry":{"type":"LineString","coordinates":[[-73.93866,40.58385],[-73.9386,40.58385],[-73.93854,40.58385],[-73.93719,40.5839],[-73.93651,40.58392],[-73.93588,40.58394]]}},{"type":"Feature","properties":{"c":2,"s":"seg_5666512607_2318552253"},"geometry":{"type":"LineString","coordinates":[[-73.93868,40.58396],[-73.93882,40.58396]]}},{"type":"Feature","properties":{"c":2,"s":"seg_5391643305_5391643312"},"geometry":{"type":"LineString","coordinates":[[-73.93868,40.58396],[-73.93869,40.58405],[-73.93877,40.58443],[-73.93887,40.58508],[-73.93888,40.58512]]}},{"type":"Feature","properties":{"c":2,"s":"seg_42472449_42493786"},"geometry":{"type":"LineString","coordinates":[[-73.99524,40.59449],[-73.99536,40.59459],[-73.99542,40.59464]]}},{"type":"Feature","properties":{"c":2,"s":"seg_42518929_42525105"},"geometry":{"type":"LineString","coordinates":[[-73.87687,40.66889],[-73.87668,40.66892]]}},{"type":"Feature","properties":{"c":3,"s":"seg_42518929_42525105"},"geometry":{"type":"LineString","coordinates":[[-73.87687,40.66889],[-73.87708,40.66886],[-73.87744,40.66881],[-73.87749,40.6688],[-73.87757,40.66879]]}},{"type":"Feature","properties":{"c":2,"s":"seg_42524489_42531283"},"geometry":{"type":"LineString","coordinates":[[-73.92256,40.60987],[-73.92267,40.6098]]}},{"type":"Feature","properties":{"c":2,"s":"seg_42524489_42531283"},"geometry":{"type":"LineString","coordinates":[[-73.92245,40.60978],[-73.92234,40.60985]]}},{"type":"Feature","properties":{"c":2,"s":"seg_42467247_42488485"},"geometry":{"type":"LineString","coordinates":[[-73.99971,40.59807],[-73.9994,40.59779]]}},{"type":"Feature","properties":{"c":2,"s":"seg_42467247_42488485"},"geometry":{"type":"LineString","coordinates":[[-73.99933,40.59785],[-73.99952,40.59797],[-73.99971,40.59807]]}},{"type":"Feature","properties":{"c":2,"s":"seg_42466214_1372888770"},"geometry":{"type":"LineString","coordinates":[[-73.98956,40.67995],[-73.98949,40.67992],[-73.98853,40.67955],[-73.98843,40.67951],[-73.98829,40.67945],[-73.98819,40.67942],[-73.98749,40.67914],[-73.98739,40.67911]]}},{"type":"Feature","properties":{"c":2,"s":"seg_42487339_4026460325"},"geometry":{"type":"LineString","coordinates":[[-74.01904,40.63672],[-74.01897,40.63667],[-74.01833,40.63629],[-74.0177,40.63591],[-74.01745,40.63578],[-74.01698,40.63558],[-74.01684,40.63553],[-74.01673,40.63549]]}},{"type":"Feature","properties":{"c":2,"s":"seg_42478154_598227835"},"geometry":{"type":"LineString","coordinates":[[-73.99915,40.67301],[-73.99923,40.67315],[-73.99937,40.67337],[-73.99963,40.67381]]}},{"type":"Feature","properties":{"c":1,"s":"seg_42469045_42469047"},"geometry":{"type":"LineString","coordinates":[[-74.00023,40.59569],[-73.99952,40.59638],[-73.9995,40.59646]]}},{"type":"Feature","properties":{"c":1,"s":"seg_42469045_42469047"},"geometry":{"type":"LineString","coordinates":[[-73.9993,40.59668],[-73.99882,40.59712],[-73.99878,40.59716],[-73.99866,40.59728]]}},{"type":"Feature","properties":{"c":3,"s":"seg_42468647_42468654"},"geometry":{"type":"LineString","coordinates":[[-73.90235,40.63697],[-73.9026,40.6372],[-73.90369,40.63818]]}},{"type":"Feature","properties":{"c":2,"s":"seg_6463799134_42505118"},"geometry":{"type":"LineString","coordinates":[[-73.86641,40.65952],[-73.86667,40.65986],[-73.86698,40.66029],[-73.86705,40.66034],[-73.86719,40.66046]]}},{"type":"Feature","properties":{"c":2,"s":"seg_6463799134_42505118"},"geometry":{"type":"LineString","coordinates":[[-73.86651,40.65948],[-73.8662,40.65905],[-73.86612,40.65895],[-73.86607,40.65888]]}},{"type":"Feature","properties":{"c":2,"s":"seg_42493127_42530659"},"geometry":{"type":"LineString","coordinates":[[-73.93332,40.62599],[-73.93341,40.62591],[-73.93344,40.62587],[-73.93352,40.62578]]}},{"type":"Feature","properties":{"c":2,"s":"seg_1942054630_1942054285"},"geometry":{"type":"LineString","coordinates":[[-73.9004,40.65732],[-73.90049,40.65729],[-73.9006,40.65724],[-73.9008,40.65712],[-73.90084,40.65708],[-73.90098,40.65696],[-73.90131,40.65663],[-73.90145,40.65652],[-73.90238,40.65593],[-73.90247,40.65586],[-73.9029,40.6556],[-73.90307,40.65552],[-73.9031,40.6555],[-73.90322,40.65547]]}},{"type":"Feature","properties":{"c":2,"s":"seg_1942054630_1942054285"},"geometry":{"type":"LineString","coordinates":[[-73.9003,40.65734],[-73.9004,40.65732]]}},{"type":"Feature","properties":{"c":2,"s":"seg_42518929_42525105"},"geometry":{"type":"LineString","coordinates":[[-73.87668,40.66892],[-73.87639,40.66896],[-73.87623,40.66899]]}},{"type":"Feature","properties":{"c":3,"s":"seg_42467024_42469614"},"geometry":{"type":"LineString","coordinates":[[-73.98429,40.69361],[-73.98365,40.69361],[-73.98358,40.69361]]}},{"type":"Feature","properties":{"c":2,"s":"seg_42467702_10694159060"},"geometry":{"type":"LineString","coordinates":[[-73.92326,40.65186],[-73.92333,40.65166]]}},{"type":"Feature","properties":{"c":2,"s":"seg_42467702_10694159060"},"geometry":{"type":"LineString","coordinates":[[-73.92301,40.65165],[-73.92278,40.65223],[-73.92273,40.65236],[-73.92269,40.65245]]}},{"type":"Feature","properties":{"c":2,"s":"seg_42467702_10694159060"},"geometry":{"type":"LineString","coordinates":[[-73.92406,40.64975],[-73.92419,40.64936]]}},{"type":"Feature","properties":{"c":2,"s":"seg_42467702_10694159060"},"geometry":{"type":"LineString","coordinates":[[-73.92371,40.6498],[-73.92345,40.65046],[-73.92342,40.65054]]}},{"type":"Feature","properties":{"c":3,"s":"seg_42479194_1942055212"},"geometry":{"type":"LineString","coordinates":[[-73.91886,40.66345],[-73.91894,40.66344]]}},{"type":"Feature","properties":{"c":3,"s":"seg_42479194_1942055212"},"geometry":{"type":"LineString","coordinates":[[-73.91886,40.66345],[-73.91904,40.66412],[-73.91906,40.66416],[-73.9191,40.66423]]}},{"type":"Feature","properties":{"c":3,"s":"seg_42479194_1942055212"},"geometry":{"type":"LineString","coordinates":[[-73.91894,40.66344],[-73.91876,40.66276],[-73.9187,40.66269]]}},{"type":"Feature","properties":{"c":1,"s":"seg_1260335220_1260335264"},"geometry":{"type":"LineString","coordinates":[[-73.90824,40.67529],[-73.90815,40.67538]]}},{"type":"Feature","properties":{"c":2,"s":"seg_1942055203_1942055159"},"geometry":{"type":"LineString","coordinates":[[-73.86982,40.66836],[-73.87003,40.66821],[-73.87013,40.66813]]}},{"type":"Feature","properties":{"c":2,"s":"seg_42472088_42472093"},"geometry":{"type":"LineString","coordinates":[[-73.89973,40.62741],[-73.89962,40.62737]]}},{"type":"Feature","properties":{"c":1,"s":"seg_42504156_42504158"},"geometry":{"type":"LineString","coordinates":[[-73.92604,40.70576],[-73.92622,40.70569]]}},{"type":"Feature","properties":{"c":2,"s":"seg_42484216_7712107371"},"geometry":{"type":"LineString","coordinates":[[-73.94136,40.71471],[-73.94146,40.71471],[-73.94176,40.71472],[-73.94191,40.71473],[-73.94207,40.71473]]}},{"type":"Feature","properties":{"c":2,"s":"seg_42484216_7712107371"},"geometry":{"type":"LineString","coordinates":[[-73.9427,40.7147],[-73.94262,40.7147],[-73.94221,40.71474],[-73.94215,40.71474],[-73.94207,40.71473]]}},{"type":"Feature","properties":{"c":1,"s":"seg_42495632_42495636"},"geometry":{"type":"LineString","coordinates":[[-73.89747,40.67825],[-73.89747,40.6781]]}},{"type":"Feature","properties":{"c":1,"s":"seg_2987758879_7725544404"},"geometry":{"type":"LineString","coordinates":[[-73.95059,40.72902],[-73.95062,40.72908],[-73.95098,40.72969],[-73.95103,40.72979],[-73.95105,40.72982],[-73.95111,40.72992],[-73.95125,40.73016],[-73.95138,40.73039],[-73.95143,40.73047]]}},{"type":"Feature","properties":{"c":1,"s":"seg_2987758879_7725544404"},"geometry":{"type":"LineString","coordinates":[[-73.95072,40.72898],[-73.95069,40.72892],[-73.95017,40.72801],[-73.95013,40.72794]]}},{"type":"Feature","properties":{"c":3,"s":"seg_42514448_42514451"},"geometry":{"type":"LineString","coordinates":[[-73.95923,40.72973],[-73.95933,40.72972],[-73.95939,40.72971],[-73.96017,40.72963]]}},{"type":"Feature","properties":{"c":2,"s":"seg_42472449_42493786"},"geometry":{"type":"LineString","coordinates":[[-73.9967,40.5957],[-73.99679,40.59578],[-73.99689,40.59587],[-73.99725,40.59616],[-73.99728,40.59619],[-73.99735,40.59624]]}},{"type":"Feature","properties":{"c":2,"s":"seg_42472449_42493786"},"geometry":{"type":"LineString","coordinates":[[-73.99735,40.59624],[-73.99741,40.59629],[-73.99749,40.59635],[-73.9977,40.59644]]}},{"type":"Feature","properties":{"c":2,"s":"seg_6463799134_42505118"},"geometry":{"type":"LineString","coordinates":[[-73.86592,40.65884],[-73.86598,40.65892]]}},{"type":"Feature","properties":{"c":0,"s":"seg_598043784_598043787"},"geometry":{"type":"LineString","coordinates":[[-73.9871,40.69621],[-73.98723,40.69621],[-73.98774,40.69623],[-73.98783,40.69623],[-73.98799,40.69622],[-73.98809,40.69622],[-73.98843,40.69624],[-73.9885,40.69624],[-73.98858,40.69624]]}},{"type":"Feature","properties":{"c":1,"s":"seg_5070529441_7948205416"},"geometry":{"type":"LineString","coordinates":[[-73.89154,40.58173],[-73.89148,40.58168]]}},{"type":"Feature","properties":{"c":1,"s":"seg_5070529441_7948205416"},"geometry":{"type":"LineString","coordinates":[[-73.89137,40.58175],[-73.89144,40.5818]]}},{"type":"Feature","properties":{"c":1,"s":"seg_5070529441_7948205416"},"geometry":{"type":"LineString","coordinates":[[-73.89144,40.5818],[-73.89252,40.58277],[-73.89263,40.58288],[-73.89316,40.58335],[-73.8936,40.58376],[-73.89748,40.58723]]}},{"type":"Feature","properties":{"c":2,"s":"seg_7964524502_1257569840"},"geometry":{"type":"LineString","coordinates":[[-73.89962,40.62737],[-73.89945,40.62744],[-73.89861,40.62798]]}},{"type":"Feature","properties":{"c":2,"s":"seg_10767156880_10767156881"},"geometry":{"type":"LineString","coordinates":[[-73.97446,40.58317],[-73.97446,40.58337]]}},{"type":"Feature","properties":{"c":1,"s":"seg_8096265649_452241495"},"geometry":{"type":"LineString","coordinates":[[-73.89858,40.58823],[-73.89866,40.5883],[-73.90029,40.58974],[-73.90047,40.5899],[-73.90077,40.59017],[-73.90082,40.59022],[-73.90088,40.59027],[-73.90304,40.5922],[-73.90336,40.59251],[-73.90426,40.59332],[-73.90439,40.59344],[-73.90449,40.59353],[-73.90554,40.59448]]}},{"type":"Feature","properties":{"c":1,"s":"seg_5070529441_7948205416"},"geometry":{"type":"LineString","coordinates":[[-73.89878,40.5881],[-73.8977,40.58714]]}},{"type":"Feature","properties":{"c":2,"s":"seg_42476536_42476545"},"geometry":{"type":"LineString","coordinates":[[-73.94137,40.72171],[-73.94116,40.72185],[-73.94103,40.72193]]}},{"type":"Feature","properties":{"c":2,"s":"seg_10767156880_10767156881"},"geometry":{"type":"LineString","coordinates":[[-73.97614,40.57989],[-73.97614,40.57997],[-73.97607,40.58084],[-73.97607,40.58093],[-73.97605,40.58099],[-73.97603,40.58105],[-73.976,40.5811],[-73.97597,40.58114],[-73.97593,40.58118],[-73.97589,40.58122],[-73.97558,40.58147],[-73.97543,40.5816],[-73.9752,40.58178],[-73.97498,40.58196],[-73.97462,40.58235],[-73.97452,40.58244],[-73.97447,40.58251]]}},{"type":"Feature","properties":{"c":2,"s":"seg_8400869517_9387171045"},"geometry":{"type":"LineString","coordinates":[[-73.9766,40.57532],[-73.97643,40.57529],[-73.97566,40.57519],[-73.97496,40.57508],[-73.97469,40.57503],[-73.97427,40.57496],[-73.97392,40.5749],[-73.97369,40.57485],[-73.97363,40.57484],[-73.97356,40.57483]]}},{"type":"Feature","properties":{"c":3,"s":"seg_42505675_42505677"},"geometry":{"type":"LineString","coordinates":[[-73.92991,40.71434],[-73.92992,40.71425],[-73.9299,40.71417],[-73.92948,40.71324]]}},{"type":"Feature","properties":{"c":2,"s":"seg_42484216_7712107371"},"geometry":{"type":"LineString","coordinates":[[-73.92991,40.71434],[-73.92875,40.71421],[-73.92825,40.71415],[-73.92814,40.71414]]}},{"type":"Feature","properties":{"c":2,"s":"seg_42476536_42476545"},"geometry":{"type":"LineString","coordinates":[[-73.93679,40.72482],[-73.93684,40.72479],[-73.93689,40.72474],[-73.93704,40.72458],[-73.9371,40.72452],[-73.93715,40.72448],[-73.9372,40.72445],[-73.93726,40.7244],[-73.93733,40.72436],[-73.93738,40.72433],[-73.93745,40.7243],[-73.93751,40.72427],[-73.93762,40.72421]]}},{"type":"Feature","properties":{"c":2,"s":"seg_42478154_598227835"},"geometry":{"type":"LineString","coordinates":[[-74.00249,40.67728],[-74.00246,40.67724],[-74.00233,40.67706],[-74.00224,40.67694],[-74.00206,40.67669]]}},{"type":"Feature","properties":{"c":2,"s":"seg_10767156880_10767156881"},"geometry":{"type":"LineString","coordinates":[[-73.97423,40.58722],[-73.9742,40.58787],[-73.9742,40.58795]]}},{"type":"Feature","properties":{"c":2,"s":"seg_10767156880_10767156881"},"geometry":{"type":"LineString","coordinates":[[-73.97428,40.58652],[-73.97426,40.5868],[-73.97423,40.58722]]}},{"type":"Feature","properties":{"c":2,"s":"seg_42484216_7712107371"},"geometry":{"type":"LineString","coordinates":[[-73.93148,40.71423],[-73.93165,40.71422],[-73.93171,40.71422],[-73.93178,40.71422],[-73.93208,40.71428],[-73.9324,40.71434]]}},{"type":"Feature","properties":{"c":1,"s":"seg_598043784_598043787"},"geometry":{"type":"LineString","coordinates":[[-73.99059,40.69619],[-73.99023,40.69617],[-73.99017,40.69617],[-73.99006,40.69617]]}},{"type":"Feature","properties":{"c":1,"s":"seg_9258552694_9258589444"},"geometry":{"type":"LineString","coordinates":[[-73.94766,40.63285],[-73.94784,40.63303],[-73.9479,40.63307],[-73.94864,40.63375],[-73.94868,40.63378],[-73.94885,40.63395]]}},{"type":"Feature","properties":{"c":2,"s":"seg_42526068_42526066"},"geometry":{"type":"LineString","coordinates":[[-73.95111,40.63608],[-73.95092,40.63621],[-73.95115,40.63835],[-73.95116,40.63843]]}},{"type":"Feature","properties":{"c":1,"s":"seg_9258552694_9258589444"},"geometry":{"type":"LineString","coordinates":[[-73.94945,40.63451],[-73.94939,40.63445],[-73.94934,40.63441],[-73.94921,40.63428],[-73.94917,40.63425],[-73.94901,40.6341],[-73.94885,40.63395]]}},{"type":"Feature","properties":{"c":2,"s":"seg_42460864_42460867"},"geometry":{"type":"LineString","coordinates":[[-73.97272,40.65111],[-73.97275,40.65099],[-73.97283,40.6509],[-73.97284,40.65089],[-73.97288,40.65087],[-73.97291,40.65085],[-73.97305,40.65079],[-73.97452,40.65022]]}},{"type":"Feature","properties":{"c":2,"s":"seg_8400869517_9387171045"},"geometry":{"type":"LineString","coordinates":[[-73.97356,40.57483],[-73.97336,40.57479]]}},{"type":"Feature","properties":{"c":2,"s":"seg_1167470882_9391176018"},"geometry":{"type":"LineString","coordinates":[[-73.97336,40.57479],[-73.97329,40.57471],[-73.97277,40.57462],[-73.97245,40.57457],[-73.9721,40.57453],[-73.97176,40.57451],[-73.97141,40.5745],[-73.97123,40.57449],[-73.97104,40.5745],[-73.97087,40.57451],[-73.97069,40.57452],[-73.97052,40.57454],[-73.97036,40.57457],[-73.97019,40.5746],[-73.97003,40.57464],[-73.96974,40.57472],[-73.96947,40.5748]]}},{"type":"Feature","properties":{"c":2,"s":"seg_42469437_42469447"},"geometry":{"type":"LineString","coordinates":[[-73.96851,40.71079],[-73.96849,40.71086]]}},{"type":"Feature","properties":{"c":2,"s":"seg_42505380_9990599496"},"geometry":{"type":"LineString","coordinates":[[-73.96851,40.71079],[-73.96843,40.71078],[-73.96767,40.7107]]}},{"type":"Feature","properties":{"c":3,"s":"seg_2356694563_42480221"},"geometry":{"type":"LineString","coordinates":[[-73.96824,40.57637],[-73.96822,40.57645],[-73.96812,40.5769],[-73.96795,40.57764],[-73.96784,40.57809],[-73.96779,40.57832],[-73.96778,40.57836],[-73.96777,40.57843]]}},{"type":"Feature","properties":{"c":3,"s":"seg_7964524502_1257569840"},"geometry":{"type":"LineString","coordinates":[[-73.89988,40.62721],[-73.89978,40.62728],[-73.89972,40.62732],[-73.89962,40.62737]]}},{"type":"Feature","properties":{"c":2,"s":"seg_42467702_10694159060"},"geometry":{"type":"LineString","coordinates":[[-73.92078,40.65842],[-73.92086,40.6582],[-73.92089,40.65812]]}},{"type":"Feature","properties":{"c":1,"s":"seg_42477890_42517070"},"geometry":{"type":"LineString","coordinates":[[-73.93115,40.69744],[-73.9298,40.69759]]}},{"type":"Feature","properties":{"c":2,"s":"seg_42465789_42465785"},"geometry":{"type":"LineString","coordinates":[[-74.02076,40.64143],[-74.02054,40.64165],[-74.02038,40.64181],[-74.0203,40.64189],[-74.02024,40.64195]]}},{"type":"Feature","properties":{"c":2,"s":"seg_42493127_42530659"},"geometry":{"type":"LineString","coordinates":[[-73.93185,40.63097],[-73.93204,40.6308]]}},{"type":"Feature","properties":{"c":1,"s":"seg_598043784_598043787"},"geometry":{"type":"LineString","coordinates":[[-73.99122,40.6962],[-73.99111,40.69621]]}},{"type":"Feature","properties":{"c":2,"s":"seg_42475193_42927436"},"geometry":{"type":"LineString","coordinates":[[-73.89748,40.67972],[-73.89723,40.67974],[-73.89705,40.67976],[-73.89682,40.67979],[-73.89666,40.67982],[-73.89661,40.67983],[-73.89655,40.67984],[-73.8965,40.67986],[-73.89643,40.67988],[-73.89637,40.6799],[-73.89632,40.67994],[-73.89625,40.67998],[-73.8962,40.68002],[-73.89615,40.68007],[-73.89611,40.68012],[-73.89608,40.68015],[-73.89591,40.68039],[-73.8958,40.68053]]}},{"type":"Feature","properties":{"c":2,"s":"seg_42505380_9990599496"},"geometry":{"type":"LineString","coordinates":[[-73.96386,40.71035],[-73.96398,40.71036],[-73.96443,40.71041],[-73.9654,40.71051],[-73.96548,40.71052]]}},{"type":"Feature","properties":{"c":2,"s":"seg_42505380_9990599496"},"geometry":{"type":"LineString","coordinates":[[-73.96388,40.71027],[-73.9638,40.71026],[-73.96351,40.71025],[-73.9633,40.71024]]}},{"type":"Feature","properties":{"c":2,"s":"seg_42469437_42469447"},"geometry":{"type":"LineString","coordinates":[[-73.9658,40.70317],[-73.96586,40.70323]]}},{"type":"Feature","properties":{"c":2,"s":"seg_42469437_42469447"},"geometry":{"type":"LineString","coordinates":[[-73.96584,40.70314],[-73.96576,40.70307],[-73.96552,40.70288],[-73.96545,40.70282],[-73.96388,40.70155]]}},{"type":"Feature","properties":{"c":2,"s":"seg_42491856_42511753"},"geometry":{"type":"LineString","coordinates":[[-73.93492,40.62455],[-73.93552,40.62403],[-73.93558,40.62398]]}},{"type":"Feature","properties":{"c":1,"s":"seg_42491856_42511753"},"geometry":{"type":"LineString","coordinates":[[-73.93499,40.62433],[-73.93428,40.62495]]}},{"type":"Feature","properties":{"c":2,"s":"seg_42493127_42530659"},"geometry":{"type":"LineString","coordinates":[[-73.93393,40.62507],[-73.93354,40.62539],[-73.9334,40.62552],[-73.93339,40.62553],[-73.9333,40.62561]]}},{"type":"Feature","properties":{"c":3,"s":"seg_42475790_3765548237"},"geometry":{"type":"LineString","coordinates":[[-74.00757,40.67493],[-74.00742,40.67523],[-74.00721,40.67567]]}},{"type":"Feature","properties":{"c":3,"s":"seg_42475790_3765548237"},"geometry":{"type":"LineString","coordinates":[[-74.00699,40.67614],[-74.00709,40.67603],[-74.00713,40.67595],[-74.00714,40.67592],[-74.0072,40.67577],[-74.00721,40.67567]]}},{"type":"Feature","properties":{"c":2,"s":"seg_42469437_42469447"},"geometry":{"type":"LineString","coordinates":[[-73.96219,40.70018],[-73.96192,40.70002],[-73.96166,40.69985]]}},{"type":"Feature","properties":{"c":2,"s":"seg_42469437_42469447"},"geometry":{"type":"LineString","coordinates":[[-73.96166,40.69985],[-73.96147,40.69972],[-73.96114,40.69951],[-73.96103,40.69949]]}},{"type":"Feature","properties":{"c":2,"s":"seg_452384729_10592452881"},"geometry":{"type":"LineString","coordinates":[[-73.86507,40.65395],[-73.86526,40.65389],[-73.86553,40.65378],[-73.86563,40.65374],[-73.86573,40.65368],[-73.86582,40.65364],[-73.86593,40.65357],[-73.86602,40.65351],[-73.86604,40.6535],[-73.86615,40.65342],[-73.86624,40.65335],[-73.86662,40.65306],[-73.86676,40.65296]]}},{"type":"Feature","properties":{"c":1,"s":"seg_452241915_10593324590"},"geometry":{"type":"LineString","coordinates":[[-73.90727,40.59604],[-73.90763,40.59636],[-73.90806,40.59675]]}},{"type":"Feature","properties":{"c":1,"s":"seg_8096265649_452241495"},"geometry":{"type":"LineString","coordinates":[[-73.90482,40.59371],[-73.90463,40.59353],[-73.90457,40.59348],[-73.90432,40.59325],[-73.90345,40.59247],[-73.90314,40.59215],[-73.90279,40.59177],[-73.90255,40.59152],[-73.90224,40.59125],[-73.90222,40.59122],[-73.90107,40.59016],[-73.901,40.5901],[-73.90095,40.59006],[-73.89931,40.58857],[-73.89881,40.58812],[-73.89878,40.5881]]}},{"type":"Feature","properties":{"c":2,"s":"seg_42493581_42530731"},"geometry":{"type":"LineString","coordinates":[[-73.92579,40.64083],[-73.9258,40.64075],[-73.92587,40.64038],[-73.92593,40.64009],[-73.92595,40.64]]}},{"type":"Feature","properties":{"c":1,"s":"seg_42493581_42530731"},"geometry":{"type":"LineString","coordinates":[[-73.92558,40.64114],[-73.92562,40.64093]]}},{"type":"Feature","properties":{"c":2,"s":"seg_42493581_42530731"},"geometry":{"type":"LineString","coordinates":[[-73.9254,40.64122],[-73.92534,40.64159]]}},{"type":"Feature","properties":{"c":2,"s":"seg_42467702_10694159060"},"geometry":{"type":"LineString","coordinates":[[-73.92496,40.64546],[-73.92497,40.6454],[-73.92509,40.64483],[-73.9251,40.64473]]}},{"type":"Feature","properties":{"c":2,"s":"seg_42467702_10694159060"},"geometry":{"type":"LineString","coordinates":[[-73.92462,40.6474],[-73.92474,40.64673],[-73.92476,40.64663]]}},{"type":"Feature","properties":{"c":2,"s":"seg_42491856_42511753"},"geometry":{"type":"LineString","coordinates":[[-73.93554,40.62338],[-73.9354,40.62371],[-73.93537,40.62379]]}},{"type":"Feature","properties":{"c":2,"s":"seg_42491856_42511753"},"geometry":{"type":"LineString","coordinates":[[-73.93585,40.62338],[-73.93605,40.62293],[-73.93614,40.62284],[-73.93649,40.62262],[-73.9366,40.62256],[-73.93673,40.62249]]}},{"type":"Feature","properties":{"c":2,"s":"seg_42493127_42530659"},"geometry":{"type":"LineString","coordinates":[[-73.93277,40.62865],[-73.9327,40.62797],[-73.93269,40.62787]]}},{"type":"Feature","properties":{"c":2,"s":"seg_42493127_42530659"},"geometry":{"type":"LineString","coordinates":[[-73.93034,40.63205],[-73.93025,40.63214]]}},{"type":"Feature","properties":{"c":2,"s":"seg_3611735243_13185917109"},"geometry":{"type":"LineString","coordinates":[[-73.92771,40.63474],[-73.92758,40.63488]]}},{"type":"Feature","properties":{"c":2,"s":"seg_42489678_42520476"},"geometry":{"type":"LineString","coordinates":[[-73.95169,40.6114],[-73.95178,40.61137],[-73.95201,40.61131],[-73.95208,40.61122]]}},{"type":"Feature","properties":{"c":2,"s":"seg_42467702_10694159060"},"geometry":{"type":"LineString","coordinates":[[-73.92419,40.64936],[-73.92431,40.64911]]}},{"type":"Feature","properties":{"c":2,"s":"seg_42467702_10694159060"},"geometry":{"type":"LineString","coordinates":[[-73.92461,40.64569],[-73.92453,40.64616],[-73.92446,40.64653],[-73.92445,40.64658],[-73.92444,40.64665]]}},{"type":"Feature","properties":{"c":2,"s":"seg_42467702_10694159060"},"geometry":{"type":"LineString","coordinates":[[-73.92526,40.6439],[-73.92531,40.64361]]}},{"type":"Feature","properties":{"c":2,"s":"seg_10767156880_10767156881"},"geometry":{"type":"LineString","coordinates":[[-73.97465,40.58313],[-73.97465,40.58308],[-73.97464,40.58303]]}},{"type":"Feature","properties":{"c":2,"s":"seg_10767156880_10767156881"},"geometry":{"type":"LineString","coordinates":[[-73.97437,40.58795],[-73.97438,40.58785],[-73.97439,40.58759],[-73.97441,40.58722],[-73.97449,40.58575]]}},{"type":"Feature","properties":{"c":2,"s":"seg_10767156880_10767156881"},"geometry":{"type":"LineString","coordinates":[[-73.97449,40.58575],[-73.9745,40.58567],[-73.97453,40.58503],[-73.97465,40.58313]]}},{"type":"Feature","properties":{"c":2,"s":"seg_10767156880_10767156881"},"geometry":{"type":"LineString","coordinates":[[-73.97464,40.58303],[-73.97462,40.58281],[-73.97466,40.58249]]}},{"type":"Feature","properties":{"c":2,"s":"seg_10767156880_10767156881"},"geometry":{"type":"LineString","coordinates":[[-73.97466,40.58249],[-73.97467,40.58246],[-73.9747,40.58242],[-73.97507,40.58201],[-73.97552,40.58166],[-73.97597,40.58132],[-73.97606,40.58123],[-73.97612,40.58115],[-73.97616,40.58106],[-73.97618,40.581],[-73.9762,40.58093],[-73.97623,40.58041],[-73.97628,40.57995],[-73.97628,40.57987]]}},{"type":"Feature","properties":{"c":3,"s":"seg_42489210_42528437"},"geometry":{"type":"LineString","coordinates":[[-73.9507,40.61125],[-73.95063,40.61126],[-73.94987,40.61136],[-73.94978,40.61138]]}},{"type":"Feature","properties":{"c":1,"s":"seg_42465230_4207763060"},"geometry":{"type":"LineString","coordinates":[[-73.97595,40.68358],[-73.97609,40.68361],[-73.9762,40.68365],[-73.97666,40.68375]]}},{"type":"Feature","properties":{"c":2,"s":"seg_42469478_42469485"},"geometry":{"type":"LineString","coordinates":[[-73.96676,40.71473],[-73.96642,40.71548],[-73.9664,40.71552]]}},{"type":"Feature","properties":{"c":0,"s":"seg_598043784_598043787"},"geometry":{"type":"LineString","coordinates":[[-73.98859,40.69611],[-73.9885,40.69611],[-73.98808,40.69609],[-73.98779,40.69608],[-73.98724,40.69606],[-73.98711,40.69606]]}},{"type":"Feature","properties":{"c":1,"s":"seg_452382143_4335349964"},"geometry":{"type":"LineString","coordinates":[[-73.88021,40.64635],[-73.88019,40.64633],[-73.88,40.64617],[-73.87994,40.64611]]}},{"type":"Feature","properties":{"c":2,"s":"seg_6463799134_42505118"},"geometry":{"type":"LineString","coordinates":[[-73.87168,40.66653],[-73.87168,40.66645],[-73.87164,40.66637],[-73.87154,40.66624],[-73.87071,40.66512],[-73.87064,40.66503]]}},{"type":"Feature","properties":{"c":2,"s":"seg_1942055203_1942055159"},"geometry":{"type":"LineString","coordinates":[[-73.87186,40.66651],[-73.87172,40.66658]]}},{"type":"Feature","properties":{"c":1,"s":"seg_12726268810_3527276336"},"geometry":{"type":"LineString","coordinates":[[-73.9263,40.61301],[-73.92619,40.61291],[-73.9261,40.61282],[-73.92543,40.61222],[-73.92529,40.6121],[-73.92525,40.61206],[-73.92508,40.6119],[-73.92506,40.61189],[-73.925,40.61184],[-73.92488,40.61173],[-73.92468,40.61155],[-73.92457,40.61146],[-73.9245,40.61139]]}},{"type":"Feature","properties":{"c":1,"s":"seg_12726268810_3527276336"},"geometry":{"type":"LineString","coordinates":[[-73.92612,40.61304],[-73.9262,40.61311],[-73.92631,40.61319]]}},{"type":"Feature","properties":{"c":1,"s":"seg_12726268810_3527276336"},"geometry":{"type":"LineString","coordinates":[[-73.92631,40.61319],[-73.92648,40.61331],[-73.92665,40.61339]]}},{"type":"Feature","properties":{"c":2,"s":"seg_2356694563_42480221"},"geometry":{"type":"LineString","coordinates":[[-73.96711,40.58261],[-73.9671,40.58255]]}},{"type":"Feature","properties":{"c":2,"s":"seg_2356694563_42480221"},"geometry":{"type":"LineString","coordinates":[[-73.96707,40.5826],[-73.96694,40.58285],[-73.96682,40.58328],[-73.96689,40.58336]]}},{"type":"Feature","properties":{"c":1,"s":"seg_2356694563_42480221"},"geometry":{"type":"LineString","coordinates":[[-73.9664,40.58532],[-73.96635,40.58562],[-73.96631,40.58577],[-73.96633,40.5859]]}},{"type":"Feature","properties":{"c":2,"s":"seg_42476536_42476545"},"geometry":{"type":"LineString","coordinates":[[-73.95003,40.7168],[-73.95074,40.71632],[-73.95117,40.71603]]}},{"type":"Feature","properties":{"c":0,"s":"seg_1942054630_1942054285"},"geometry":{"type":"LineString","coordinates":[[-73.90514,40.65507],[-73.90548,40.65501]]}},{"type":"Feature","properties":{"c":2,"s":"seg_1942054630_1942054285"},"geometry":{"type":"LineString","coordinates":[[-73.90448,40.65526],[-73.9051,40.65517]]}},{"type":"Feature","properties":{"c":2,"s":"seg_42467702_10694159060"},"geometry":{"type":"LineString","coordinates":[[-73.92431,40.64736],[-73.92425,40.6477]]}},{"type":"Feature","properties":{"c":2,"s":"seg_42469437_42469447"},"geometry":{"type":"LineString","coordinates":[[-73.96591,40.7032],[-73.96584,40.70314]]}},{"type":"Feature","properties":{"c":2,"s":"seg_6463799134_42505118"},"geometry":{"type":"LineString","coordinates":[[-73.87051,40.66504],[-73.87059,40.66515],[-73.87122,40.66602],[-73.87155,40.66645],[-73.87168,40.66653]]}},{"type":"Feature","properties":{"c":0,"s":"seg_1942053988_13064953417"},"geometry":{"type":"LineString","coordinates":[[-73.91237,40.6542],[-73.91252,40.6542]]}},{"type":"Feature","properties":{"c":0,"s":"seg_1942053988_13064953417"},"geometry":{"type":"LineString","coordinates":[[-73.91221,40.65406],[-73.91203,40.65406],[-73.91187,40.65407],[-73.91164,40.65407],[-73.91119,40.65409],[-73.91084,40.6541],[-73.91081,40.6541],[-73.91067,40.65412]]}},{"type":"Feature","properties":{"c":2,"s":"seg_1942053988_13064953417"},"geometry":{"type":"LineString","coordinates":[[-73.91208,40.65397],[-73.91193,40.65397],[-73.91182,40.65397],[-73.91081,40.654],[-73.91078,40.654],[-73.91063,40.65401]]}},{"type":"Feature","properties":{"c":2,"s":"seg_42460776_42487360"},"geometry":{"type":"LineString","coordinates":[[-74.01976,40.62468],[-74.01998,40.62441],[-74.02002,40.62435],[-74.02008,40.62428]]}},{"type":"Feature","properties":{"c":2,"s":"seg_42478154_598227835"},"geometry":{"type":"LineString","coordinates":[[-73.99835,40.67109],[-73.9978,40.67016]]}},{"type":"Feature","properties":{"c":2,"s":"seg_3611735243_13185917109"},"geometry":{"type":"LineString","coordinates":[[-73.92613,40.63782],[-73.92622,40.63772],[-73.92627,40.63764],[-73.92633,40.63751],[-73.92652,40.63692],[-73.92662,40.63664],[-73.92699,40.63609],[-73.92703,40.63603],[-73.92706,40.63599],[-73.92712,40.63591],[-73.92759,40.63534],[-73.92767,40.63525]]}}]}